zeit,trader,art,symbol,mint,minuten_seit_kauf,preis_sol,vielfaches,wert_sol,liquiditaet,holder,top10_pct,dev_pct,netto_kaeufer_5m,verkaeufe_5m
2026-10-08 00:00:17,Loopierr,offen,GARP,FKPdKiZBYMU2MwHXKjyhgV6ozSh2APzvvr3ZBwFCfSHo,10804.0,2.52431504762e-08,0.0397,0.007932,523,145,7.95,0.00,0,0
2026-10-08 00:00:17,6ANG,offen,OpenSI,5ptkVdbpaPpEJPPVXE5CpJNCXEmAidyot5TQcDDawMzm,10531.6,3.79190220813e-07,0.9202,0.707970,10022,1192,22.36,0.00,0,1
2026-10-08 00:00:17,6ANG,offen,ANT,BTZK1B3pCoBDD1vy5e4bDBM4bwvvhkKUMTuKABkGWwGp,8592.6,3.39042449142e-07,0.8791,0.527449,9385,93,27.37,0.00,0,0
2026-10-08 00:00:17,6ANG,offen,ANTHROPIG,25DeVAVF86uAd2wcFewp7F1s6gjZei88Mj4xBzg3AP94,8592.4,1.09524107411e-07,0.4492,0.179696,5090,68,31.14,0.00,0,0
2026-10-08 00:00:17,6ANG,offen,STAR,StargWr5r6r8gZSjmEKGZ1dmvKWkj79r2z1xqjFstar,305.9,1.88393202495e-05,0.8476,0.169519,98572,899,54.00,0.00,0,0
2026-10-08 00:00:17,9LXM,offen,SGI,FcZcFjfNPJR9rycZS1FwkiEgQTW7ZWRjdSaBdJ6M9ha6,10386.6,6.23818063031e-08,0.0410,0.016382,4250,328,21.84,0.00,0,0
2026-10-08 00:00:17,HEBO,offen,SGI,FcZcFjfNPJR9rycZS1FwkiEgQTW7ZWRjdSaBdJ6M9ha6,10824.6,6.23818063031e-08,0.0526,0.060370,4250,328,21.84,0.00,0,0
2026-10-08 00:00:17,HEBO,offen,goon,HSUMi4rMgjrx7zRUabw3ogGu1pa5hmF2eVcXj9Apump,10618.6,6.59843525509e-07,0.8080,0.582142,16704,2874,18.28,0.00,3,1
2026-10-08 00:00:17,HEBO,offen,Tico,35ccP7zmf4THJsDn3UtozYcWm1U8nzhyHcTgK3ETpump,10553.3,3.35065902199e-08,0.5602,0.112050,3890,29,7.17,0.00,0,0
2026-10-08 00:00:17,HEBO,offen,SGI,Cb2pMbsRRvaeZoxpRqnTP6k6hLziSUf5pnqW9Jx5T3Wz,7965.0,1.44616727554e-07,0.3833,0.536661,7162,437,25.19,0.00,0,0
2026-10-08 00:00:17,HEBO,offen,ArmyX,F7y94q8QvGKNCrGt6E5pgQ7ABBkQK4QkqEBGs9Y5ZFFk,7940.5,3.41308243067e-08,0.1274,0.101911,3267,61,15.77,0.00,0,0
2026-10-08 00:00:17,HEBO,offen,ZUCKS,2eBJvNnn7guSjX1yuE7seuDY9pveDiHkfoyeBh2WZroS,7674.8,2.18678416156e-08,0.3344,0.048156,2368,30,7.97,0.00,0,0
2026-10-08 00:00:17,HEBO,offen,TRUMPTV,34w4t74EsbJyBBSyYBFyNo65Ft7Ax8BF3HrubL1mwbpL,7580.0,2.01788019306e-08,0.1547,0.030940,2246,92,5.45,0.00,0,0
2026-10-08 00:00:17,HEBO,offen,pill,DvdmEnztCmXwBnAbedD48XVGZJSxq31zNvnyftXdpump,6516.0,1.24479725439e-05,0.7107,1.847741,219643,5500,20.83,0.00,2,9
2026-10-08 00:00:17,HEBO,offen,PUMPCAT,G4vqe8KAcRGTb7Kc55n9sz43aR4ugTPdSeUnAXZhpump,6515.7,3.08384158094e-06,1.4620,0.292390,48607,1412,24.54,0.00,0,1
2026-10-08 00:00:17,HEBO,offen,CUPTOBER,EKgswaMnRSJHmyFZCbxscTAjiR2bH1oLXsftepUGsPtz,6352.6,4.85774044449e-08,0.5905,0.236211,5206,26,12.93,0.00,0,0
2026-10-08 00:00:17,HEBO,offen,Scronkfinkle,DaUFkgZjwJCsM9QDWCsxtZS2omgHS3Fn9GHgTX5wwpcX,5090.3,3.8686265052e-08,0.3806,0.228366,1035,98,19.39,0.00,0,0
2026-10-08 00:00:17,HEBO,offen,Eagle,E3pWKtfQk6LLZpRWVTjJwrMY4vFa9umLYDPxWJtZSTNK,5066.8,2.60318117781e-08,0.1375,0.124588,2748,75,12.69,0.00,0,0
2026-10-08 00:00:17,HEBO,offen,Inu,83LFceyzRNNRUThm4VzHx4jmVuf6xAggSp2UvhQx52Dy,4713.7,2.50889831026e-08,0.1445,0.028908,2522,118,11.76,0.00,0,0
2026-10-08 00:00:17,HEBO,offen,Caviar,F7ktJWjMtubD8zwv5xMb35g5hPTvGQSDMS8UGcwXpump,4446.1,1.02733207802e-07,0.6551,0.262038,3083,84,29.59,0.00,0,0
2026-10-08 00:00:17,HEBO,offen,TIT,3KM7dvpUk2Wm8qdXtZpBJHgic4bAaz1MTDHvUEjKpump,4420.7,2.25089767561e-07,0.5284,0.422723,6374,131,26.81,0.00,0,0
2026-10-08 00:00:17,HEBO,offen,MIM,6bJtwhtvzkthAYszQ3ZWkFJzSvbGSkbAz9yPcSiXaGK6,4420.1,1.44744499005e-07,1.1446,0.228913,4719,188,26.51,0.00,0,0
2026-10-08 00:00:17,HEBO,offen,Taste,93FWFR63nwQcq5zuXNmTits5BYcKFjmUZzccMvhmpump,4419.7,1.20730863527e-07,1.3451,0.538028,9853,38,23.38,0.00,0,0
2026-10-08 00:00:17,HEBO,offen,GPH,H1hFymzkRE7CAdxEuBWYknvsTCgoDXAqPKFU94iPpump,4414.0,4.57764280278e-08,0.8663,0.173259,867,69,10.72,0.00,0,0
2026-10-08 00:00:17,HEBO,offen,TIT,Ar3QBegnCQr6ZFyN9h637ar9JCxZRvdboiR1QzMrpump,3407.8,1.01923822489e-07,0.3066,0.429299,3168,273,36.22,0.00,0,0
2026-10-08 00:00:17,HEBO,offen,AVERY,8QFGVLXehnTv28eMdXZkhY5d84SVF58LAfRGx8zWpH9b,3344.7,3.46743662248e-08,0.1936,0.038715,3097,227,19.30,0.00,0,0
2026-10-08 00:00:17,HEBO,offen,APU,HoCeDUrd5BqfYmaRk2eiUpzshEvpwfYpgrJ4YKFCpump,2143.5,1.14243134575e-07,0.6382,0.127635,4111,257,25.32,0.00,0,0
2026-10-08 00:00:17,HEBO,offen,APU,E7eCZS2cq655qJ7uVx3dSHR2zK31kwNQsWS6P6Hpump,2143.3,1.64099297143e-06,2.5645,2.051622,18795,453,26.13,0.00,1,6
2026-10-08 00:00:17,HEBO,offen,COCKROACH,H4KUxsEgCp2yDpFvyDuGM5k6XevSKKrrKUxZ3Zr6nyJc,2138.5,8.80819256229e-06,1.3009,2.341670,83209,3408,18.67,0.00,3,8
2026-10-08 00:00:17,HEBO,offen,MDOG,F5zC2QoP6j2erxNyf4z6iNCi6X6AkburMC2Xofhxpump,1917.8,7.85343365144e-08,0.9209,0.184175,3252,1646,17.78,0.00,0,0
2026-10-08 00:00:17,HEBO,offen,SI,8ALHRuN5q4MHRaKPdiXi7cHyVWicZVwQx2TBTCH8GZ4h,1673.2,1.03594676154e-07,0.9782,0.195647,3141,56,22.59,0.00,0,0
2026-10-08 00:00:17,HEBO,offen,PHASEONE,GfawjB4Fxz389kECjrrnsdS8MKb9hMgALonJddGQasHL,539.0,3.56217114622e-08,0.6059,0.121176,905,90,20.69,0.00,0,0
2026-10-08 00:00:17,HEBO,offen,TITS,GLsHzxjtktCKzAA8LEEfXJ5UF2Jdsj161e5Duh3tkzga,525.7,5.26468238072e-08,0.9694,0.193885,1828,521,23.03,0.00,0,0
2026-10-08 00:00:17,HEBO,offen,AI,4AvWfTKcEFqwRjxBnoyWRY7wF7UV9cqH3492UFKHpump,502.0,4.08692899366e-08,0.5934,0.118670,1198,67,16.73,0.00,0,0
2026-10-08 00:00:17,HEBO,offen,INSTADOCS,AMj8gG4mXckBoaT5mGQDwriKUqJtEApNg2CuXw6Ypump,501.8,5.26201486031e-08,1.0974,0.219472,1588,23,19.72,0.00,0,0
2026-10-08 00:00:17,Troupe,offen,PUMP,pumpCmXqMfrsAkQ5r49WcJnRayYRqmXz6ae8H7H9Dfn,8743.1,5.36885298104e-05,1.1074,0.010013,43436043,315534,59.33,0.00,61,256
2026-10-08 00:00:17,Troupe,offen,homo,42AtRP5d3ySBj9iveMYeD23kkmN3HEZFwUzs1YKvkPA9,7090.6,2.14480111381e-08,0.0577,0.010111,256,145,3.18,0.00,0,0
2026-10-08 00:00:17,Troupe,offen,PUMPE,9fJAWKQpkY93hfuZxrHfh5wEh2AV9vjkWNQfzfbziHd2,6963.8,7.37364746641e-06,0.2668,0.320209,53598,2295,18.17,0.80,1,2
2026-10-08 00:00:17,Troupe,offen,HOLD,6REnZgtxhwdSAHczAp4J5PRsGQYQt7T3x4kEDyfs9U7y,6920.8,2.88924347982e-08,0.0166,0.003327,775,479,9.51,0.00,0,0
2026-10-08 00:00:17,Troupe,offen,THICC,3QEbHMK6ceYevtaCdLmBQMJgcPb9PJQpgyFBP6f6x6Rg,4265.4,1.33272232753e-08,0.0620,0.012395,1486,8,4.02,0.00,0,0
2026-10-08 00:00:17,Troupe,offen,CLAUSE,EWKyN7QHfJo41ikKqpo8R5gwEvryytKo9Vf7NF39U1GC,3089.1,1.8348428639e-08,0.0753,0.015068,2092,25,2.31,0.00,0,0
2026-10-08 00:00:17,Troupe,offen,TESTla,TESZBZpTRGUDriZQg72kYre1Vozyp2de7Z6o5JUtdRA,1435.9,0,0.0000,0.000000,6,41,3.55,0.04,0,0
2026-10-08 00:00:17,4DOV,offen,BOT,Aaan4fxwhKtUUPg2GSKq6natLV9oj9QQNf5xT4UE2gXr,8390.1,3.12258508979e-08,0.0367,0.007331,858,318,15.16,0.00,0,1
2026-10-08 00:00:17,4DOV,offen,PUDU,8HQgEcbhR5Xoh735zvndAocCLd7wdAYJfWHV55J8pump,6941.2,2.7563748059e-08,0.0131,0.005230,608,423,12.75,0.00,0,0
2026-10-08 00:00:17,4DOV,offen,Aiden,9dSMwFfPezQ8WPcW1uZV7ns4rcviEj2LssSAg75WBLXd,5502.0,4.57612241285e-07,0.0325,0.014638,12005,3150,17.06,0.00,0,2
2026-10-08 00:00:17,4DOV,offen,SPLICE,7bC8ugu1ZJn21MhA4ht483nX8brLNesa8R7XLimpFyhq,4745.5,7.36462482126e-07,0.0466,0.027936,16809,2704,23.24,0.03,5,4
2026-10-08 00:00:17,4DOV,offen,Ash,4jxyespUyvDxg1cN1NMCWErHGGyPrBdEzPiDobLBmttL,4427.8,4.00914283252e-08,0.1002,0.020033,1049,21,2.44,0.00,0,0
2026-10-08 00:00:17,4DOV,offen,www,GAwhcphCqCv5bKHmCiN4VDdNWfbXJL4npmkc8L3Q9S9H,4277.2,1.21448440239e-06,0.1162,0.046490,33270,6448,18.23,0.00,4,8
2026-10-08 00:00:17,4DOV,offen,ACTII,DYjM6f2R34Qp4jPE73HsdEVZwwcQFCsokpNYCqBUpump,4205.0,2.25518196528e-07,0.0427,0.012797,6360,1101,26.91,0.00,0,1
2026-10-08 00:00:17,4DOV,offen,BANANA,G7JkKqGb69cCWC2XkDXc8LG8qbifTkCKpsAcr6kApump,4088.8,3.2534794533e-08,0.0311,0.006229,825,192,18.37,0.00,0,0
2026-10-08 00:00:17,4DOV,offen,JITI,6YuVyHbjdwxiH1CLCSusP9yjXmsVvQfcTbSSPcFuXDew,3527.8,4.97087169741e-08,0.0421,0.008427,2028,803,19.87,0.00,0,0
2026-10-08 00:00:17,4DOV,offen,QINU,4unydQjvYdqR31pkuBYGu2nGst8r8j5XMW8KXRXtpump,3291.4,3.0813780297e-08,0.0185,0.007402,907,531,11.24,1.06,0,0
2026-10-08 00:00:17,4DOV,offen,NOLLA,CXw5hY3BMi87DTa99ekZgwxuvu7pQ2FUQVecs3SvJLD9,3111.6,2.95544305027e-08,0.0264,0.005288,726,326,15.30,0.00,0,0
2026-10-08 00:00:17,4DOV,offen,TRANNIE,BvLqum9qd4TWQ1c9WPmLYMvxxzoXUjsFycVffvjyq16,3030.7,2.639813304e-08,0.1128,0.022564,482,118,12.72,0.00,0,0
2026-10-08 00:00:17,4DOV,offen,OTC,MukLDtJ8Cx9DxLbeyLRSWPSposTMWuwHANbuaudpump,2578.1,6.96529527771e-05,0.6535,0.015023,486062,18723,25.82,0.00,2,13
2026-10-08 00:00:17,4DOV,offen,TRADE,Euz6EjyubNjJmCkahGEfCXmnCwNVLunxc1LZWsmV3wKf,1601.4,3.02045127294e-08,0.0242,0.009664,767,196,16.45,0.00,0,0
2026-10-08 00:00:17,4DOV,offen,AUTON,39ahtL8ynzE4amH26J29C93PA5172V3ft9UuUcqQS8fz,1262.1,2.25481192886e-05,0.4529,0.362287,367550,6806,14.56,0.00,20,30
2026-10-08 00:00:17,4DOV,offen,Human,8nPoBHiBM6pybxMws9PA2JRb9BjkppBfqcZGmot4DMBC,430.2,2.76193460366e-06,0.6496,0.008854,49490,5775,23.47,0.00,2,14
2026-10-08 00:00:17,4DOV,offen,HSM,2856wfnQ27LH23yKeFHJ4XQpQ2bsw4sen8RqyW5Wpump,287.0,1.41013615449e-07,0.3105,0.124196,4422,768,19.92,0.00,2,1
2026-10-08 00:00:17,4DOV,offen,SHITCOIN,5VEUV7a2KUjnb5a3yZ7KsPSgrLrfRtX5jEjHDXKNbY1T,32.0,5.49591561614e-06,0.8045,0.160893,43907,2074,22.68,0.00,67,81
2026-10-08 00:00:17,Cooker,offen,SI,DEW9dSN6QpWyNthphCpMmAbZP1Q4cEKR9xQXAri98WDP,8915.1,0.00020720794044,0.6105,0.366303,1665369,54926,16.61,0.00,8,29
2026-10-08 00:00:17,Cooker,offen,HOOKED,C1mBfBoDkwWfd6uTFZp62ARHLjeVp3bDpCDMfMZtPngE,7461.4,5.05495605728e-05,0.4627,2.128563,782731,11333,20.95,0.00,13,67
2026-10-08 00:00:17,Gake,offen,CURVE,7ioeSgzfSKHMnpgfPpgRFsekMBGiu9oi6t6GeqYtNbbh,9603.9,1.63822324668e-06,0.4735,0.094700,107239,1085,15.61,0.06,0,0
2026-10-08 00:00:17,Gake,offen,SDOG,yFcTuQJCMsd1Asya15GZ7h4KGdxsujRLcUiTWWXpump,9417.3,3.49062724668e-07,0.0468,0.009354,9612,1633,19.45,0.00,4,2
2026-10-08 00:00:17,Gake,offen,OP,5PiBn5JdjJDnRGziiSfsu2affgBR3DyTTCR3CHpcode,9354.6,1.66740615605e-07,0.0459,0.009184,7193,1387,22.64,0.00,0,2
2026-10-08 00:00:17,Gake,offen,PURPS,purpFPo5voy6fEu8jxSCwVdMs1zyYEYAH6FBQvTYCZK,7072.4,2.3458653784e-06,0.8230,0.164597,30581,2252,33.91,0.00,0,0
2026-10-08 00:00:17,Pikalosi,offen,Miu,7LNFZcNigZay5U9e2sq6n2Z4iM8BC2Dd53L14pwvpump,7578.9,4.44481851964e-07,1.0649,0.212990,14528,795,21.45,0.00,0,0
2026-10-08 00:00:17,Dior,offen,OTC,MukLDtJ8Cx9DxLbeyLRSWPSposTMWuwHANbuaudpump,7904.8,6.96529527771e-05,1.0282,4.817564,486062,18723,25.82,0.00,2,13
2026-10-08 00:00:17,Dior,offen,TripleT,J8PSdNP3QewKq2Z1JJJFDMaqF7KcaiJhR7gbr5KZpump,7032.9,5.8259727308e-05,0.9402,0.376088,362623,22870,18.94,0.00,2,11
2026-10-08 00:00:17,Dior,offen,Kirkslop,8m5hzX9hprtWwPuVZL4daCZfggWYKc6fhSJDDpiqpump,6712.2,6.40209732207e-07,0.9744,0.584628,14620,397,28.14,0.00,0,0
2026-10-08 00:00:17,Dior,offen,COCKROACH,H4KUxsEgCp2yDpFvyDuGM5k6XevSKKrrKUxZ3Zr6nyJc,3551.4,8.80819256229e-06,0.9762,2.147672,83209,3408,18.67,0.00,3,8
2026-10-08 00:00:17,Dior,offen,CAESAR,8cp1WhUDxTbfX8nDe1kAB1ogPUyQvUSKgzFz365LbQyZ,2521.2,2.40413537782e-07,0.1200,0.335989,8170,1520,19.81,0.00,1,2
2026-10-08 00:00:17,Dior,offen,ClapCat,5BjfgmtfqvNpAWx1CnZynoWLWNMnrwHLhTFzQ81vkEc8,706.4,2.34755324449e-06,0.8587,1.030484,29688,861,26.66,0.00,1,3
2026-10-08 00:00:17,Dior,offen,ART,DEQKHY5YVPFiwcVhoUUE5gnkWj66LVPoPgLHAswqpump,638.7,2.66963328442e-07,0.1420,0.476969,7378,1594,23.53,0.00,2,6
2026-10-08 00:00:17,3zsr,offen,Sapijiju,8Fs2YLsayR4awLB79nMM3QCpG3pqvcAGP7hHb8fX4L2G,7403.9,1.31250275706e-07,1.2247,0.244937,4246,360,28.29,0.00,0,0
2026-10-08 00:00:17,3zsr,offen,EZRA,4qTqqkexQCEP2m8UrDWXACHpA8bEkGxpNJrDPMNcfHKQ,2740.6,3.35870363702e-08,1.0167,0.203349,3889,6,7.67,0.00,0,0
2026-10-08 00:00:17,3zsr,offen,ELONMUSK,5QmEgE9rK3aB1SDi7mK7rXPt2QHe7FRT69zbb2X2iSip,2740.4,3.25257907483e-08,0.9483,0.189665,3775,5,12.21,0.00,0,0
2026-10-08 00:00:17,3zsr,offen,HIGCAT,52sQ5kFhaTD6NsfN4oKreHZAwxrxgUo129ZCG3EBsVhv,2740.2,3.18049283034e-08,0.8974,0.179478,3726,6,6.49,0.00,0,0
2026-10-08 00:00:17,3zsr,offen,GIA,4FuWREkDYG1chHxHfgmUv3AN1iLPUi42Er6UboWUJKwU,2739.8,3.27110858642e-08,0.9165,0.183300,3795,10,9.39,0.00,0,0
2026-10-08 00:00:17,3zsr,offen,Sworddog,2QLpYwa5tzMjGBZWCmu9WHEPTNPH65w7xeFHSU1Hpump,2167.5,3.46345646167e-08,0.8742,0.174845,3910,14,12.90,0.00,0,0
2026-10-08 00:00:17,3zsr,offen,TRUMP,AYLh1Bgthdgego4EBAJQZtzXiQ6b1EbrPWES5V1vjhzV,2052.2,3.33800435842e-08,0.5384,0.053838,720,87,20.40,0.00,0,0
2026-10-08 00:00:17,3zsr,offen,RUGRUN,2VFjLcouktUNWRsZVkdiJ57nmRZR8HTJjKzDkZ3mbN8f,2025.0,3.30388435126e-08,0.9645,0.192896,3866,5,6.69,0.00,0,0
2026-10-08 00:00:17,3zsr,offen,HOUS,4pZQCY4HLpeYyJJ48yu7Z49B4G1Z7B1ZH3YdvVfNqKGn,2024.8,4.10681810204e-08,0.9964,0.199275,4281,15,15.88,0.00,0,0
2026-10-08 00:00:17,C7bF,offen,Plague,3oTRLDrbymWupBmmUuNzRYTJm4cXpHHsmu5Uz3PF5uU3,910.8,3.12317452229e-08,0.4671,0.093411,3690,8,5.62,0.00,0,0
2026-10-08 00:00:17,C7bF,offen,SPSI,ERvSTRZsoEdM79d9Ajb2KMSnM1uPgamW3BoNgj21teCa,384.4,3.88767534637e-08,1.0436,0.208729,467,6,13.47,0.00,0,0
2026-10-08 00:00:17,77n6,offen,Ecat,5RUrbAftnTBptroKfpiJKyGF5v7aGsX9zYzNjSXjpump,2731.2,3.59590923969e-07,0.6437,0.257494,7453,275,25.42,0.57,0,1
2026-10-08 00:00:17,G7b2,offen,si.gov,7CTRbkV1tVuq1f59pRxT1Pb2W5AHG4gM9FMH4rGzKiXv,5205.2,3.02275142559e-06,1.3211,2.642101,28656,2131,12.94,0.00,3,5
2026-10-08 00:00:17,G7b2,offen,GTA6,4kjruqGHDsSqkMdFfCjV7Vb62HPFhtXyWc2t6JpQzDnz,4203.1,4.86365074314e-06,0.9531,0.762485,13797,10683,15.33,0.00,0,1
2026-10-08 00:00:17,G7b2,offen,SXSI,DQysBW79uHzZAWd2ahVQrf89CuSFqVzuNA3ijHbjVJfG,4194.3,1.56205325926e-06,0.6240,0.998447,23886,1228,28.56,0.00,3,5
2026-10-08 00:00:17,G7b2,offen,SI,DEW9dSN6QpWyNthphCpMmAbZP1Q4cEKR9xQXAri98WDP,4155.1,0.00020720794044,0.9041,2.372744,1665369,54926,16.61,0.00,8,29
2026-10-08 00:00:17,G7b2,offen,PLAGUE,CscZaq5twomhUkvCY8Jdd1tge32L4Yj9FbkFFEZQpump,2178.3,4.67093450175e-06,0.2791,0.837282,95297,6718,17.57,0.00,7,14
2026-10-08 00:00:17,7Cn1,offen,SI,DEW9dSN6QpWyNthphCpMmAbZP1Q4cEKR9xQXAri98WDP,3911.2,0.00020720794044,0.7982,0.428682,1665369,54926,16.61,0.00,8,29
2026-10-08 00:00:17,7Cn1,offen,si.gov,7CTRbkV1tVuq1f59pRxT1Pb2W5AHG4gM9FMH4rGzKiXv,3375.7,3.02275142559e-06,1.1084,1.362922,28656,2131,12.94,0.00,3,5
2026-10-08 00:00:17,7Cn1,offen,DARK,7KEPApdbBMByrmqihz3bht2uMhFQcatjfSFQCKq66kH3,215.8,4.29577595958e-05,1.3911,2.225822,672929,5358,12.82,0.02,68,196
2026-10-08 00:00:17,7Cn1,offen,CRAWL,BXoHJddsWJLHtAopeiSbKUSELsu8hSFMs8baGMDkpump,123.3,3.07723239592e-05,0.9842,0.787388,432449,7538,15.49,0.46,46,11
2026-10-08 00:00:17,7Cn1,offen,SpaceXSI,2GYMvnSv37djKecDshE8bYe2sRypcETeAF8G9h6un4J2,96.6,4.25489442295e-06,1.1073,0.221457,50997,2679,12.42,0.00,10,9
2026-10-08 00:00:17,Croco-AC7K,offen,AnyPS5,CWKbSd7jwMXXexP3pbwLAWMzr4HXAXTvt4R9pk2Vyyyc,173.8,4.46987708361e-06,1.2112,0.726714,40989,1819,19.38,0.00,15,33
2026-10-08 00:00:17,HoneyBadger-6kfX,offen,phubber,CBcjQNdtgb4SHwKDqKFxD3yPSk7pEMpKHQiMmZrgpump,1539.9,4.11188928855e-06,1.0440,2.087980,49761,3099,20.38,0.00,8,11
2026-10-08 00:00:17,HoneyBadger-6kfX,offen,pup,7HE2WmPoYE7uaA7DKh25N5cUwEcUoiyjwZU9ZeaQpump,986.2,8.29937128407e-08,0.8104,0.324171,2780,330,23.43,0.00,0,0
2026-10-08 00:00:17,8K7Z,offen,RARI,EFn88CiiFHhihqdr1Y11XBDxbbYarBf1ij92DsrigYwR,1197.6,1.49129881914e-05,1.1264,3.153805,172275,3546,20.59,0.00,19,27
2026-10-08 00:00:17,FKJE,offen,HOOKED,C1mBfBoDkwWfd6uTFZp62ARHLjeVp3bDpCDMfMZtPngE,1961.7,5.05495605728e-05,0.8512,0.510732,782731,11333,20.95,0.00,13,67
2026-10-08 00:00:17,2z7o,offen,desks,desks4HG9uksDrYFsRRdSLqYoXusNyEnGK8PZu9hKMG,11.9,2.12424365596e-07,1.1325,0.226503,9623,189,15.00,0.00,14,43
2026-10-08 00:00:17,54QZ,offen,MARVIN,EEGTUKdfRGdFqRNQZunXracQbgBEGj61GFSsidTEpBEs,703.3,3.60228111855e-08,0.8652,0.173040,628,8,17.78,0.00,0,0
2026-10-08 00:00:17,54QZ,offen,SXSI,6kLQP6SpZWY2281u8oWdKBPnTjgoAA6ZJSXZczt2gkwm,675.6,1.28311449781e-07,1.0243,0.124458,6234,268,20.75,0.00,1,2
2026-10-08 00:00:17,54QZ,offen,GOBLIN,E2itWssNNRVYSTd7U6Q7y5XVRVJM4eAxG7TGSv5epump,563.3,3.44470249008e-07,0.8845,0.816892,10548,591,23.01,0.00,1,5
2026-10-08 00:00:17,54QZ,offen,GODS,8nV3xKVvhX7KVnoxVN93ahcvFSecrWovturHggMHruQn,188.4,7.57301567009e-07,1.1003,0.440108,12836,637,25.23,0.00,1,5
2026-10-08 00:00:17,54QZ,offen,ZNEURO,3W25WcwSHckSbRFKUYePfpymN5npELnNUEQGHzC7pump,183.8,7.99012285483e-08,0.7796,0.301524,2321,73,33.34,0.00,1,1
2026-10-08 00:00:17,Loopierr,schatten,CatCollector,5AgD5tmarU5kgbqHqCgDEMcAHAQAm8muV67xkKs9urps,8031.2,3.62362478386e-08,0.1077,0.021534,141,35,4.00,0.00,0,0
2026-10-08 00:00:17,Loopierr,schatten,SGI,36yTNhb9rfogt4mWxFiTnBeeT9bNXrVdKymAJ3jbvTzM,7880.3,3.00222553195e-08,0.1881,0.037614,3679,6,0.36,0.00,0,0
2026-10-08 00:00:17,6ANG,schatten,ANTHROPIG,25DeVAVF86uAd2wcFewp7F1s6gjZei88Mj4xBzg3AP94,8592.4,1.09524107411e-07,0.4466,0.089328,5090,68,31.14,0.00,0,0
2026-10-08 00:00:17,HEBO,schatten,SI,4qCW74oX82oTeypDzFYYYZ6eJ6yPQVFeX196YpHszJFY,4713.5,2.19888859831e-08,0.4362,0.087234,2327,56,10.82,0.00,0,0
2026-10-08 00:00:17,HEBO,schatten,INCOME,E7mRvAbgZdA6dF7cgXZevkbjd9Yfy5q11XEFnWZfpump,4442.3,6.08331321352e-08,0.9715,0.194305,2265,1266,15.11,0.00,0,0
2026-10-08 00:00:17,HEBO,schatten,GPH,BtmRMRazMTY2KqpbZkdFGrGJSm8rwLG744DV8Webpump,3403.9,5.63488217667e-08,0.7986,0.159711,1709,69,25.94,0.00,0,0
2026-10-08 00:00:17,HEBO,schatten,pup,7HE2WmPoYE7uaA7DKh25N5cUwEcUoiyjwZU9ZeaQpump,3403.3,8.29937128407e-08,0.7605,0.152098,2780,330,23.43,0.00,0,0
2026-10-08 00:00:17,HEBO,schatten,ACTII,41QF43mQKs1Qm51xK7uQWjxRA9oZ6S5mBVYveR4wLfzx,530.7,4.71361530619e-08,0.7892,0.157843,1301,69,24.40,0.00,0,2
2026-10-08 00:00:17,HEBO,schatten,TITS,DPVNMLe7zXsrg8Y9rMyPmxBG31qqo3v9FyWChbKQpump,528.6,9.037885891e-08,1.9087,0.305399,2655,46,27.67,0.00,0,2
2026-10-08 00:00:17,HEBO,schatten,TITS,C21p56TNF1Ec8BmyMkmLnwX56G3TzgYvzqMMVUPL7Fcm,525.8,2.70292806765e-08,0.6901,0.138019,586,118,14.15,0.00,0,0
2026-10-08 00:00:17,Troupe,schatten,CLAUSE,EWKyN7QHfJo41ikKqpo8R5gwEvryytKo9Vf7NF39U1GC,3089.0,1.8348428639e-08,0.0531,0.010614,2092,25,2.31,0.00,0,0
2026-10-08 00:00:17,4DOV,schatten,TRADE,Euz6EjyubNjJmCkahGEfCXmnCwNVLunxc1LZWsmV3wKf,1601.2,3.02045127294e-08,0.0225,0.004501,767,196,16.45,0.00,0,0
2026-10-08 00:00:17,Cooker,schatten,X7,CdhZy8wrRxNxoV8HtoByXKN7mvS46avtuZ1b39tKfx7,8694.2,3.19794963526e-06,0.3159,0.063187,56271,1757,22.04,0.00,0,2
2026-10-08 00:00:17,Cooker,schatten,9e9,HZ4qZQJ7yf6WR1D24GLRLJ3cKUfgtJEF3B7SdLMLvCPZ,7424.8,3.20077279764e-08,0.0372,0.014879,981,254,13.94,0.00,0,0
2026-10-08 00:00:17,Gake,schatten,MINEPAD,2EUKLvNQ63YCmjSDyJ14Tzj7ASeHGXgseYWrKAa2mine,9573.9,1.10187687795e-06,0.6497,0.110444,20669,776,23.43,0.00,14,12
2026-10-08 00:00:17,Gake,schatten,TERRA,JD3d8mxEJ91LHZSuwVLquFAKdo5PbEeLCUevjjDsPdRe,8291.4,8.56836084785e-08,0.0630,0.012600,2616,116,29.83,0.00,0,0
2026-10-08 00:00:17,Gake,schatten,SHITCOIN,4BxBot4K36N3ZZkpB9sqEocy5iBi8cUttK6s8YbHH9Jo,6783.5,7.21333210784e-08,0.0767,0.015334,2218,114,37.13,0.00,0,0
2026-10-08 00:00:17,Gake,schatten,FROGE,6R1F4sNySF4NKGdhW3UhESWuYYRu4Cehk5rn3mGP375R,6772.7,5.63604837244e-08,0.0531,0.010620,1953,344,24.79,0.00,0,0
2026-10-08 00:00:17,Gake,schatten,GENESIS,CSEd3Pi5WZL7w5vmwNjDVXv8poAqSv2Dn1as1erUpump,4126.8,6.8856145582e-08,0.0142,0.002848,2607,784,21.11,0.10,0,1
2026-10-08 00:00:17,Gake,schatten,OATH,2RSsw9tntE1RmoiPnNFiu93EzQu2eLnCAzvZiqMSoatH,4110.7,2.85516568876e-07,0.2562,0.051241,8157,261,24.93,0.00,2,2
2026-10-08 00:00:17,Gake,schatten,IMAGINE,EpFTb2XcGiMyGLykZ9VYmyPWz2AHEwAggqSbwJpypump,3738.6,2.01518543366e-06,0.7540,0.150808,25203,805,37.75,9.37,0,1
2026-10-08 00:00:17,Dior,schatten,CAESAR,8cp1WhUDxTbfX8nDe1kAB1ogPUyQvUSKgzFz365LbQyZ,2543.0,2.40413537782e-07,0.1041,0.020821,8170,1520,19.81,0.00,1,2
2026-10-08 00:00:17,Dior,schatten,ClapCat,5BjfgmtfqvNpAWx1CnZynoWLWNMnrwHLhTFzQ81vkEc8,714.1,2.34755324449e-06,0.6691,0.133827,29688,861,26.66,0.00,1,3
2026-10-08 00:00:17,koko,schatten,MAJOR,7AUzu756Pp3Cg3NByuKfcRSAFFt31kjC6U6R1npkiA1Q,5943.3,2.12124771486e-07,4.6438,0.928751,5309,170,29.68,0.00,0,0
2026-10-08 00:00:17,77n6,schatten,Ecat,5RUrbAftnTBptroKfpiJKyGF5v7aGsX9zYzNjSXjpump,2772.0,3.59590923969e-07,0.6641,0.132827,7453,275,25.42,0.57,0,1
2026-10-08 00:01:21,Loopierr,offen,GARP,FKPdKiZBYMU2MwHXKjyhgV6ozSh2APzvvr3ZBwFCfSHo,10805.0,2.52431504762e-08,0.0397,0.007932,523,145,7.95,0.00,0,0
2026-10-08 00:01:21,6ANG,offen,OpenSI,5ptkVdbpaPpEJPPVXE5CpJNCXEmAidyot5TQcDDawMzm,10532.6,3.79190220813e-07,0.9202,0.707970,10022,1192,22.36,0.00,0,1
2026-10-08 00:01:21,6ANG,offen,ANT,BTZK1B3pCoBDD1vy5e4bDBM4bwvvhkKUMTuKABkGWwGp,8593.7,3.39042449142e-07,0.8791,0.527449,9385,93,27.37,0.00,0,0
2026-10-08 00:01:21,6ANG,offen,ANTHROPIG,25DeVAVF86uAd2wcFewp7F1s6gjZei88Mj4xBzg3AP94,8593.5,1.10431493067e-07,0.4530,0.181185,5144,67,31.14,0.00,0,1
2026-10-08 00:01:21,6ANG,offen,STAR,StargWr5r6r8gZSjmEKGZ1dmvKWkj79r2z1xqjFstar,306.9,1.88393202495e-05,0.8476,0.169519,98572,899,54.00,0.00,0,0
2026-10-08 00:01:21,9LXM,offen,SGI,FcZcFjfNPJR9rycZS1FwkiEgQTW7ZWRjdSaBdJ6M9ha6,10387.6,6.23818063031e-08,0.0410,0.016382,4250,328,21.84,0.00,0,0
2026-10-08 00:01:21,HEBO,offen,SGI,FcZcFjfNPJR9rycZS1FwkiEgQTW7ZWRjdSaBdJ6M9ha6,10825.6,6.23818063031e-08,0.0526,0.060370,4250,328,21.84,0.00,0,0
2026-10-08 00:01:21,HEBO,offen,goon,HSUMi4rMgjrx7zRUabw3ogGu1pa5hmF2eVcXj9Apump,10619.6,6.70818157519e-07,0.8214,0.591825,16755,2874,18.35,0.00,3,1
2026-10-08 00:01:21,HEBO,offen,Tico,35ccP7zmf4THJsDn3UtozYcWm1U8nzhyHcTgK3ETpump,10554.4,3.35065902199e-08,0.5602,0.112050,3890,29,7.17,0.00,0,0
2026-10-08 00:01:21,HEBO,offen,SGI,Cb2pMbsRRvaeZoxpRqnTP6k6hLziSUf5pnqW9Jx5T3Wz,7966.0,1.44616727554e-07,0.3833,0.536661,7162,437,25.19,0.00,0,0
2026-10-08 00:01:21,HEBO,offen,ArmyX,F7y94q8QvGKNCrGt6E5pgQ7ABBkQK4QkqEBGs9Y5ZFFk,7941.5,3.41308243067e-08,0.1274,0.101911,3267,61,15.77,0.00,0,0
2026-10-08 00:01:21,HEBO,offen,ZUCKS,2eBJvNnn7guSjX1yuE7seuDY9pveDiHkfoyeBh2WZroS,7675.9,2.18678416156e-08,0.3344,0.048156,2368,30,7.97,0.00,0,0
2026-10-08 00:01:21,HEBO,offen,TRUMPTV,34w4t74EsbJyBBSyYBFyNo65Ft7Ax8BF3HrubL1mwbpL,7581.0,2.01788019306e-08,0.1547,0.030940,2246,92,5.45,0.00,0,0
2026-10-08 00:01:21,HEBO,offen,pill,DvdmEnztCmXwBnAbedD48XVGZJSxq31zNvnyftXdpump,6517.1,1.27021984074e-05,0.7252,1.885477,219518,5500,20.83,0.00,3,3
2026-10-08 00:01:21,HEBO,offen,PUMPCAT,G4vqe8KAcRGTb7Kc55n9sz43aR4ugTPdSeUnAXZhpump,6516.7,3.08384158094e-06,1.4620,0.292390,48607,1412,24.54,0.00,0,0
2026-10-08 00:01:21,HEBO,offen,CUPTOBER,EKgswaMnRSJHmyFZCbxscTAjiR2bH1oLXsftepUGsPtz,6353.7,4.85774044449e-08,0.5905,0.236211,5206,26,12.93,0.00,0,0
2026-10-08 00:01:21,HEBO,offen,Scronkfinkle,DaUFkgZjwJCsM9QDWCsxtZS2omgHS3Fn9GHgTX5wwpcX,5091.4,3.8686265052e-08,0.3806,0.228366,1035,98,19.39,0.00,0,0
2026-10-08 00:01:21,HEBO,offen,Eagle,E3pWKtfQk6LLZpRWVTjJwrMY4vFa9umLYDPxWJtZSTNK,5067.9,2.60318117781e-08,0.1375,0.124588,2748,75,12.69,0.00,0,0
2026-10-08 00:01:21,HEBO,offen,Inu,83LFceyzRNNRUThm4VzHx4jmVuf6xAggSp2UvhQx52Dy,4714.8,2.50889831026e-08,0.1445,0.028908,2522,118,11.76,0.00,0,0
2026-10-08 00:01:21,HEBO,offen,Caviar,F7ktJWjMtubD8zwv5xMb35g5hPTvGQSDMS8UGcwXpump,4447.1,1.02733207802e-07,0.6551,0.262038,3083,84,29.59,0.00,0,0
2026-10-08 00:01:21,HEBO,offen,TIT,3KM7dvpUk2Wm8qdXtZpBJHgic4bAaz1MTDHvUEjKpump,4421.7,2.25089767561e-07,0.5284,0.422723,6374,131,26.81,0.00,0,0
2026-10-08 00:01:21,HEBO,offen,MIM,6bJtwhtvzkthAYszQ3ZWkFJzSvbGSkbAz9yPcSiXaGK6,4421.1,1.44744499005e-07,1.1446,0.228913,4719,188,26.51,0.00,0,0
2026-10-08 00:01:21,HEBO,offen,Taste,93FWFR63nwQcq5zuXNmTits5BYcKFjmUZzccMvhmpump,4420.8,1.20730863527e-07,1.3451,0.538028,9853,38,23.38,0.00,0,0
2026-10-08 00:01:21,HEBO,offen,GPH,H1hFymzkRE7CAdxEuBWYknvsTCgoDXAqPKFU94iPpump,4415.1,4.57764280278e-08,0.8663,0.173259,867,69,10.72,0.00,0,0
2026-10-08 00:01:21,HEBO,offen,TIT,Ar3QBegnCQr6ZFyN9h637ar9JCxZRvdboiR1QzMrpump,3408.9,1.01923822489e-07,0.3066,0.429299,3168,273,36.22,0.00,0,0
2026-10-08 00:01:21,HEBO,offen,AVERY,8QFGVLXehnTv28eMdXZkhY5d84SVF58LAfRGx8zWpH9b,3345.7,3.46743662248e-08,0.1936,0.038715,3097,227,19.30,0.00,0,0
2026-10-08 00:01:21,HEBO,offen,APU,HoCeDUrd5BqfYmaRk2eiUpzshEvpwfYpgrJ4YKFCpump,2144.6,1.14243134575e-07,0.6382,0.127635,4067,257,25.32,0.00,0,0
2026-10-08 00:01:21,HEBO,offen,APU,E7eCZS2cq655qJ7uVx3dSHR2zK31kwNQsWS6P6Hpump,2144.3,1.64189293893e-06,2.5659,2.052747,18808,452,26.13,0.00,1,5
2026-10-08 00:01:21,HEBO,offen,COCKROACH,H4KUxsEgCp2yDpFvyDuGM5k6XevSKKrrKUxZ3Zr6nyJc,2139.6,8.64402661757e-06,1.2767,2.298026,83304,3409,18.67,0.00,4,10
2026-10-08 00:01:21,HEBO,offen,MDOG,F5zC2QoP6j2erxNyf4z6iNCi6X6AkburMC2Xofhxpump,1918.9,7.85343365144e-08,0.9209,0.184175,3252,1646,17.78,0.00,0,0
2026-10-08 00:01:21,HEBO,offen,SI,8ALHRuN5q4MHRaKPdiXi7cHyVWicZVwQx2TBTCH8GZ4h,1674.2,1.03594676154e-07,0.9782,0.195647,3141,56,22.59,0.00,0,0
2026-10-08 00:01:21,HEBO,offen,PHASEONE,GfawjB4Fxz389kECjrrnsdS8MKb9hMgALonJddGQasHL,540.0,3.56217114622e-08,0.6059,0.121176,905,90,20.69,0.00,0,0
2026-10-08 00:01:21,HEBO,offen,TITS,GLsHzxjtktCKzAA8LEEfXJ5UF2Jdsj161e5Duh3tkzga,526.8,5.26468238072e-08,0.9694,0.193885,1828,521,23.03,0.00,0,0
2026-10-08 00:01:21,HEBO,offen,AI,4AvWfTKcEFqwRjxBnoyWRY7wF7UV9cqH3492UFKHpump,503.0,4.08692899366e-08,0.5934,0.118670,1198,67,16.73,0.00,0,0
2026-10-08 00:01:21,HEBO,offen,INSTADOCS,AMj8gG4mXckBoaT5mGQDwriKUqJtEApNg2CuXw6Ypump,502.8,5.26201486031e-08,1.0974,0.219472,1588,23,19.72,0.00,0,0
2026-10-08 00:01:21,Troupe,offen,PUMP,pumpCmXqMfrsAkQ5r49WcJnRayYRqmXz6ae8H7H9Dfn,8744.2,5.37549069639e-05,1.1088,0.010025,43464364,315459,59.33,0.00,69,225
2026-10-08 00:01:21,Troupe,offen,homo,42AtRP5d3ySBj9iveMYeD23kkmN3HEZFwUzs1YKvkPA9,7091.6,2.14480111381e-08,0.0577,0.010111,256,145,3.18,0.00,0,0
2026-10-08 00:01:21,Troupe,offen,PUMPE,9fJAWKQpkY93hfuZxrHfh5wEh2AV9vjkWNQfzfbziHd2,6964.8,7.37364746641e-06,0.2668,0.320209,53597,2295,18.17,0.80,1,2
2026-10-08 00:01:21,Troupe,offen,HOLD,6REnZgtxhwdSAHczAp4J5PRsGQYQt7T3x4kEDyfs9U7y,6921.9,2.88924347982e-08,0.0166,0.003327,775,479,9.51,0.00,0,0
2026-10-08 00:01:21,Troupe,offen,THICC,3QEbHMK6ceYevtaCdLmBQMJgcPb9PJQpgyFBP6f6x6Rg,4266.4,1.33272232753e-08,0.0620,0.012395,1486,8,4.02,0.00,0,0
2026-10-08 00:01:21,Troupe,offen,CLAUSE,EWKyN7QHfJo41ikKqpo8R5gwEvryytKo9Vf7NF39U1GC,3090.2,1.8348428639e-08,0.0753,0.015068,2092,25,2.31,0.00,0,0
2026-10-08 00:01:21,Troupe,offen,TESTla,TESZBZpTRGUDriZQg72kYre1Vozyp2de7Z6o5JUtdRA,1437.0,0,0.0000,0.000000,6,41,3.55,0.04,0,0
2026-10-08 00:01:21,4DOV,offen,BOT,Aaan4fxwhKtUUPg2GSKq6natLV9oj9QQNf5xT4UE2gXr,8391.2,3.12258508979e-08,0.0367,0.007331,858,318,15.16,0.00,0,1
2026-10-08 00:01:21,4DOV,offen,PUDU,8HQgEcbhR5Xoh735zvndAocCLd7wdAYJfWHV55J8pump,6942.2,2.7563748059e-08,0.0131,0.005230,608,423,12.75,0.00,0,0
2026-10-08 00:01:21,4DOV,offen,Aiden,9dSMwFfPezQ8WPcW1uZV7ns4rcviEj2LssSAg75WBLXd,5503.1,4.57612241285e-07,0.0325,0.014638,12005,3150,17.06,0.00,0,2
2026-10-08 00:01:21,4DOV,offen,SPLICE,7bC8ugu1ZJn21MhA4ht483nX8brLNesa8R7XLimpFyhq,4746.6,7.22355084248e-07,0.0457,0.027401,16767,2702,23.24,0.03,3,3
2026-10-08 00:01:21,4DOV,offen,Ash,4jxyespUyvDxg1cN1NMCWErHGGyPrBdEzPiDobLBmttL,4428.9,4.00914283252e-08,0.1002,0.020033,1049,21,2.44,0.00,0,0
2026-10-08 00:01:21,4DOV,offen,www,GAwhcphCqCv5bKHmCiN4VDdNWfbXJL4npmkc8L3Q9S9H,4278.3,1.21718573177e-06,0.1165,0.046594,33283,6449,18.23,0.00,6,6
2026-10-08 00:01:21,4DOV,offen,ACTII,DYjM6f2R34Qp4jPE73HsdEVZwwcQFCsokpNYCqBUpump,4206.0,2.25518196528e-07,0.0427,0.012797,6360,1101,26.91,0.00,0,1
2026-10-08 00:01:21,4DOV,offen,BANANA,G7JkKqGb69cCWC2XkDXc8LG8qbifTkCKpsAcr6kApump,4089.9,3.2534794533e-08,0.0311,0.006229,825,192,18.37,0.00,0,0
2026-10-08 00:01:21,4DOV,offen,JITI,6YuVyHbjdwxiH1CLCSusP9yjXmsVvQfcTbSSPcFuXDew,3528.9,4.97087169741e-08,0.0421,0.008427,2028,803,19.87,0.00,0,0
2026-10-08 00:01:21,4DOV,offen,QINU,4unydQjvYdqR31pkuBYGu2nGst8r8j5XMW8KXRXtpump,3292.5,3.0813780297e-08,0.0185,0.007402,907,531,11.24,1.06,0,0
2026-10-08 00:01:21,4DOV,offen,NOLLA,CXw5hY3BMi87DTa99ekZgwxuvu7pQ2FUQVecs3SvJLD9,3112.6,2.95544305027e-08,0.0264,0.005288,726,326,15.30,0.00,0,0
2026-10-08 00:01:21,4DOV,offen,TRANNIE,BvLqum9qd4TWQ1c9WPmLYMvxxzoXUjsFycVffvjyq16,3031.7,2.639813304e-08,0.1128,0.022564,482,118,12.72,0.00,0,0
2026-10-08 00:01:21,4DOV,offen,OTC,MukLDtJ8Cx9DxLbeyLRSWPSposTMWuwHANbuaudpump,2579.1,6.89335895638e-05,0.6467,0.014868,484521,18725,25.82,0.00,4,15
2026-10-08 00:01:21,4DOV,offen,TRADE,Euz6EjyubNjJmCkahGEfCXmnCwNVLunxc1LZWsmV3wKf,1602.4,3.02045127294e-08,0.0242,0.009664,767,196,16.45,0.00,0,0
2026-10-08 00:01:21,4DOV,offen,AUTON,39ahtL8ynzE4amH26J29C93PA5172V3ft9UuUcqQS8fz,1263.1,2.20327891478e-05,0.4425,0.354007,365148,6779,14.58,0.00,20,58
2026-10-08 00:01:21,4DOV,offen,Human,8nPoBHiBM6pybxMws9PA2JRb9BjkppBfqcZGmot4DMBC,431.2,2.72775437024e-06,0.6416,0.008745,49485,5775,23.47,0.00,3,8
2026-10-08 00:01:21,4DOV,offen,HSM,2856wfnQ27LH23yKeFHJ4XQpQ2bsw4sen8RqyW5Wpump,288.1,1.41519723684e-07,0.3116,0.124642,4444,769,19.92,0.00,4,2
2026-10-08 00:01:21,4DOV,offen,FRENS,41MjNbWHZeFmxwMHPwTfsJP3aPbvsvR5tsgnmhNKpump,0.2,1.30215316504e-06,0.9623,0.192458,15984,532,18.74,0.00,58,178
2026-10-08 00:01:21,Cooker,offen,SI,DEW9dSN6QpWyNthphCpMmAbZP1Q4cEKR9xQXAri98WDP,8916.1,0.000206832232077,0.6094,0.365638,1665295,54923,16.61,0.00,7,31
2026-10-08 00:01:21,Cooker,offen,HOOKED,C1mBfBoDkwWfd6uTFZp62ARHLjeVp3bDpCDMfMZtPngE,7462.4,4.94016543325e-05,0.4522,2.080227,775033,11320,20.95,0.00,16,106
2026-10-08 00:01:21,Gake,offen,CURVE,7ioeSgzfSKHMnpgfPpgRFsekMBGiu9oi6t6GeqYtNbbh,9605.0,1.63822324668e-06,0.4735,0.094700,107239,1085,15.61,0.06,0,0
2026-10-08 00:01:21,Gake,offen,SDOG,yFcTuQJCMsd1Asya15GZ7h4KGdxsujRLcUiTWWXpump,9418.3,3.49062724668e-07,0.0468,0.009354,9612,1633,19.45,0.00,4,2
2026-10-08 00:01:21,Gake,offen,OP,5PiBn5JdjJDnRGziiSfsu2affgBR3DyTTCR3CHpcode,9355.7,1.66740615605e-07,0.0459,0.009184,7193,1387,22.64,0.00,0,2
2026-10-08 00:01:21,Gake,offen,PURPS,purpFPo5voy6fEu8jxSCwVdMs1zyYEYAH6FBQvTYCZK,7073.5,2.3458653784e-06,0.8230,0.164597,30581,2252,33.91,0.00,0,0
2026-10-08 00:01:21,Pikalosi,offen,Miu,7LNFZcNigZay5U9e2sq6n2Z4iM8BC2Dd53L14pwvpump,7580.0,4.44481851964e-07,1.0649,0.212990,14528,795,21.45,0.00,0,0
2026-10-08 00:01:21,Dior,offen,OTC,MukLDtJ8Cx9DxLbeyLRSWPSposTMWuwHANbuaudpump,7905.8,6.89335895638e-05,1.0176,4.767809,484521,18725,25.82,0.00,4,15
2026-10-08 00:01:21,Dior,offen,TripleT,J8PSdNP3QewKq2Z1JJJFDMaqF7KcaiJhR7gbr5KZpump,7034.0,5.8259727308e-05,0.9402,0.376088,362638,22870,18.94,0.00,2,11
2026-10-08 00:01:21,Dior,offen,Kirkslop,8m5hzX9hprtWwPuVZL4daCZfggWYKc6fhSJDDpiqpump,6713.3,6.40209732207e-07,0.9744,0.584628,14620,397,28.14,0.00,0,0
2026-10-08 00:01:21,Dior,offen,COCKROACH,H4KUxsEgCp2yDpFvyDuGM5k6XevSKKrrKUxZ3Zr6nyJc,3552.5,8.64402661757e-06,0.9580,2.107644,83304,3409,18.67,0.00,4,10
2026-10-08 00:01:21,Dior,offen,CAESAR,8cp1WhUDxTbfX8nDe1kAB1ogPUyQvUSKgzFz365LbQyZ,2522.2,2.40413537782e-07,0.1200,0.335989,8170,1520,19.81,0.00,2,2
2026-10-08 00:01:21,Dior,offen,ClapCat,5BjfgmtfqvNpAWx1CnZynoWLWNMnrwHLhTFzQ81vkEc8,707.4,2.34130628355e-06,0.8565,1.027741,29656,860,26.66,0.00,1,5
2026-10-08 00:01:21,Dior,offen,ART,DEQKHY5YVPFiwcVhoUUE5gnkWj66LVPoPgLHAswqpump,639.7,2.66963328442e-07,0.1420,0.476969,7378,1594,23.53,0.00,2,6
2026-10-08 00:01:21,3zsr,offen,Sapijiju,8Fs2YLsayR4awLB79nMM3QCpG3pqvcAGP7hHb8fX4L2G,7404.9,1.31250275706e-07,1.2247,0.244937,4246,360,28.29,0.00,0,0
2026-10-08 00:01:21,3zsr,offen,EZRA,4qTqqkexQCEP2m8UrDWXACHpA8bEkGxpNJrDPMNcfHKQ,2741.7,3.35870363702e-08,1.0167,0.203349,3889,6,7.67,0.00,0,0
2026-10-08 00:01:21,3zsr,offen,ELONMUSK,5QmEgE9rK3aB1SDi7mK7rXPt2QHe7FRT69zbb2X2iSip,2741.5,3.25257907483e-08,0.9483,0.189665,3775,5,12.21,0.00,0,0
2026-10-08 00:01:21,3zsr,offen,HIGCAT,52sQ5kFhaTD6NsfN4oKreHZAwxrxgUo129ZCG3EBsVhv,2741.2,3.18049283034e-08,0.8974,0.179478,3726,6,6.49,0.00,0,0
2026-10-08 00:01:21,3zsr,offen,GIA,4FuWREkDYG1chHxHfgmUv3AN1iLPUi42Er6UboWUJKwU,2740.9,3.27110858642e-08,0.9165,0.183300,3795,10,9.39,0.00,0,0
2026-10-08 00:01:21,3zsr,offen,Sworddog,2QLpYwa5tzMjGBZWCmu9WHEPTNPH65w7xeFHSU1Hpump,2168.6,3.46345646167e-08,0.8742,0.174845,3910,14,12.90,0.00,0,0
2026-10-08 00:01:21,3zsr,offen,TRUMP,AYLh1Bgthdgego4EBAJQZtzXiQ6b1EbrPWES5V1vjhzV,2053.3,3.33800435842e-08,0.5384,0.053838,720,87,20.40,0.00,0,0
2026-10-08 00:01:21,3zsr,offen,RUGRUN,2VFjLcouktUNWRsZVkdiJ57nmRZR8HTJjKzDkZ3mbN8f,2026.0,3.30388435126e-08,0.9645,0.192896,3866,5,6.69,0.00,0,0
2026-10-08 00:01:21,3zsr,offen,HOUS,4pZQCY4HLpeYyJJ48yu7Z49B4G1Z7B1ZH3YdvVfNqKGn,2025.8,4.10681810204e-08,0.9964,0.199275,4281,15,15.88,0.00,0,0
2026-10-08 00:01:21,C7bF,offen,Plague,3oTRLDrbymWupBmmUuNzRYTJm4cXpHHsmu5Uz3PF5uU3,911.9,3.12317452229e-08,0.4671,0.093411,3690,8,5.62,0.00,0,0
2026-10-08 00:01:21,C7bF,offen,SPSI,ERvSTRZsoEdM79d9Ajb2KMSnM1uPgamW3BoNgj21teCa,385.4,3.88767534637e-08,1.0436,0.208729,467,6,13.47,0.00,0,0
2026-10-08 00:01:21,77n6,offen,Ecat,5RUrbAftnTBptroKfpiJKyGF5v7aGsX9zYzNjSXjpump,2732.3,3.59590923969e-07,0.6437,0.257494,7453,275,25.42,0.57,0,1
2026-10-08 00:01:21,G7b2,offen,si.gov,7CTRbkV1tVuq1f59pRxT1Pb2W5AHG4gM9FMH4rGzKiXv,5206.3,3.02275142559e-06,1.3211,2.642101,28656,2131,12.94,0.00,3,5
2026-10-08 00:01:21,G7b2,offen,GTA6,4kjruqGHDsSqkMdFfCjV7Vb62HPFhtXyWc2t6JpQzDnz,4204.1,5.03919626983e-06,0.9875,0.790005,13829,10684,15.33,0.00,0,1
2026-10-08 00:01:21,G7b2,offen,SXSI,DQysBW79uHzZAWd2ahVQrf89CuSFqVzuNA3ijHbjVJfG,4195.4,1.55764866948e-06,0.6223,0.995632,23811,1228,28.56,0.00,1,1
2026-10-08 00:01:21,G7b2,offen,SI,DEW9dSN6QpWyNthphCpMmAbZP1Q4cEKR9xQXAri98WDP,4156.2,0.000206832232077,0.9025,2.368442,1665295,54923,16.61,0.00,7,31
2026-10-08 00:01:21,G7b2,offen,PLAGUE,CscZaq5twomhUkvCY8Jdd1tge32L4Yj9FbkFFEZQpump,2179.4,4.68771497594e-06,0.2801,0.840290,95325,6718,17.57,0.00,5,17
2026-10-08 00:01:21,7Cn1,offen,SI,DEW9dSN6QpWyNthphCpMmAbZP1Q4cEKR9xQXAri98WDP,3912.3,0.000206832232077,0.7967,0.427904,1665295,54923,16.61,0.00,7,31
2026-10-08 00:01:21,7Cn1,offen,si.gov,7CTRbkV1tVuq1f59pRxT1Pb2W5AHG4gM9FMH4rGzKiXv,3376.7,3.02275142559e-06,1.1084,1.362922,28656,2131,12.94,0.00,3,5
2026-10-08 00:01:21,7Cn1,offen,DARK,7KEPApdbBMByrmqihz3bht2uMhFQcatjfSFQCKq66kH3,216.9,4.26369290713e-05,1.3807,2.209198,669522,5366,12.82,0.02,62,181
2026-10-08 00:01:21,7Cn1,offen,CRAWL,BXoHJddsWJLHtAopeiSbKUSELsu8hSFMs8baGMDkpump,124.4,3.07385858245e-05,0.9832,0.786525,435925,7537,15.44,0.46,45,20
2026-10-08 00:01:21,7Cn1,offen,SpaceXSI,2GYMvnSv37djKecDshE8bYe2sRypcETeAF8G9h6un4J2,97.7,4.21172917102e-06,1.0961,0.219210,50595,2677,12.42,0.00,8,11
2026-10-08 00:01:21,Croco-AC7K,offen,AnyPS5,CWKbSd7jwMXXexP3pbwLAWMzr4HXAXTvt4R9pk2Vyyyc,174.9,4.44517510627e-06,1.2045,0.722698,40839,1823,19.38,0.00,15,33
2026-10-08 00:01:21,HoneyBadger-6kfX,offen,phubber,CBcjQNdtgb4SHwKDqKFxD3yPSk7pEMpKHQiMmZrgpump,1541.0,4.16469557426e-06,1.0574,2.114794,50120,3100,20.38,0.00,8,5
2026-10-08 00:01:21,HoneyBadger-6kfX,offen,pup,7HE2WmPoYE7uaA7DKh25N5cUwEcUoiyjwZU9ZeaQpump,987.3,8.29937128407e-08,0.8104,0.324171,2780,330,23.43,0.00,0,0
2026-10-08 00:01:21,8K7Z,offen,RARI,EFn88CiiFHhihqdr1Y11XBDxbbYarBf1ij92DsrigYwR,1198.7,1.4215596694e-05,1.0737,3.006320,170705,3545,20.59,0.00,19,24
2026-10-08 00:01:21,FKJE,offen,HOOKED,C1mBfBoDkwWfd6uTFZp62ARHLjeVp3bDpCDMfMZtPngE,1962.8,4.94016543325e-05,0.8319,0.499134,775033,11320,20.95,0.00,16,106
2026-10-08 00:01:21,2z7o,offen,desks,desks4HG9uksDrYFsRRdSLqYoXusNyEnGK8PZu9hKMG,13.0,1.97611060625e-07,1.0535,0.210708,9285,188,15.00,0.00,12,35
2026-10-08 00:01:21,54QZ,offen,MARVIN,EEGTUKdfRGdFqRNQZunXracQbgBEGj61GFSsidTEpBEs,704.3,3.60228111855e-08,0.8652,0.173040,628,8,17.78,0.00,0,0
2026-10-08 00:01:21,54QZ,offen,SXSI,6kLQP6SpZWY2281u8oWdKBPnTjgoAA6ZJSXZczt2gkwm,676.6,1.28311449781e-07,1.0243,0.124458,6234,268,20.75,0.00,0,1
2026-10-08 00:01:21,54QZ,offen,GOBLIN,E2itWssNNRVYSTd7U6Q7y5XVRVJM4eAxG7TGSv5epump,564.4,3.40071817689e-07,0.8732,0.806462,10538,590,23.01,0.00,1,6
2026-10-08 00:01:21,54QZ,offen,GODS,8nV3xKVvhX7KVnoxVN93ahcvFSecrWovturHggMHruQn,189.4,8.6872520074e-07,1.2622,0.504863,13889,637,25.46,0.00,3,5
2026-10-08 00:01:21,54QZ,offen,ZNEURO,3W25WcwSHckSbRFKUYePfpymN5npELnNUEQGHzC7pump,184.9,7.99012285483e-08,0.7796,0.301524,2321,73,33.34,0.00,1,0
2026-10-08 00:01:21,Loopierr,schatten,CatCollector,5AgD5tmarU5kgbqHqCgDEMcAHAQAm8muV67xkKs9urps,8032.3,3.62362478386e-08,0.1077,0.021534,141,35,4.00,0.00,0,0
2026-10-08 00:01:21,Loopierr,schatten,SGI,36yTNhb9rfogt4mWxFiTnBeeT9bNXrVdKymAJ3jbvTzM,7881.4,3.00222553195e-08,0.1881,0.037614,3679,6,0.36,0.00,0,0
2026-10-08 00:01:21,6ANG,schatten,ANTHROPIG,25DeVAVF86uAd2wcFewp7F1s6gjZei88Mj4xBzg3AP94,8593.5,1.10431493067e-07,0.4503,0.090068,5144,67,31.14,0.00,0,1
2026-10-08 00:01:21,HEBO,schatten,SI,4qCW74oX82oTeypDzFYYYZ6eJ6yPQVFeX196YpHszJFY,4714.6,2.19888859831e-08,0.4362,0.087234,2327,56,10.82,0.00,0,0
2026-10-08 00:01:21,HEBO,schatten,INCOME,E7mRvAbgZdA6dF7cgXZevkbjd9Yfy5q11XEFnWZfpump,4443.3,6.08331321352e-08,0.9715,0.194305,2265,1266,15.11,0.00,0,0
2026-10-08 00:01:21,HEBO,schatten,GPH,BtmRMRazMTY2KqpbZkdFGrGJSm8rwLG744DV8Webpump,3404.9,5.63488217667e-08,0.7986,0.159711,1709,69,25.94,0.00,0,0
2026-10-08 00:01:21,HEBO,schatten,pup,7HE2WmPoYE7uaA7DKh25N5cUwEcUoiyjwZU9ZeaQpump,3404.4,8.29937128407e-08,0.7605,0.152098,2780,330,23.43,0.00,0,0
2026-10-08 00:01:21,HEBO,schatten,ACTII,41QF43mQKs1Qm51xK7uQWjxRA9oZ6S5mBVYveR4wLfzx,531.8,4.71361530619e-08,0.7892,0.157843,1301,69,24.40,0.00,0,2
2026-10-08 00:01:21,HEBO,schatten,TITS,DPVNMLe7zXsrg8Y9rMyPmxBG31qqo3v9FyWChbKQpump,529.7,9.037885891e-08,1.9087,0.305399,2655,46,27.67,0.00,0,1
2026-10-08 00:01:21,HEBO,schatten,TITS,C21p56TNF1Ec8BmyMkmLnwX56G3TzgYvzqMMVUPL7Fcm,526.9,2.70292806765e-08,0.6901,0.138019,586,118,14.15,0.00,0,0
2026-10-08 00:01:21,Troupe,schatten,CLAUSE,EWKyN7QHfJo41ikKqpo8R5gwEvryytKo9Vf7NF39U1GC,3090.1,1.8348428639e-08,0.0531,0.010614,2092,25,2.31,0.00,0,0
2026-10-08 00:01:21,4DOV,schatten,TRADE,Euz6EjyubNjJmCkahGEfCXmnCwNVLunxc1LZWsmV3wKf,1602.2,3.02045127294e-08,0.0225,0.004501,767,196,16.45,0.00,0,0
2026-10-08 00:01:21,Cooker,schatten,X7,CdhZy8wrRxNxoV8HtoByXKN7mvS46avtuZ1b39tKfx7,8695.3,3.19282303652e-06,0.3154,0.063086,56210,1757,22.04,0.00,3,5
2026-10-08 00:01:21,Cooker,schatten,9e9,HZ4qZQJ7yf6WR1D24GLRLJ3cKUfgtJEF3B7SdLMLvCPZ,7425.9,3.20077279764e-08,0.0372,0.014879,981,254,13.94,0.00,0,0
2026-10-08 00:01:21,Gake,schatten,MINEPAD,2EUKLvNQ63YCmjSDyJ14Tzj7ASeHGXgseYWrKAa2mine,9574.9,1.12795583005e-06,0.6650,0.113058,20861,779,23.43,0.00,17,14
2026-10-08 00:01:21,Gake,schatten,TERRA,JD3d8mxEJ91LHZSuwVLquFAKdo5PbEeLCUevjjDsPdRe,8292.4,8.56836084785e-08,0.0630,0.012600,2616,116,29.83,0.00,0,0
2026-10-08 00:01:21,Gake,schatten,SHITCOIN,4BxBot4K36N3ZZkpB9sqEocy5iBi8cUttK6s8YbHH9Jo,6784.6,7.21333210784e-08,0.0767,0.015334,2218,114,37.13,0.00,0,0
2026-10-08 00:01:21,Gake,schatten,FROGE,6R1F4sNySF4NKGdhW3UhESWuYYRu4Cehk5rn3mGP375R,6773.8,5.63604837244e-08,0.0531,0.010620,1953,344,24.79,0.00,0,0
2026-10-08 00:01:21,Gake,schatten,GENESIS,CSEd3Pi5WZL7w5vmwNjDVXv8poAqSv2Dn1as1erUpump,4127.8,6.8856145582e-08,0.0142,0.002848,2607,784,21.11,0.10,0,1
2026-10-08 00:01:21,Gake,schatten,OATH,2RSsw9tntE1RmoiPnNFiu93EzQu2eLnCAzvZiqMSoatH,4111.7,2.85516568876e-07,0.2562,0.051241,8157,261,24.93,0.00,2,1
2026-10-08 00:01:21,Gake,schatten,IMAGINE,EpFTb2XcGiMyGLykZ9VYmyPWz2AHEwAggqSbwJpypump,3739.6,2.01518543366e-06,0.7540,0.150808,25184,805,37.75,9.37,0,1
2026-10-08 00:01:21,Dior,schatten,CAESAR,8cp1WhUDxTbfX8nDe1kAB1ogPUyQvUSKgzFz365LbQyZ,2544.1,2.40413537782e-07,0.1041,0.020821,8170,1520,19.81,0.00,2,2
2026-10-08 00:01:21,Dior,schatten,ClapCat,5BjfgmtfqvNpAWx1CnZynoWLWNMnrwHLhTFzQ81vkEc8,715.2,2.34130628355e-06,0.6674,0.133471,29656,860,26.66,0.00,1,5
2026-10-08 00:01:21,koko,schatten,MAJOR,7AUzu756Pp3Cg3NByuKfcRSAFFt31kjC6U6R1npkiA1Q,5944.4,2.12124771486e-07,4.6438,0.928751,5309,170,29.68,0.00,0,0
2026-10-08 00:01:21,77n6,schatten,Ecat,5RUrbAftnTBptroKfpiJKyGF5v7aGsX9zYzNjSXjpump,2773.1,3.59590923969e-07,0.6641,0.132827,7453,275,25.42,0.57,0,1
2026-10-08 00:02:21,Loopierr,offen,GARP,FKPdKiZBYMU2MwHXKjyhgV6ozSh2APzvvr3ZBwFCfSHo,10806.0,2.52563870313e-08,0.0397,0.007936,523,145,7.95,0.00,0,0
2026-10-08 00:02:21,6ANG,offen,OpenSI,5ptkVdbpaPpEJPPVXE5CpJNCXEmAidyot5TQcDDawMzm,10533.6,3.7938905385e-07,0.9207,0.708342,10022,1192,22.36,0.00,0,1
2026-10-08 00:02:21,6ANG,offen,ANT,BTZK1B3pCoBDD1vy5e4bDBM4bwvvhkKUMTuKABkGWwGp,8594.7,3.39220230203e-07,0.8795,0.527725,9385,93,27.37,0.00,0,0
2026-10-08 00:02:21,6ANG,offen,ANTHROPIG,25DeVAVF86uAd2wcFewp7F1s6gjZei88Mj4xBzg3AP94,8594.5,1.10489399173e-07,0.4532,0.181280,5144,67,31.14,0.00,0,1
2026-10-08 00:02:21,6ANG,offen,STAR,StargWr5r6r8gZSjmEKGZ1dmvKWkj79r2z1xqjFstar,307.9,1.88491988779e-05,0.8480,0.169608,98572,899,54.00,0.00,0,0
2026-10-08 00:02:21,9LXM,offen,SGI,FcZcFjfNPJR9rycZS1FwkiEgQTW7ZWRjdSaBdJ6M9ha6,10388.7,6.24145169674e-08,0.0410,0.016391,4250,328,21.84,0.00,0,0
2026-10-08 00:02:21,HEBO,offen,SGI,FcZcFjfNPJR9rycZS1FwkiEgQTW7ZWRjdSaBdJ6M9ha6,10826.6,6.24145169674e-08,0.0527,0.060402,4250,328,21.84,0.00,0,0
2026-10-08 00:02:21,HEBO,offen,goon,HSUMi4rMgjrx7zRUabw3ogGu1pa5hmF2eVcXj9Apump,10620.7,6.45078834597e-07,0.7899,0.569116,16494,2874,18.35,0.00,2,3
2026-10-08 00:02:21,HEBO,offen,Tico,35ccP7zmf4THJsDn3UtozYcWm1U8nzhyHcTgK3ETpump,10555.4,3.35241598109e-08,0.5605,0.112108,3890,29,7.17,0.00,0,0
2026-10-08 00:02:21,HEBO,offen,SGI,Cb2pMbsRRvaeZoxpRqnTP6k6hLziSUf5pnqW9Jx5T3Wz,7967.0,1.44692559106e-07,0.3835,0.536942,7162,437,25.19,0.00,0,0
2026-10-08 00:02:21,HEBO,offen,ArmyX,F7y94q8QvGKNCrGt6E5pgQ7ABBkQK4QkqEBGs9Y5ZFFk,7942.5,3.41487212224e-08,0.1275,0.101964,3267,61,15.77,0.00,0,0
2026-10-08 00:02:21,HEBO,offen,ZUCKS,2eBJvNnn7guSjX1yuE7seuDY9pveDiHkfoyeBh2WZroS,7676.9,2.18793082862e-08,0.3346,0.048182,2368,30,7.97,0.00,0,0
2026-10-08 00:02:21,HEBO,offen,TRUMPTV,34w4t74EsbJyBBSyYBFyNo65Ft7Ax8BF3HrubL1mwbpL,7582.0,2.01893829325e-08,0.1548,0.030956,2246,92,5.45,0.00,0,0
2026-10-08 00:02:21,HEBO,offen,pill,DvdmEnztCmXwBnAbedD48XVGZJSxq31zNvnyftXdpump,6518.1,1.27088589607e-05,0.7256,1.886466,219518,5499,20.83,0.00,3,3
2026-10-08 00:02:21,HEBO,offen,PUMPCAT,G4vqe8KAcRGTb7Kc55n9sz43aR4ugTPdSeUnAXZhpump,6517.7,3.08545863104e-06,1.4627,0.292544,48607,1412,24.54,0.00,0,0
2026-10-08 00:02:21,HEBO,offen,CUPTOBER,EKgswaMnRSJHmyFZCbxscTAjiR2bH1oLXsftepUGsPtz,6354.7,4.86028766019e-08,0.5908,0.236335,5206,26,12.93,0.00,0,0
2026-10-08 00:02:21,HEBO,offen,Scronkfinkle,DaUFkgZjwJCsM9QDWCsxtZS2omgHS3Fn9GHgTX5wwpcX,5092.4,3.87065506689e-08,0.3808,0.228486,1035,98,19.39,0.00,0,0
2026-10-08 00:02:21,HEBO,offen,Eagle,E3pWKtfQk6LLZpRWVTjJwrMY4vFa9umLYDPxWJtZSTNK,5068.9,2.60454618774e-08,0.1376,0.124654,2748,75,12.69,0.00,0,0
2026-10-08 00:02:21,HEBO,offen,Inu,83LFceyzRNNRUThm4VzHx4jmVuf6xAggSp2UvhQx52Dy,4715.8,2.51021388182e-08,0.1446,0.028923,2522,118,11.76,0.00,0,0
2026-10-08 00:02:21,HEBO,offen,Caviar,F7ktJWjMtubD8zwv5xMb35g5hPTvGQSDMS8UGcwXpump,4448.1,1.02787077218e-07,0.6554,0.262176,3083,84,29.59,0.00,0,0
2026-10-08 00:02:21,HEBO,offen,TIT,3KM7dvpUk2Wm8qdXtZpBJHgic4bAaz1MTDHvUEjKpump,4422.7,2.25207796138e-07,0.5287,0.422945,6374,131,26.81,0.00,0,0
2026-10-08 00:02:21,HEBO,offen,MIM,6bJtwhtvzkthAYszQ3ZWkFJzSvbGSkbAz9yPcSiXaGK6,4422.1,1.44820397556e-07,1.1452,0.229033,4719,188,26.51,0.00,0,0
2026-10-08 00:02:21,HEBO,offen,Taste,93FWFR63nwQcq5zuXNmTits5BYcKFjmUZzccMvhmpump,4421.8,1.20794170234e-07,1.3458,0.538310,9853,38,23.38,0.00,0,0
2026-10-08 00:02:21,HEBO,offen,GPH,H1hFymzkRE7CAdxEuBWYknvsTCgoDXAqPKFU94iPpump,4416.1,4.58004314586e-08,0.8667,0.173349,867,69,10.72,0.00,0,0
2026-10-08 00:02:21,HEBO,offen,TIT,Ar3QBegnCQr6ZFyN9h637ar9JCxZRvdboiR1QzMrpump,3409.9,1.01977267494e-07,0.3068,0.429524,3168,273,36.22,0.00,0,0
2026-10-08 00:02:21,HEBO,offen,AVERY,8QFGVLXehnTv28eMdXZkhY5d84SVF58LAfRGx8zWpH9b,3346.7,3.46925481534e-08,0.1937,0.038736,3097,227,19.30,0.00,0,0
2026-10-08 00:02:21,HEBO,offen,APU,HoCeDUrd5BqfYmaRk2eiUpzshEvpwfYpgrJ4YKFCpump,2145.6,1.14303039362e-07,0.6385,0.127702,4067,257,25.32,0.00,0,0
2026-10-08 00:02:21,HEBO,offen,APU,E7eCZS2cq655qJ7uVx3dSHR2zK31kwNQsWS6P6Hpump,2145.3,1.6427538856e-06,2.5673,2.053824,18808,452,26.13,0.00,1,5
2026-10-08 00:02:21,HEBO,offen,COCKROACH,H4KUxsEgCp2yDpFvyDuGM5k6XevSKKrrKUxZ3Zr6nyJc,2140.6,8.60360173039e-06,1.2707,2.287279,83325,3409,18.67,0.00,4,6
2026-10-08 00:02:21,HEBO,offen,MDOG,F5zC2QoP6j2erxNyf4z6iNCi6X6AkburMC2Xofhxpump,1919.9,7.85755169557e-08,0.9214,0.184271,3252,1646,17.78,0.00,0,0
2026-10-08 00:02:21,HEBO,offen,SI,8ALHRuN5q4MHRaKPdiXi7cHyVWicZVwQx2TBTCH8GZ4h,1675.3,1.03648997292e-07,0.9788,0.195750,3141,56,22.59,0.00,0,0
2026-10-08 00:02:21,HEBO,offen,PHASEONE,GfawjB4Fxz389kECjrrnsdS8MKb9hMgALonJddGQasHL,541.0,3.5640390143e-08,0.6062,0.121239,905,90,20.69,0.00,0,0
2026-10-08 00:02:21,HEBO,offen,TITS,GLsHzxjtktCKzAA8LEEfXJ5UF2Jdsj161e5Duh3tkzga,527.8,5.26744298141e-08,0.9699,0.193986,1828,521,23.03,0.00,0,0
2026-10-08 00:02:21,HEBO,offen,AI,4AvWfTKcEFqwRjxBnoyWRY7wF7UV9cqH3492UFKHpump,504.0,4.08907202494e-08,0.5937,0.118733,1198,67,16.73,0.00,0,0
2026-10-08 00:02:21,HEBO,offen,INSTADOCS,AMj8gG4mXckBoaT5mGQDwriKUqJtEApNg2CuXw6Ypump,503.8,5.26477406226e-08,1.0979,0.219587,1588,23,19.72,0.00,0,0
2026-10-08 00:02:21,Troupe,offen,PUMP,pumpCmXqMfrsAkQ5r49WcJnRayYRqmXz6ae8H7H9Dfn,8745.2,5.38460600357e-05,1.1107,0.010042,43481346,315419,59.33,0.00,75,245
2026-10-08 00:02:21,Troupe,offen,homo,42AtRP5d3ySBj9iveMYeD23kkmN3HEZFwUzs1YKvkPA9,7092.6,2.14592576655e-08,0.0577,0.010117,256,145,3.18,0.00,0,0
2026-10-08 00:02:21,Troupe,offen,PUMPE,9fJAWKQpkY93hfuZxrHfh5wEh2AV9vjkWNQfzfbziHd2,6965.8,7.37751392877e-06,0.2670,0.320376,53597,2295,18.17,0.80,1,2
2026-10-08 00:02:21,Troupe,offen,HOLD,6REnZgtxhwdSAHczAp4J5PRsGQYQt7T3x4kEDyfs9U7y,6922.9,2.89075849003e-08,0.0166,0.003328,775,479,9.51,0.00,0,0
2026-10-08 00:02:21,Troupe,offen,THICC,3QEbHMK6ceYevtaCdLmBQMJgcPb9PJQpgyFBP6f6x6Rg,4267.4,1.33342115681e-08,0.0620,0.012402,1486,8,4.02,0.00,0,0
2026-10-08 00:02:21,Troupe,offen,CLAUSE,EWKyN7QHfJo41ikKqpo8R5gwEvryytKo9Vf7NF39U1GC,3091.2,1.83580498623e-08,0.0754,0.015075,2092,25,2.31,0.00,0,0
2026-10-08 00:02:21,Troupe,offen,TESTla,TESZBZpTRGUDriZQg72kYre1Vozyp2de7Z6o5JUtdRA,1438.0,0,0.0000,0.000000,6,41,3.55,0.04,0,0
2026-10-08 00:02:21,4DOV,offen,BOT,Aaan4fxwhKtUUPg2GSKq6natLV9oj9QQNf5xT4UE2gXr,8392.2,3.12422245552e-08,0.0367,0.007335,858,318,15.16,0.00,0,1
2026-10-08 00:02:21,4DOV,offen,PUDU,8HQgEcbhR5Xoh735zvndAocCLd7wdAYJfWHV55J8pump,6943.2,2.75782014479e-08,0.0131,0.005233,608,423,12.75,0.00,0,0
2026-10-08 00:02:21,4DOV,offen,Aiden,9dSMwFfPezQ8WPcW1uZV7ns4rcviEj2LssSAg75WBLXd,5504.1,4.57852195868e-07,0.0325,0.014646,12005,3150,17.06,0.00,0,2
2026-10-08 00:02:21,4DOV,offen,SPLICE,7bC8ugu1ZJn21MhA4ht483nX8brLNesa8R7XLimpFyhq,4747.6,7.22733859984e-07,0.0457,0.027415,16767,2702,23.24,0.03,3,6
2026-10-08 00:02:21,4DOV,offen,Ash,4jxyespUyvDxg1cN1NMCWErHGGyPrBdEzPiDobLBmttL,4429.9,4.01124507567e-08,0.1002,0.020044,1049,21,2.44,0.00,0,0
2026-10-08 00:02:21,4DOV,offen,www,GAwhcphCqCv5bKHmCiN4VDdNWfbXJL4npmkc8L3Q9S9H,4279.3,1.21782397802e-06,0.1165,0.046618,33283,6449,18.23,0.00,6,8
2026-10-08 00:02:21,4DOV,offen,ACTII,DYjM6f2R34Qp4jPE73HsdEVZwwcQFCsokpNYCqBUpump,4207.0,2.3016286259e-07,0.0435,0.013060,6406,1101,26.91,0.00,0,0
2026-10-08 00:02:21,4DOV,offen,BANANA,G7JkKqGb69cCWC2XkDXc8LG8qbifTkCKpsAcr6kApump,4090.9,3.2551854551e-08,0.0312,0.006232,825,192,18.37,0.00,0,0
2026-10-08 00:02:21,4DOV,offen,JITI,6YuVyHbjdwxiH1CLCSusP9yjXmsVvQfcTbSSPcFuXDew,3529.9,4.97347823487e-08,0.0422,0.008431,2028,803,19.87,0.00,0,0
2026-10-08 00:02:21,4DOV,offen,QINU,4unydQjvYdqR31pkuBYGu2nGst8r8j5XMW8KXRXtpump,3293.5,3.08299378802e-08,0.0185,0.007406,907,531,11.24,1.06,0,0
2026-10-08 00:02:21,4DOV,offen,NOLLA,CXw5hY3BMi87DTa99ekZgwxuvu7pQ2FUQVecs3SvJLD9,3113.6,2.95699277304e-08,0.0265,0.005291,726,326,15.30,0.00,0,0
2026-10-08 00:02:21,4DOV,offen,TRANNIE,BvLqum9qd4TWQ1c9WPmLYMvxxzoXUjsFycVffvjyq16,3032.7,2.64119752244e-08,0.1129,0.022576,482,118,12.72,0.00,0,0
2026-10-08 00:02:21,4DOV,offen,OTC,MukLDtJ8Cx9DxLbeyLRSWPSposTMWuwHANbuaudpump,2580.1,6.81864239566e-05,0.6397,0.014706,481261,18728,25.82,0.00,5,23
2026-10-08 00:02:21,4DOV,offen,TRADE,Euz6EjyubNjJmCkahGEfCXmnCwNVLunxc1LZWsmV3wKf,1603.4,3.02203508356e-08,0.0242,0.009669,767,196,16.45,0.00,0,0
2026-10-08 00:02:21,4DOV,offen,AUTON,39ahtL8ynzE4amH26J29C93PA5172V3ft9UuUcqQS8fz,1264.1,2.20145320042e-05,0.4421,0.353714,364760,6744,14.58,0.00,21,92
2026-10-08 00:02:21,4DOV,offen,Human,8nPoBHiBM6pybxMws9PA2JRb9BjkppBfqcZGmot4DMBC,432.2,2.72843164508e-06,0.6417,0.008747,49482,5774,23.47,0.00,3,10
2026-10-08 00:02:21,4DOV,offen,HSM,2856wfnQ27LH23yKeFHJ4XQpQ2bsw4sen8RqyW5Wpump,289.1,1.41593931285e-07,0.3118,0.124707,4447,769,19.92,0.00,4,2
2026-10-08 00:02:21,4DOV,offen,FRENS,41MjNbWHZeFmxwMHPwTfsJP3aPbvsvR5tsgnmhNKpump,1.3,1.44402480387e-06,1.0671,0.213427,16920,567,18.22,0.00,82,200
2026-10-08 00:02:21,Cooker,offen,SI,DEW9dSN6QpWyNthphCpMmAbZP1Q4cEKR9xQXAri98WDP,8917.1,0.000206940705328,0.6097,0.365830,1665112,54921,16.61,0.00,6,32
2026-10-08 00:02:21,Cooker,offen,HOOKED,C1mBfBoDkwWfd6uTFZp62ARHLjeVp3bDpCDMfMZtPngE,7463.5,5.01922167506e-05,0.4595,2.113516,777936,11322,20.95,0.00,16,98
2026-10-08 00:02:21,Gake,offen,CURVE,7ioeSgzfSKHMnpgfPpgRFsekMBGiu9oi6t6GeqYtNbbh,9606.0,1.63908226911e-06,0.4737,0.094750,107239,1085,15.61,0.06,0,0
2026-10-08 00:02:21,Gake,offen,SDOG,yFcTuQJCMsd1Asya15GZ7h4KGdxsujRLcUiTWWXpump,9419.3,3.57912670879e-07,0.0480,0.009592,9739,1644,19.45,0.00,15,6
2026-10-08 00:02:21,Gake,offen,OP,5PiBn5JdjJDnRGziiSfsu2affgBR3DyTTCR3CHpcode,9356.7,1.66828048089e-07,0.0459,0.009189,7193,1387,22.64,0.00,0,2
2026-10-08 00:02:21,Gake,offen,PURPS,purpFPo5voy6fEu8jxSCwVdMs1zyYEYAH6FBQvTYCZK,7074.5,2.34709546165e-06,0.8234,0.164683,30581,2252,33.91,0.00,0,0
2026-10-08 00:02:21,Pikalosi,offen,Miu,7LNFZcNigZay5U9e2sq6n2Z4iM8BC2Dd53L14pwvpump,7581.0,4.44714921467e-07,1.0655,0.213102,14528,795,21.45,0.00,0,0
2026-10-08 00:02:21,Dior,offen,OTC,MukLDtJ8Cx9DxLbeyLRSWPSposTMWuwHANbuaudpump,7906.8,6.81864239566e-05,1.0065,4.716131,481261,18728,25.82,0.00,5,23
2026-10-08 00:02:21,Dior,offen,TripleT,J8PSdNP3QewKq2Z1JJJFDMaqF7KcaiJhR7gbr5KZpump,7035.0,5.82060373796e-05,0.9394,0.375741,362192,22869,18.94,0.00,2,9
2026-10-08 00:02:21,Dior,offen,Kirkslop,8m5hzX9hprtWwPuVZL4daCZfggWYKc6fhSJDDpiqpump,6714.3,6.20154568842e-07,0.9439,0.566314,14354,396,28.14,0.00,0,3
2026-10-08 00:02:21,Dior,offen,COCKROACH,H4KUxsEgCp2yDpFvyDuGM5k6XevSKKrrKUxZ3Zr6nyJc,3553.5,8.60360173039e-06,0.9535,2.097787,83325,3409,18.67,0.00,4,6
2026-10-08 00:02:21,Dior,offen,CAESAR,8cp1WhUDxTbfX8nDe1kAB1ogPUyQvUSKgzFz365LbQyZ,2523.2,2.37399693447e-07,0.1185,0.331777,8164,1519,19.81,0.00,2,2
2026-10-08 00:02:21,Dior,offen,ClapCat,5BjfgmtfqvNpAWx1CnZynoWLWNMnrwHLhTFzQ81vkEc8,708.4,2.31873873802e-06,0.8482,1.017835,29525,869,26.66,0.00,11,7
2026-10-08 00:02:21,Dior,offen,ART,DEQKHY5YVPFiwcVhoUUE5gnkWj66LVPoPgLHAswqpump,640.7,2.70724613286e-07,0.1440,0.483689,7358,1594,23.53,0.00,4,3
2026-10-08 00:02:21,3zsr,offen,Sapijiju,8Fs2YLsayR4awLB79nMM3QCpG3pqvcAGP7hHb8fX4L2G,7405.9,1.31465543856e-07,1.2267,0.245339,4250,360,28.29,0.00,0,0
2026-10-08 00:02:21,3zsr,offen,EZRA,4qTqqkexQCEP2m8UrDWXACHpA8bEkGxpNJrDPMNcfHKQ,2742.7,3.36046481441e-08,1.0173,0.203456,3889,6,7.67,0.00,0,0
2026-10-08 00:02:21,3zsr,offen,ELONMUSK,5QmEgE9rK3aB1SDi7mK7rXPt2QHe7FRT69zbb2X2iSip,2742.5,3.25428460451e-08,0.9488,0.189765,3775,5,12.21,0.00,0,0
2026-10-08 00:02:21,3zsr,offen,HIGCAT,52sQ5kFhaTD6NsfN4oKreHZAwxrxgUo129ZCG3EBsVhv,2742.2,3.18216056072e-08,0.8979,0.179572,3726,6,6.49,0.00,0,0
2026-10-08 00:02:21,3zsr,offen,GIA,4FuWREkDYG1chHxHfgmUv3AN1iLPUi42Er6UboWUJKwU,2741.9,3.27282383227e-08,0.9170,0.183396,3795,10,9.39,0.00,0,0
2026-10-08 00:02:21,3zsr,offen,Sworddog,2QLpYwa5tzMjGBZWCmu9WHEPTNPH65w7xeFHSU1Hpump,2169.6,3.46527256748e-08,0.8747,0.174937,3910,14,12.90,0.00,0,0
2026-10-08 00:02:21,3zsr,offen,TRUMP,AYLh1Bgthdgego4EBAJQZtzXiQ6b1EbrPWES5V1vjhzV,2054.3,3.33975468189e-08,0.5387,0.053866,720,87,20.40,0.00,0,0
2026-10-08 00:02:21,3zsr,offen,RUGRUN,2VFjLcouktUNWRsZVkdiJ57nmRZR8HTJjKzDkZ3mbN8f,2027.0,3.30561678349e-08,0.9650,0.192997,3866,5,6.69,0.00,0,0
2026-10-08 00:02:21,3zsr,offen,HOUS,4pZQCY4HLpeYyJJ48yu7Z49B4G1Z7B1ZH3YdvVfNqKGn,2026.8,4.10897156241e-08,0.9969,0.199379,4281,15,15.88,0.00,0,0
2026-10-08 00:02:21,C7bF,offen,Plague,3oTRLDrbymWupBmmUuNzRYTJm4cXpHHsmu5Uz3PF5uU3,912.9,3.1248121971e-08,0.4673,0.093460,3690,8,5.62,0.00,0,0
2026-10-08 00:02:21,C7bF,offen,SPSI,ERvSTRZsoEdM79d9Ajb2KMSnM1uPgamW3BoNgj21teCa,386.4,3.88971389656e-08,1.0442,0.208839,467,6,13.47,0.00,0,0
2026-10-08 00:02:21,77n6,offen,Ecat,5RUrbAftnTBptroKfpiJKyGF5v7aGsX9zYzNjSXjpump,2733.3,3.59779479875e-07,0.6441,0.257629,7453,275,25.42,0.57,0,1
2026-10-08 00:02:21,G7b2,offen,si.gov,7CTRbkV1tVuq1f59pRxT1Pb2W5AHG4gM9FMH4rGzKiXv,5207.3,3.02433644232e-06,1.3217,2.643486,28656,2131,12.94,0.00,3,8
2026-10-08 00:02:21,G7b2,offen,GTA6,4kjruqGHDsSqkMdFfCjV7Vb62HPFhtXyWc2t6JpQzDnz,4205.1,5.04183863412e-06,0.9880,0.790420,13829,10684,15.33,0.00,0,1
2026-10-08 00:02:21,G7b2,offen,SXSI,DQysBW79uHzZAWd2ahVQrf89CuSFqVzuNA3ijHbjVJfG,4196.4,1.55846544164e-06,0.6226,0.996154,23811,1228,28.56,0.00,1,1
2026-10-08 00:02:21,G7b2,offen,SI,DEW9dSN6QpWyNthphCpMmAbZP1Q4cEKR9xQXAri98WDP,4157.2,0.000206940705328,0.9029,2.369684,1665112,54921,16.61,0.00,6,32
2026-10-08 00:02:21,G7b2,offen,PLAGUE,CscZaq5twomhUkvCY8Jdd1tge32L4Yj9FbkFFEZQpump,2180.4,4.68542813128e-06,0.2800,0.839880,95309,6718,17.57,0.00,3,12
2026-10-08 00:02:21,7Cn1,offen,SI,DEW9dSN6QpWyNthphCpMmAbZP1Q4cEKR9xQXAri98WDP,3913.3,0.000206940705328,0.7972,0.428129,1665112,54921,16.61,0.00,6,32
2026-10-08 00:02:21,7Cn1,offen,si.gov,7CTRbkV1tVuq1f59pRxT1Pb2W5AHG4gM9FMH4rGzKiXv,3377.7,3.02433644232e-06,1.1090,1.363636,28656,2131,12.94,0.00,3,8
2026-10-08 00:02:21,7Cn1,offen,DARK,7KEPApdbBMByrmqihz3bht2uMhFQcatjfSFQCKq66kH3,217.9,4.52524652312e-05,1.4654,2.344720,675833,5363,12.82,0.02,65,240
2026-10-08 00:02:21,7Cn1,offen,CRAWL,BXoHJddsWJLHtAopeiSbKUSELsu8hSFMs8baGMDkpump,125.4,3.11322650518e-05,0.9957,0.796598,440492,7538,15.44,0.46,46,33
2026-10-08 00:02:21,7Cn1,offen,SpaceXSI,2GYMvnSv37djKecDshE8bYe2sRypcETeAF8G9h6un4J2,98.7,4.33078335751e-06,1.1270,0.225407,50659,2677,12.42,0.00,7,8
2026-10-08 00:02:21,Croco-AC7K,offen,AnyPS5,CWKbSd7jwMXXexP3pbwLAWMzr4HXAXTvt4R9pk2Vyyyc,175.9,4.40225440485e-06,1.1929,0.715720,40479,1824,19.38,0.00,17,33
2026-10-08 00:02:21,HoneyBadger-6kfX,offen,phubber,CBcjQNdtgb4SHwKDqKFxD3yPSk7pEMpKHQiMmZrgpump,1542.0,4.51041390292e-06,1.1452,2.290347,52084,3105,20.38,0.00,16,15
2026-10-08 00:02:21,HoneyBadger-6kfX,offen,pup,7HE2WmPoYE7uaA7DKh25N5cUwEcUoiyjwZU9ZeaQpump,988.3,8.30372316106e-08,0.8109,0.324341,2780,330,23.43,0.00,0,0
2026-10-08 00:02:21,8K7Z,offen,RARI,EFn88CiiFHhihqdr1Y11XBDxbbYarBf1ij92DsrigYwR,1199.7,1.50607064957e-05,1.1375,3.185044,172740,3543,20.59,0.00,13,20
2026-10-08 00:02:21,FKJE,offen,HOOKED,C1mBfBoDkwWfd6uTFZp62ARHLjeVp3bDpCDMfMZtPngE,1963.8,5.01922167506e-05,0.8452,0.507122,777936,11322,20.95,0.00,16,98
2026-10-08 00:02:21,2z7o,offen,desks,desks4HG9uksDrYFsRRdSLqYoXusNyEnGK8PZu9hKMG,14.0,1.98024592626e-07,1.0557,0.211149,9298,188,15.01,0.00,14,25
2026-10-08 00:02:21,54QZ,offen,MARVIN,EEGTUKdfRGdFqRNQZunXracQbgBEGj61GFSsidTEpBEs,705.3,3.60417001878e-08,0.8657,0.173131,628,8,17.78,0.00,0,0
2026-10-08 00:02:21,54QZ,offen,SXSI,6kLQP6SpZWY2281u8oWdKBPnTjgoAA6ZJSXZczt2gkwm,677.7,1.28378731461e-07,1.0249,0.124524,6234,268,20.75,0.00,0,0
2026-10-08 00:02:21,54QZ,offen,GOBLIN,E2itWssNNRVYSTd7U6Q7y5XVRVJM4eAxG7TGSv5epump,565.4,3.4418224392e-07,0.8837,0.816209,10540,591,23.01,0.00,1,1
2026-10-08 00:02:21,54QZ,offen,GODS,8nV3xKVvhX7KVnoxVN93ahcvFSecrWovturHggMHruQn,190.4,8.69180727439e-07,1.2628,0.505127,13889,637,25.46,0.00,3,5
2026-10-08 00:02:21,54QZ,offen,ZNEURO,3W25WcwSHckSbRFKUYePfpymN5npELnNUEQGHzC7pump,185.9,8.0096978318e-08,0.7815,0.302262,2322,73,33.34,0.00,1,0
2026-10-08 00:02:21,Loopierr,schatten,CatCollector,5AgD5tmarU5kgbqHqCgDEMcAHAQAm8muV67xkKs9urps,8033.3,3.62552487589e-08,0.1077,0.021545,141,35,4.00,0.00,0,0
2026-10-08 00:02:21,Loopierr,schatten,SGI,36yTNhb9rfogt4mWxFiTnBeeT9bNXrVdKymAJ3jbvTzM,7882.4,3.00379978568e-08,0.1882,0.037634,3679,6,0.36,0.00,0,0
2026-10-08 00:02:21,6ANG,schatten,ANTHROPIG,25DeVAVF86uAd2wcFewp7F1s6gjZei88Mj4xBzg3AP94,8594.5,1.10489399173e-07,0.4506,0.090116,5144,67,31.14,0.00,0,1
2026-10-08 00:02:21,HEBO,schatten,SI,4qCW74oX82oTeypDzFYYYZ6eJ6yPQVFeX196YpHszJFY,4715.6,2.20004161248e-08,0.4364,0.087279,2327,56,10.82,0.00,0,0
2026-10-08 00:02:21,HEBO,schatten,INCOME,E7mRvAbgZdA6dF7cgXZevkbjd9Yfy5q11XEFnWZfpump,4444.3,6.08650307331e-08,0.9720,0.194407,2265,1266,15.11,0.00,0,0
2026-10-08 00:02:21,HEBO,schatten,GPH,BtmRMRazMTY2KqpbZkdFGrGJSm8rwLG744DV8Webpump,3405.9,5.63783689616e-08,0.7990,0.159795,1709,69,25.94,0.00,0,0
2026-10-08 00:02:21,HEBO,schatten,pup,7HE2WmPoYE7uaA7DKh25N5cUwEcUoiyjwZU9ZeaQpump,3405.4,8.30372316106e-08,0.7609,0.152178,2780,330,23.43,0.00,0,0
2026-10-08 00:02:21,HEBO,schatten,ACTII,41QF43mQKs1Qm51xK7uQWjxRA9oZ6S5mBVYveR4wLfzx,532.8,4.71608694811e-08,0.7896,0.157926,1301,69,24.40,0.00,0,2
2026-10-08 00:02:21,HEBO,schatten,TITS,DPVNMLe7zXsrg8Y9rMyPmxBG31qqo3v9FyWChbKQpump,530.7,9.04262501717e-08,1.9097,0.305559,2655,46,27.67,0.00,0,1
2026-10-08 00:02:21,HEBO,schatten,TITS,C21p56TNF1Ec8BmyMkmLnwX56G3TzgYvzqMMVUPL7Fcm,527.9,2.70434538109e-08,0.6905,0.138091,586,118,14.15,0.00,0,0
2026-10-08 00:02:21,Troupe,schatten,CLAUSE,EWKyN7QHfJo41ikKqpo8R5gwEvryytKo9Vf7NF39U1GC,3091.1,1.83580498623e-08,0.0531,0.010620,2092,25,2.31,0.00,0,0
2026-10-08 00:02:21,4DOV,schatten,TRADE,Euz6EjyubNjJmCkahGEfCXmnCwNVLunxc1LZWsmV3wKf,1603.2,3.02203508356e-08,0.0225,0.004503,767,196,16.45,0.00,0,0
2026-10-08 00:02:21,Cooker,schatten,X7,CdhZy8wrRxNxoV8HtoByXKN7mvS46avtuZ1b39tKfx7,8696.3,3.19449723239e-06,0.3156,0.063119,56210,1757,22.04,0.00,3,5
2026-10-08 00:02:21,Cooker,schatten,9e9,HZ4qZQJ7yf6WR1D24GLRLJ3cKUfgtJEF3B7SdLMLvCPZ,7426.9,3.20245116206e-08,0.0372,0.014887,981,254,13.94,0.00,0,0
2026-10-08 00:02:21,Gake,schatten,MINEPAD,2EUKLvNQ63YCmjSDyJ14Tzj7ASeHGXgseYWrKAa2mine,9575.9,1.12854728751e-06,0.6654,0.113117,20861,779,23.43,0.00,17,14
2026-10-08 00:02:21,Gake,schatten,TERRA,JD3d8mxEJ91LHZSuwVLquFAKdo5PbEeLCUevjjDsPdRe,8293.4,8.57285377281e-08,0.0630,0.012606,2616,116,29.83,0.00,0,0
2026-10-08 00:02:21,Gake,schatten,SHITCOIN,4BxBot4K36N3ZZkpB9sqEocy5iBi8cUttK6s8YbHH9Jo,6785.6,7.21711450689e-08,0.0767,0.015342,2218,114,37.13,0.00,0,0
2026-10-08 00:02:21,Gake,schatten,FROGE,6R1F4sNySF4NKGdhW3UhESWuYYRu4Cehk5rn3mGP375R,6774.8,5.63900370343e-08,0.0531,0.010625,1953,344,24.79,0.00,0,0
2026-10-08 00:02:21,Gake,schatten,GENESIS,CSEd3Pi5WZL7w5vmwNjDVXv8poAqSv2Dn1as1erUpump,4128.9,6.88922511453e-08,0.0142,0.002850,2607,784,21.11,0.10,0,1
2026-10-08 00:02:21,Gake,schatten,OATH,2RSsw9tntE1RmoiPnNFiu93EzQu2eLnCAzvZiqMSoatH,4112.7,2.85889850873e-07,0.2565,0.051308,8165,262,24.93,0.00,1,1
2026-10-08 00:02:21,Gake,schatten,IMAGINE,EpFTb2XcGiMyGLykZ9VYmyPWz2AHEwAggqSbwJpypump,3740.6,2.01624212083e-06,0.7544,0.150887,25184,805,37.75,9.37,0,1
2026-10-08 00:02:21,Dior,schatten,CAESAR,8cp1WhUDxTbfX8nDe1kAB1ogPUyQvUSKgzFz365LbQyZ,2545.1,2.37399693447e-07,0.1028,0.020560,8164,1519,19.81,0.00,2,2
2026-10-08 00:02:21,Dior,schatten,ClapCat,5BjfgmtfqvNpAWx1CnZynoWLWNMnrwHLhTFzQ81vkEc8,716.2,2.31873873802e-06,0.6609,0.132185,29525,869,26.66,0.00,11,7
2026-10-08 00:02:21,koko,schatten,MAJOR,7AUzu756Pp3Cg3NByuKfcRSAFFt31kjC6U6R1npkiA1Q,5945.4,2.12236001708e-07,4.6462,0.929238,5309,170,29.68,0.00,0,0
2026-10-08 00:02:21,77n6,schatten,Ecat,5RUrbAftnTBptroKfpiJKyGF5v7aGsX9zYzNjSXjpump,2774.1,3.59779479875e-07,0.6645,0.132897,7453,275,25.42,0.57,0,1
2026-10-08 00:03:21,Loopierr,offen,GARP,FKPdKiZBYMU2MwHXKjyhgV6ozSh2APzvvr3ZBwFCfSHo,10807.1,2.52563870313e-08,0.0397,0.007936,523,145,7.95,0.00,0,0
2026-10-08 00:03:21,6ANG,offen,OpenSI,5ptkVdbpaPpEJPPVXE5CpJNCXEmAidyot5TQcDDawMzm,10534.6,3.7938905385e-07,0.9207,0.708342,10022,1192,22.36,0.00,0,1
2026-10-08 00:03:21,6ANG,offen,ANT,BTZK1B3pCoBDD1vy5e4bDBM4bwvvhkKUMTuKABkGWwGp,8595.7,3.39220230203e-07,0.8795,0.527725,9385,93,27.37,0.00,0,0
2026-10-08 00:03:21,6ANG,offen,ANTHROPIG,25DeVAVF86uAd2wcFewp7F1s6gjZei88Mj4xBzg3AP94,8595.5,1.10489399173e-07,0.4532,0.181280,5144,67,31.14,0.00,0,1
2026-10-08 00:03:21,6ANG,offen,STAR,StargWr5r6r8gZSjmEKGZ1dmvKWkj79r2z1xqjFstar,308.9,1.88491988779e-05,0.8480,0.169608,98572,899,54.00,0.00,0,0
2026-10-08 00:03:21,9LXM,offen,SGI,FcZcFjfNPJR9rycZS1FwkiEgQTW7ZWRjdSaBdJ6M9ha6,10389.7,6.24145169674e-08,0.0410,0.016391,4250,328,21.84,0.00,0,0
2026-10-08 00:03:21,HEBO,offen,SGI,FcZcFjfNPJR9rycZS1FwkiEgQTW7ZWRjdSaBdJ6M9ha6,10827.6,6.24145169674e-08,0.0527,0.060402,4250,328,21.84,0.00,0,0
2026-10-08 00:03:21,HEBO,offen,goon,HSUMi4rMgjrx7zRUabw3ogGu1pa5hmF2eVcXj9Apump,10621.7,6.45078834597e-07,0.7899,0.569116,16494,2874,18.35,0.00,2,3
2026-10-08 00:03:21,HEBO,offen,Tico,35ccP7zmf4THJsDn3UtozYcWm1U8nzhyHcTgK3ETpump,10556.4,3.35241598109e-08,0.5605,0.112108,3890,29,7.17,0.00,0,0
2026-10-08 00:03:21,HEBO,offen,SGI,Cb2pMbsRRvaeZoxpRqnTP6k6hLziSUf5pnqW9Jx5T3Wz,7968.0,1.50162997191e-07,0.3980,0.557243,7178,437,25.19,0.00,1,0
2026-10-08 00:03:21,HEBO,offen,ArmyX,F7y94q8QvGKNCrGt6E5pgQ7ABBkQK4QkqEBGs9Y5ZFFk,7943.5,3.41487212224e-08,0.1275,0.101964,3267,61,15.77,0.00,0,0
2026-10-08 00:03:21,HEBO,offen,ZUCKS,2eBJvNnn7guSjX1yuE7seuDY9pveDiHkfoyeBh2WZroS,7677.9,2.18793082862e-08,0.3346,0.048182,2368,30,7.97,0.00,0,0
2026-10-08 00:03:21,HEBO,offen,TRUMPTV,34w4t74EsbJyBBSyYBFyNo65Ft7Ax8BF3HrubL1mwbpL,7583.0,2.01893829325e-08,0.1548,0.030956,2246,92,5.45,0.00,0,0
2026-10-08 00:03:21,HEBO,offen,pill,DvdmEnztCmXwBnAbedD48XVGZJSxq31zNvnyftXdpump,6519.1,1.24548484628e-05,0.7111,1.848761,219507,5498,20.83,0.00,3,4
2026-10-08 00:03:21,HEBO,offen,PUMPCAT,G4vqe8KAcRGTb7Kc55n9sz43aR4ugTPdSeUnAXZhpump,6518.8,3.08545863104e-06,1.4627,0.292544,48607,1412,24.54,0.00,0,0
2026-10-08 00:03:21,HEBO,offen,CUPTOBER,EKgswaMnRSJHmyFZCbxscTAjiR2bH1oLXsftepUGsPtz,6355.7,4.86028766019e-08,0.5908,0.236335,5206,26,12.93,0.00,0,0
2026-10-08 00:03:21,HEBO,offen,Scronkfinkle,DaUFkgZjwJCsM9QDWCsxtZS2omgHS3Fn9GHgTX5wwpcX,5093.4,3.87065506689e-08,0.3808,0.228486,1035,98,19.39,0.00,0,0
2026-10-08 00:03:21,HEBO,offen,Eagle,E3pWKtfQk6LLZpRWVTjJwrMY4vFa9umLYDPxWJtZSTNK,5069.9,2.60454618774e-08,0.1376,0.124654,2748,75,12.69,0.00,0,0
2026-10-08 00:03:21,HEBO,offen,Inu,83LFceyzRNNRUThm4VzHx4jmVuf6xAggSp2UvhQx52Dy,4716.8,2.51021388182e-08,0.1446,0.028923,2522,118,11.76,0.00,0,0
2026-10-08 00:03:21,HEBO,offen,Caviar,F7ktJWjMtubD8zwv5xMb35g5hPTvGQSDMS8UGcwXpump,4449.1,1.02787077218e-07,0.6554,0.262176,3083,84,29.59,0.00,0,0
2026-10-08 00:03:21,HEBO,offen,TIT,3KM7dvpUk2Wm8qdXtZpBJHgic4bAaz1MTDHvUEjKpump,4423.7,2.25207796138e-07,0.5287,0.422945,6374,131,26.81,0.00,0,0
2026-10-08 00:03:21,HEBO,offen,MIM,6bJtwhtvzkthAYszQ3ZWkFJzSvbGSkbAz9yPcSiXaGK6,4423.1,1.44820397556e-07,1.1452,0.229033,4719,188,26.51,0.00,0,0
2026-10-08 00:03:21,HEBO,offen,Taste,93FWFR63nwQcq5zuXNmTits5BYcKFjmUZzccMvhmpump,4422.8,1.20794170234e-07,1.3458,0.538310,9853,38,23.38,0.00,0,0
2026-10-08 00:03:21,HEBO,offen,GPH,H1hFymzkRE7CAdxEuBWYknvsTCgoDXAqPKFU94iPpump,4417.1,4.58004314586e-08,0.8667,0.173349,867,69,10.72,0.00,0,0
2026-10-08 00:03:21,HEBO,offen,TIT,Ar3QBegnCQr6ZFyN9h637ar9JCxZRvdboiR1QzMrpump,3410.9,1.01977267494e-07,0.3068,0.429524,3168,273,36.22,0.00,0,0
2026-10-08 00:03:21,HEBO,offen,AVERY,8QFGVLXehnTv28eMdXZkhY5d84SVF58LAfRGx8zWpH9b,3347.7,3.46925481534e-08,0.1937,0.038736,3097,227,19.30,0.00,0,0
2026-10-08 00:03:21,HEBO,offen,APU,HoCeDUrd5BqfYmaRk2eiUpzshEvpwfYpgrJ4YKFCpump,2146.6,1.14303039362e-07,0.6385,0.127702,4067,257,25.32,0.00,0,0
2026-10-08 00:03:21,HEBO,offen,APU,E7eCZS2cq655qJ7uVx3dSHR2zK31kwNQsWS6P6Hpump,2146.3,1.6427538856e-06,2.5673,2.053824,18808,452,26.13,0.00,1,5
2026-10-08 00:03:21,HEBO,offen,COCKROACH,H4KUxsEgCp2yDpFvyDuGM5k6XevSKKrrKUxZ3Zr6nyJc,2141.6,8.60069253771e-06,1.2703,2.286506,83268,3408,18.67,0.00,6,6
2026-10-08 00:03:21,HEBO,offen,MDOG,F5zC2QoP6j2erxNyf4z6iNCi6X6AkburMC2Xofhxpump,1920.9,7.85755169557e-08,0.9214,0.184271,3252,1646,17.78,0.00,0,0
2026-10-08 00:03:21,HEBO,offen,SI,8ALHRuN5q4MHRaKPdiXi7cHyVWicZVwQx2TBTCH8GZ4h,1676.3,1.03648997292e-07,0.9788,0.195750,3141,56,22.59,0.00,0,0
2026-10-08 00:03:21,HEBO,offen,PHASEONE,GfawjB4Fxz389kECjrrnsdS8MKb9hMgALonJddGQasHL,542.0,3.5640390143e-08,0.6062,0.121239,905,90,20.69,0.00,0,0
2026-10-08 00:03:21,HEBO,offen,TITS,GLsHzxjtktCKzAA8LEEfXJ5UF2Jdsj161e5Duh3tkzga,528.8,5.26744298141e-08,0.9699,0.193986,1828,521,23.03,0.00,0,0
2026-10-08 00:03:21,HEBO,offen,AI,4AvWfTKcEFqwRjxBnoyWRY7wF7UV9cqH3492UFKHpump,505.1,4.08907202494e-08,0.5937,0.118733,1198,67,16.73,0.00,0,0
2026-10-08 00:03:21,HEBO,offen,INSTADOCS,AMj8gG4mXckBoaT5mGQDwriKUqJtEApNg2CuXw6Ypump,504.8,5.26477406226e-08,1.0979,0.219587,1588,23,19.72,0.00,0,0
2026-10-08 00:03:21,Troupe,offen,PUMP,pumpCmXqMfrsAkQ5r49WcJnRayYRqmXz6ae8H7H9Dfn,8746.2,5.36936211083e-05,1.1075,0.010014,43501827,315415,59.33,0.00,92,269
2026-10-08 00:03:21,Troupe,offen,homo,42AtRP5d3ySBj9iveMYeD23kkmN3HEZFwUzs1YKvkPA9,7093.6,2.14592576655e-08,0.0577,0.010117,256,145,3.18,0.00,0,0
2026-10-08 00:03:21,Troupe,offen,PUMPE,9fJAWKQpkY93hfuZxrHfh5wEh2AV9vjkWNQfzfbziHd2,6966.8,7.37751392877e-06,0.2670,0.320376,53597,2295,18.17,0.80,1,2
2026-10-08 00:03:21,Troupe,offen,HOLD,6REnZgtxhwdSAHczAp4J5PRsGQYQt7T3x4kEDyfs9U7y,6923.9,2.89075849003e-08,0.0166,0.003328,775,479,9.51,0.00,0,0
2026-10-08 00:03:21,Troupe,offen,THICC,3QEbHMK6ceYevtaCdLmBQMJgcPb9PJQpgyFBP6f6x6Rg,4268.4,1.33342115681e-08,0.0620,0.012402,1486,8,4.02,0.00,0,0
2026-10-08 00:03:21,Troupe,offen,CLAUSE,EWKyN7QHfJo41ikKqpo8R5gwEvryytKo9Vf7NF39U1GC,3092.2,1.83580498623e-08,0.0754,0.015075,2092,25,2.31,0.00,0,0
2026-10-08 00:03:21,Troupe,offen,TESTla,TESZBZpTRGUDriZQg72kYre1Vozyp2de7Z6o5JUtdRA,1439.0,0,0.0000,0.000000,6,41,3.55,0.04,0,0
2026-10-08 00:03:21,4DOV,offen,BOT,Aaan4fxwhKtUUPg2GSKq6natLV9oj9QQNf5xT4UE2gXr,8393.2,3.12422245552e-08,0.0367,0.007335,858,318,15.16,0.00,0,1
2026-10-08 00:03:21,4DOV,offen,PUDU,8HQgEcbhR5Xoh735zvndAocCLd7wdAYJfWHV55J8pump,6944.2,2.75782014479e-08,0.0131,0.005233,608,423,12.75,0.00,0,0
2026-10-08 00:03:21,4DOV,offen,Aiden,9dSMwFfPezQ8WPcW1uZV7ns4rcviEj2LssSAg75WBLXd,5505.1,4.57852195868e-07,0.0325,0.014646,12007,3150,17.06,0.00,1,2
2026-10-08 00:03:21,4DOV,offen,SPLICE,7bC8ugu1ZJn21MhA4ht483nX8brLNesa8R7XLimpFyhq,4748.6,7.22099245393e-07,0.0457,0.027391,16691,2702,23.24,0.03,4,7
2026-10-08 00:03:21,4DOV,offen,Ash,4jxyespUyvDxg1cN1NMCWErHGGyPrBdEzPiDobLBmttL,4430.9,4.01124507567e-08,0.1002,0.020044,1049,21,2.44,0.00,0,0
2026-10-08 00:03:21,4DOV,offen,www,GAwhcphCqCv5bKHmCiN4VDdNWfbXJL4npmkc8L3Q9S9H,4280.3,1.24363605239e-06,0.1190,0.047606,33393,6449,18.23,0.00,6,5
2026-10-08 00:03:21,4DOV,offen,ACTII,DYjM6f2R34Qp4jPE73HsdEVZwwcQFCsokpNYCqBUpump,4208.0,2.31384487167e-07,0.0438,0.013129,6409,1101,26.91,0.00,2,0
2026-10-08 00:03:21,4DOV,offen,BANANA,G7JkKqGb69cCWC2XkDXc8LG8qbifTkCKpsAcr6kApump,4091.9,3.2551854551e-08,0.0312,0.006232,825,192,18.37,0.00,0,0
2026-10-08 00:03:21,4DOV,offen,JITI,6YuVyHbjdwxiH1CLCSusP9yjXmsVvQfcTbSSPcFuXDew,3530.9,4.97347823487e-08,0.0422,0.008431,2028,803,19.87,0.00,0,0
2026-10-08 00:03:21,4DOV,offen,QINU,4unydQjvYdqR31pkuBYGu2nGst8r8j5XMW8KXRXtpump,3294.5,3.08299378802e-08,0.0185,0.007406,907,531,11.24,1.06,0,0
2026-10-08 00:03:21,4DOV,offen,NOLLA,CXw5hY3BMi87DTa99ekZgwxuvu7pQ2FUQVecs3SvJLD9,3114.6,2.95699277304e-08,0.0265,0.005291,726,326,15.30,0.00,0,0
2026-10-08 00:03:21,4DOV,offen,TRANNIE,BvLqum9qd4TWQ1c9WPmLYMvxxzoXUjsFycVffvjyq16,3033.7,2.64119752244e-08,0.1129,0.022576,482,118,12.72,0.00,0,0
2026-10-08 00:03:21,4DOV,offen,OTC,MukLDtJ8Cx9DxLbeyLRSWPSposTMWuwHANbuaudpump,2581.1,6.67810922337e-05,0.6265,0.014403,477452,18728,25.82,0.00,5,42
2026-10-08 00:03:21,4DOV,offen,TRADE,Euz6EjyubNjJmCkahGEfCXmnCwNVLunxc1LZWsmV3wKf,1604.4,3.02203508356e-08,0.0242,0.009669,767,196,16.45,0.00,0,0
2026-10-08 00:03:21,4DOV,offen,AUTON,39ahtL8ynzE4amH26J29C93PA5172V3ft9UuUcqQS8fz,1265.1,2.23355742324e-05,0.4486,0.358872,365253,6741,14.58,0.00,21,90
2026-10-08 00:03:21,4DOV,offen,Human,8nPoBHiBM6pybxMws9PA2JRb9BjkppBfqcZGmot4DMBC,433.3,2.72471102916e-06,0.6408,0.008735,49484,5773,23.47,0.00,2,9
2026-10-08 00:03:21,4DOV,offen,HSM,2856wfnQ27LH23yKeFHJ4XQpQ2bsw4sen8RqyW5Wpump,290.1,1.43230298684e-07,0.3154,0.126148,4461,770,19.92,0.00,4,2
2026-10-08 00:03:21,4DOV,offen,FRENS,41MjNbWHZeFmxwMHPwTfsJP3aPbvsvR5tsgnmhNKpump,2.3,1.60591735998e-06,1.1868,0.237355,18035,587,18.22,0.00,103,225
2026-10-08 00:03:21,Cooker,offen,SI,DEW9dSN6QpWyNthphCpMmAbZP1Q4cEKR9xQXAri98WDP,8918.1,0.000204490984144,0.6025,0.361499,1665509,54920,16.61,0.00,5,37
2026-10-08 00:03:21,Cooker,offen,HOOKED,C1mBfBoDkwWfd6uTFZp62ARHLjeVp3bDpCDMfMZtPngE,7464.5,4.94109109339e-05,0.4523,2.080616,759966,11320,20.95,0.00,18,94
2026-10-08 00:03:21,Gake,offen,CURVE,7ioeSgzfSKHMnpgfPpgRFsekMBGiu9oi6t6GeqYtNbbh,9607.0,1.63908226911e-06,0.4737,0.094750,107239,1085,15.61,0.06,0,0
2026-10-08 00:03:21,Gake,offen,SDOG,yFcTuQJCMsd1Asya15GZ7h4KGdxsujRLcUiTWWXpump,9420.3,3.57912670879e-07,0.0480,0.009592,9745,1646,19.45,0.00,17,6
2026-10-08 00:03:21,Gake,offen,OP,5PiBn5JdjJDnRGziiSfsu2affgBR3DyTTCR3CHpcode,9357.7,1.66828048089e-07,0.0459,0.009189,7193,1387,22.64,0.00,0,2
2026-10-08 00:03:21,Gake,offen,PURPS,purpFPo5voy6fEu8jxSCwVdMs1zyYEYAH6FBQvTYCZK,7075.5,2.34709546165e-06,0.8234,0.164683,30581,2252,33.91,0.00,0,0
2026-10-08 00:03:21,Pikalosi,offen,Miu,7LNFZcNigZay5U9e2sq6n2Z4iM8BC2Dd53L14pwvpump,7582.0,4.44714921467e-07,1.0655,0.213102,14528,795,21.45,0.00,0,0
2026-10-08 00:03:21,Dior,offen,OTC,MukLDtJ8Cx9DxLbeyLRSWPSposTMWuwHANbuaudpump,7907.8,6.67810922337e-05,0.9858,4.618931,477452,18728,25.82,0.00,5,42
2026-10-08 00:03:21,Dior,offen,TripleT,J8PSdNP3QewKq2Z1JJJFDMaqF7KcaiJhR7gbr5KZpump,7036.0,5.82060373796e-05,0.9394,0.375741,362192,22869,18.94,0.00,2,9
2026-10-08 00:03:21,Dior,offen,Kirkslop,8m5hzX9hprtWwPuVZL4daCZfggWYKc6fhSJDDpiqpump,6715.3,6.20154568842e-07,0.9439,0.566314,14354,396,28.14,0.00,0,3
2026-10-08 00:03:21,Dior,offen,COCKROACH,H4KUxsEgCp2yDpFvyDuGM5k6XevSKKrrKUxZ3Zr6nyJc,3554.5,8.60069253771e-06,0.9532,2.097078,83268,3408,18.67,0.00,6,6
2026-10-08 00:03:21,Dior,offen,CAESAR,8cp1WhUDxTbfX8nDe1kAB1ogPUyQvUSKgzFz365LbQyZ,2524.2,2.37399693447e-07,0.1185,0.331777,8164,1519,19.81,0.00,2,2
2026-10-08 00:03:21,Dior,offen,ClapCat,5BjfgmtfqvNpAWx1CnZynoWLWNMnrwHLhTFzQ81vkEc8,709.4,2.28676188699e-06,0.8365,1.003799,29515,869,26.66,0.00,11,8
2026-10-08 00:03:21,Dior,offen,ART,DEQKHY5YVPFiwcVhoUUE5gnkWj66LVPoPgLHAswqpump,641.7,2.70724613286e-07,0.1440,0.483689,7410,1594,23.53,0.00,4,2
2026-10-08 00:03:21,3zsr,offen,Sapijiju,8Fs2YLsayR4awLB79nMM3QCpG3pqvcAGP7hHb8fX4L2G,7407.0,1.31465543856e-07,1.2267,0.245339,4250,360,28.29,0.00,0,0
2026-10-08 00:03:21,3zsr,offen,EZRA,4qTqqkexQCEP2m8UrDWXACHpA8bEkGxpNJrDPMNcfHKQ,2743.7,3.36046481441e-08,1.0173,0.203456,3889,6,7.67,0.00,0,0
2026-10-08 00:03:21,3zsr,offen,ELONMUSK,5QmEgE9rK3aB1SDi7mK7rXPt2QHe7FRT69zbb2X2iSip,2743.5,3.25428460451e-08,0.9488,0.189765,3775,5,12.21,0.00,0,0
2026-10-08 00:03:21,3zsr,offen,HIGCAT,52sQ5kFhaTD6NsfN4oKreHZAwxrxgUo129ZCG3EBsVhv,2743.2,3.18216056072e-08,0.8979,0.179572,3726,6,6.49,0.00,0,0
2026-10-08 00:03:21,3zsr,offen,GIA,4FuWREkDYG1chHxHfgmUv3AN1iLPUi42Er6UboWUJKwU,2742.9,3.27282383227e-08,0.9170,0.183396,3795,10,9.39,0.00,0,0
2026-10-08 00:03:21,3zsr,offen,Sworddog,2QLpYwa5tzMjGBZWCmu9WHEPTNPH65w7xeFHSU1Hpump,2170.6,3.46527256748e-08,0.8747,0.174937,3910,14,12.90,0.00,0,0
2026-10-08 00:03:21,3zsr,offen,TRUMP,AYLh1Bgthdgego4EBAJQZtzXiQ6b1EbrPWES5V1vjhzV,2055.3,3.33975468189e-08,0.5387,0.053866,720,87,20.40,0.00,0,0
2026-10-08 00:03:21,3zsr,offen,RUGRUN,2VFjLcouktUNWRsZVkdiJ57nmRZR8HTJjKzDkZ3mbN8f,2028.1,3.30561678349e-08,0.9650,0.192997,3866,5,6.69,0.00,0,0
2026-10-08 00:03:21,3zsr,offen,HOUS,4pZQCY4HLpeYyJJ48yu7Z49B4G1Z7B1ZH3YdvVfNqKGn,2027.8,4.10897156241e-08,0.9969,0.199379,4281,15,15.88,0.00,0,0
2026-10-08 00:03:21,C7bF,offen,Plague,3oTRLDrbymWupBmmUuNzRYTJm4cXpHHsmu5Uz3PF5uU3,913.9,3.1248121971e-08,0.4673,0.093460,3690,8,5.62,0.00,0,0
2026-10-08 00:03:21,C7bF,offen,SPSI,ERvSTRZsoEdM79d9Ajb2KMSnM1uPgamW3BoNgj21teCa,387.4,3.88971389656e-08,1.0442,0.208839,467,6,13.47,0.00,0,0
2026-10-08 00:03:21,77n6,offen,Ecat,5RUrbAftnTBptroKfpiJKyGF5v7aGsX9zYzNjSXjpump,2734.3,3.59779479875e-07,0.6441,0.257629,7453,275,25.42,0.57,0,1
2026-10-08 00:03:21,G7b2,offen,si.gov,7CTRbkV1tVuq1f59pRxT1Pb2W5AHG4gM9FMH4rGzKiXv,5208.3,3.02389449425e-06,1.3215,2.643100,28653,2131,12.94,0.00,3,7
2026-10-08 00:03:21,G7b2,offen,GTA6,4kjruqGHDsSqkMdFfCjV7Vb62HPFhtXyWc2t6JpQzDnz,4206.1,5.03898824765e-06,0.9875,0.789973,13829,10684,15.33,0.00,1,1
2026-10-08 00:03:21,G7b2,offen,SXSI,DQysBW79uHzZAWd2ahVQrf89CuSFqVzuNA3ijHbjVJfG,4197.4,1.55846544164e-06,0.6226,0.996154,23811,1228,28.56,0.00,1,1
2026-10-08 00:03:21,G7b2,offen,SI,DEW9dSN6QpWyNthphCpMmAbZP1Q4cEKR9xQXAri98WDP,4158.2,0.000204490984144,0.8923,2.341632,1665509,54920,16.61,0.00,5,37
2026-10-08 00:03:21,G7b2,offen,PLAGUE,CscZaq5twomhUkvCY8Jdd1tge32L4Yj9FbkFFEZQpump,2181.4,4.65132712804e-06,0.2779,0.833768,95202,6717,17.57,0.00,3,15
2026-10-08 00:03:21,7Cn1,offen,SI,DEW9dSN6QpWyNthphCpMmAbZP1Q4cEKR9xQXAri98WDP,3914.3,0.000204490984144,0.7877,0.423061,1665509,54920,16.61,0.00,5,37
2026-10-08 00:03:21,7Cn1,offen,si.gov,7CTRbkV1tVuq1f59pRxT1Pb2W5AHG4gM9FMH4rGzKiXv,3378.7,3.02389449425e-06,1.1088,1.363437,28653,2131,12.94,0.00,3,7
2026-10-08 00:03:21,7Cn1,offen,DARK,7KEPApdbBMByrmqihz3bht2uMhFQcatjfSFQCKq66kH3,218.9,4.46096255352e-05,1.4446,2.311412,690000,5370,12.82,0.02,62,258
2026-10-08 00:03:21,7Cn1,offen,CRAWL,BXoHJddsWJLHtAopeiSbKUSELsu8hSFMs8baGMDkpump,126.4,3.10815918916e-05,0.9941,0.795301,440303,7537,15.44,0.46,16,39
2026-10-08 00:03:21,7Cn1,offen,SpaceXSI,2GYMvnSv37djKecDshE8bYe2sRypcETeAF8G9h6un4J2,99.7,4.33609184911e-06,1.1284,0.225683,50648,2677,12.42,0.00,7,7
2026-10-08 00:03:21,Croco-AC7K,offen,AnyPS5,CWKbSd7jwMXXexP3pbwLAWMzr4HXAXTvt4R9pk2Vyyyc,176.9,4.32631635523e-06,1.1723,0.703374,38871,1822,19.38,0.00,15,32
2026-10-08 00:03:21,HoneyBadger-6kfX,offen,phubber,CBcjQNdtgb4SHwKDqKFxD3yPSk7pEMpKHQiMmZrgpump,1543.0,4.6255842587e-06,1.1744,2.348829,53293,3105,20.38,0.00,14,19
2026-10-08 00:03:21,HoneyBadger-6kfX,offen,pup,7HE2WmPoYE7uaA7DKh25N5cUwEcUoiyjwZU9ZeaQpump,989.3,8.31629266011e-08,0.8121,0.324832,2780,330,23.43,0.00,0,1
2026-10-08 00:03:21,8K7Z,offen,RARI,EFn88CiiFHhihqdr1Y11XBDxbbYarBf1ij92DsrigYwR,1200.7,1.47096650858e-05,1.1110,3.110806,172652,3542,20.59,0.00,11,18
2026-10-08 00:03:21,FKJE,offen,HOOKED,C1mBfBoDkwWfd6uTFZp62ARHLjeVp3bDpCDMfMZtPngE,1964.8,4.94109109339e-05,0.8320,0.499228,759966,11320,20.95,0.00,18,94
2026-10-08 00:03:21,2z7o,offen,desks,desks4HG9uksDrYFsRRdSLqYoXusNyEnGK8PZu9hKMG,15.0,2.0039629789e-07,1.0684,0.213678,9344,190,15.01,0.00,13,20
2026-10-08 00:03:21,54QZ,offen,MARVIN,EEGTUKdfRGdFqRNQZunXracQbgBEGj61GFSsidTEpBEs,706.3,3.60417001878e-08,0.8657,0.173131,628,8,17.78,0.00,0,0
2026-10-08 00:03:21,54QZ,offen,SXSI,6kLQP6SpZWY2281u8oWdKBPnTjgoAA6ZJSXZczt2gkwm,678.7,1.28378731461e-07,1.0249,0.124524,6234,268,20.75,0.00,0,0
2026-10-08 00:03:21,54QZ,offen,GOBLIN,E2itWssNNRVYSTd7U6Q7y5XVRVJM4eAxG7TGSv5epump,566.4,3.4418224392e-07,0.8837,0.816209,10540,591,23.01,0.00,1,1
2026-10-08 00:03:21,54QZ,offen,GODS,8nV3xKVvhX7KVnoxVN93ahcvFSecrWovturHggMHruQn,191.4,8.69533543859e-07,1.2633,0.207186,13893,638,25.69,0.00,5,9
2026-10-08 00:03:21,54QZ,offen,ZNEURO,3W25WcwSHckSbRFKUYePfpymN5npELnNUEQGHzC7pump,186.9,8.0096978318e-08,0.7815,0.302262,2322,73,33.34,0.00,1,0
2026-10-08 00:03:21,Loopierr,schatten,CatCollector,5AgD5tmarU5kgbqHqCgDEMcAHAQAm8muV67xkKs9urps,8034.3,3.62552487589e-08,0.1077,0.021545,141,35,4.00,0.00,0,0
2026-10-08 00:03:21,Loopierr,schatten,SGI,36yTNhb9rfogt4mWxFiTnBeeT9bNXrVdKymAJ3jbvTzM,7883.4,3.00379978568e-08,0.1882,0.037634,3679,6,0.36,0.00,0,0
2026-10-08 00:03:21,6ANG,schatten,ANTHROPIG,25DeVAVF86uAd2wcFewp7F1s6gjZei88Mj4xBzg3AP94,8595.5,1.10489399173e-07,0.4506,0.090116,5144,67,31.14,0.00,0,1
2026-10-08 00:03:21,HEBO,schatten,SI,4qCW74oX82oTeypDzFYYYZ6eJ6yPQVFeX196YpHszJFY,4716.6,2.20004161248e-08,0.4364,0.087279,2327,56,10.82,0.00,0,0
2026-10-08 00:03:21,HEBO,schatten,INCOME,E7mRvAbgZdA6dF7cgXZevkbjd9Yfy5q11XEFnWZfpump,4445.3,6.08650307331e-08,0.9720,0.194407,2265,1266,15.11,0.00,0,0
2026-10-08 00:03:21,HEBO,schatten,GPH,BtmRMRazMTY2KqpbZkdFGrGJSm8rwLG744DV8Webpump,3406.9,5.63783689616e-08,0.7990,0.159795,1709,69,25.94,0.00,0,0
2026-10-08 00:03:21,HEBO,schatten,pup,7HE2WmPoYE7uaA7DKh25N5cUwEcUoiyjwZU9ZeaQpump,3406.4,8.31629266011e-08,0.7620,0.152408,2780,330,23.43,0.00,0,1
2026-10-08 00:03:21,HEBO,schatten,ACTII,41QF43mQKs1Qm51xK7uQWjxRA9oZ6S5mBVYveR4wLfzx,533.8,4.71608694811e-08,0.7896,0.157926,1301,69,24.40,0.00,0,2
2026-10-08 00:03:21,HEBO,schatten,TITS,DPVNMLe7zXsrg8Y9rMyPmxBG31qqo3v9FyWChbKQpump,531.7,9.04262501717e-08,1.9097,0.305559,2655,46,27.67,0.00,0,1
2026-10-08 00:03:21,HEBO,schatten,TITS,C21p56TNF1Ec8BmyMkmLnwX56G3TzgYvzqMMVUPL7Fcm,528.9,2.70434538109e-08,0.6905,0.138091,586,118,14.15,0.00,0,0
2026-10-08 00:03:21,Troupe,schatten,CLAUSE,EWKyN7QHfJo41ikKqpo8R5gwEvryytKo9Vf7NF39U1GC,3092.1,1.83580498623e-08,0.0531,0.010620,2092,25,2.31,0.00,0,0
2026-10-08 00:03:21,4DOV,schatten,TRADE,Euz6EjyubNjJmCkahGEfCXmnCwNVLunxc1LZWsmV3wKf,1604.2,3.02203508356e-08,0.0225,0.004503,767,196,16.45,0.00,0,0
2026-10-08 00:03:21,Cooker,schatten,X7,CdhZy8wrRxNxoV8HtoByXKN7mvS46avtuZ1b39tKfx7,8697.3,3.19449723239e-06,0.3156,0.063119,56210,1757,22.04,0.00,3,5
2026-10-08 00:03:21,Cooker,schatten,9e9,HZ4qZQJ7yf6WR1D24GLRLJ3cKUfgtJEF3B7SdLMLvCPZ,7427.9,3.20245116206e-08,0.0372,0.014887,981,254,13.94,0.00,0,0
2026-10-08 00:03:21,Gake,schatten,MINEPAD,2EUKLvNQ63YCmjSDyJ14Tzj7ASeHGXgseYWrKAa2mine,9576.9,1.10070104453e-06,0.6490,0.110326,20603,780,23.43,0.00,19,7
2026-10-08 00:03:21,Gake,schatten,TERRA,JD3d8mxEJ91LHZSuwVLquFAKdo5PbEeLCUevjjDsPdRe,8294.4,8.57285377281e-08,0.0630,0.012606,2616,116,29.83,0.00,0,0
2026-10-08 00:03:21,Gake,schatten,SHITCOIN,4BxBot4K36N3ZZkpB9sqEocy5iBi8cUttK6s8YbHH9Jo,6786.6,7.21711450689e-08,0.0767,0.015342,2218,114,37.13,0.00,0,0
2026-10-08 00:03:21,Gake,schatten,FROGE,6R1F4sNySF4NKGdhW3UhESWuYYRu4Cehk5rn3mGP375R,6775.8,5.63900370343e-08,0.0531,0.010625,1953,344,24.79,0.00,0,0
2026-10-08 00:03:21,Gake,schatten,GENESIS,CSEd3Pi5WZL7w5vmwNjDVXv8poAqSv2Dn1as1erUpump,4129.9,6.88922511453e-08,0.0142,0.002850,2607,784,21.11,0.10,0,1
2026-10-08 00:03:21,Gake,schatten,OATH,2RSsw9tntE1RmoiPnNFiu93EzQu2eLnCAzvZiqMSoatH,4113.7,2.85889850873e-07,0.2565,0.051308,8165,262,24.93,0.00,1,1
2026-10-08 00:03:21,Gake,schatten,IMAGINE,EpFTb2XcGiMyGLykZ9VYmyPWz2AHEwAggqSbwJpypump,3741.6,2.01624212083e-06,0.7544,0.150887,25184,805,37.75,9.37,0,1
2026-10-08 00:03:21,Dior,schatten,CAESAR,8cp1WhUDxTbfX8nDe1kAB1ogPUyQvUSKgzFz365LbQyZ,2546.1,2.37399693447e-07,0.1028,0.020560,8164,1519,19.81,0.00,2,2
2026-10-08 00:03:21,Dior,schatten,ClapCat,5BjfgmtfqvNpAWx1CnZynoWLWNMnrwHLhTFzQ81vkEc8,717.2,2.28676188699e-06,0.6518,0.130362,29515,869,26.66,0.00,11,8
2026-10-08 00:03:21,koko,schatten,MAJOR,7AUzu756Pp3Cg3NByuKfcRSAFFt31kjC6U6R1npkiA1Q,5946.4,2.12236001708e-07,4.6462,0.929238,5309,170,29.68,0.00,0,0
2026-10-08 00:03:21,77n6,schatten,Ecat,5RUrbAftnTBptroKfpiJKyGF5v7aGsX9zYzNjSXjpump,2775.1,3.59779479875e-07,0.6645,0.132897,7453,275,25.42,0.57,0,1
2026-10-08 00:04:22,Loopierr,offen,GARP,FKPdKiZBYMU2MwHXKjyhgV6ozSh2APzvvr3ZBwFCfSHo,10808.1,2.52563870313e-08,0.0397,0.007936,523,145,7.95,0.00,0,0
2026-10-08 00:04:22,6ANG,offen,OpenSI,5ptkVdbpaPpEJPPVXE5CpJNCXEmAidyot5TQcDDawMzm,10535.7,3.7938905385e-07,0.9207,0.708342,10022,1192,22.36,0.00,0,0
2026-10-08 00:04:22,6ANG,offen,ANT,BTZK1B3pCoBDD1vy5e4bDBM4bwvvhkKUMTuKABkGWwGp,8596.7,3.39220230203e-07,0.8795,0.527725,9385,93,27.37,0.00,0,0
2026-10-08 00:04:22,6ANG,offen,ANTHROPIG,25DeVAVF86uAd2wcFewp7F1s6gjZei88Mj4xBzg3AP94,8596.5,1.10489399173e-07,0.4532,0.181280,5144,67,31.14,0.00,0,1
2026-10-08 00:04:22,6ANG,offen,STAR,StargWr5r6r8gZSjmEKGZ1dmvKWkj79r2z1xqjFstar,310.0,1.88491988779e-05,0.8480,0.169608,98572,899,54.00,0.00,0,0
2026-10-08 00:04:22,9LXM,offen,SGI,FcZcFjfNPJR9rycZS1FwkiEgQTW7ZWRjdSaBdJ6M9ha6,10390.7,6.24145169674e-08,0.0410,0.016391,4250,328,21.84,0.00,0,0
2026-10-08 00:04:22,HEBO,offen,SGI,FcZcFjfNPJR9rycZS1FwkiEgQTW7ZWRjdSaBdJ6M9ha6,10828.7,6.24145169674e-08,0.0527,0.060402,4250,328,21.84,0.00,0,0
2026-10-08 00:04:22,HEBO,offen,goon,HSUMi4rMgjrx7zRUabw3ogGu1pa5hmF2eVcXj9Apump,10622.7,6.45078834597e-07,0.7899,0.569116,16494,2874,18.35,0.00,2,3
2026-10-08 00:04:22,HEBO,offen,Tico,35ccP7zmf4THJsDn3UtozYcWm1U8nzhyHcTgK3ETpump,10557.4,3.35241598109e-08,0.5605,0.112108,3890,29,7.17,0.00,0,0
2026-10-08 00:04:22,HEBO,offen,SGI,Cb2pMbsRRvaeZoxpRqnTP6k6hLziSUf5pnqW9Jx5T3Wz,7969.0,1.50162997191e-07,0.3980,0.557243,7178,437,25.19,0.00,1,0
2026-10-08 00:04:22,HEBO,offen,ArmyX,F7y94q8QvGKNCrGt6E5pgQ7ABBkQK4QkqEBGs9Y5ZFFk,7944.5,3.41487212224e-08,0.1275,0.101964,3267,61,15.77,0.00,0,0
2026-10-08 00:04:22,HEBO,offen,ZUCKS,2eBJvNnn7guSjX1yuE7seuDY9pveDiHkfoyeBh2WZroS,7678.9,2.18793082862e-08,0.3346,0.048182,2368,30,7.97,0.00,0,0
2026-10-08 00:04:22,HEBO,offen,TRUMPTV,34w4t74EsbJyBBSyYBFyNo65Ft7Ax8BF3HrubL1mwbpL,7584.0,2.01893829325e-08,0.1548,0.030956,2246,92,5.45,0.00,0,0
2026-10-08 00:04:22,HEBO,offen,pill,DvdmEnztCmXwBnAbedD48XVGZJSxq31zNvnyftXdpump,6520.1,1.28397689404e-05,0.7330,1.905898,221974,5502,20.83,0.00,4,3
2026-10-08 00:04:22,HEBO,offen,PUMPCAT,G4vqe8KAcRGTb7Kc55n9sz43aR4ugTPdSeUnAXZhpump,6519.8,3.08545863104e-06,1.4627,0.292544,48607,1412,24.54,0.00,0,0
2026-10-08 00:04:22,HEBO,offen,CUPTOBER,EKgswaMnRSJHmyFZCbxscTAjiR2bH1oLXsftepUGsPtz,6356.7,4.86028766019e-08,0.5908,0.236335,5206,26,12.93,0.00,0,0
2026-10-08 00:04:22,HEBO,offen,Scronkfinkle,DaUFkgZjwJCsM9QDWCsxtZS2omgHS3Fn9GHgTX5wwpcX,5094.4,3.87065506689e-08,0.3808,0.228486,1035,98,19.39,0.00,0,0
2026-10-08 00:04:22,HEBO,offen,Eagle,E3pWKtfQk6LLZpRWVTjJwrMY4vFa9umLYDPxWJtZSTNK,5070.9,2.60454618774e-08,0.1376,0.124654,2748,75,12.69,0.00,0,0
2026-10-08 00:04:22,HEBO,offen,Inu,83LFceyzRNNRUThm4VzHx4jmVuf6xAggSp2UvhQx52Dy,4717.8,2.51021388182e-08,0.1446,0.028923,2522,118,11.76,0.00,0,0
2026-10-08 00:04:22,HEBO,offen,Caviar,F7ktJWjMtubD8zwv5xMb35g5hPTvGQSDMS8UGcwXpump,4450.2,1.02787077218e-07,0.6554,0.262176,3083,84,29.59,0.00,0,0
2026-10-08 00:04:22,HEBO,offen,TIT,3KM7dvpUk2Wm8qdXtZpBJHgic4bAaz1MTDHvUEjKpump,4424.7,2.25207796138e-07,0.5287,0.422945,6374,131,26.81,0.00,0,0
2026-10-08 00:04:22,HEBO,offen,MIM,6bJtwhtvzkthAYszQ3ZWkFJzSvbGSkbAz9yPcSiXaGK6,4424.1,1.44820397556e-07,1.1452,0.229033,4719,188,26.51,0.00,0,0
2026-10-08 00:04:22,HEBO,offen,Taste,93FWFR63nwQcq5zuXNmTits5BYcKFjmUZzccMvhmpump,4423.8,1.20794170234e-07,1.3458,0.538310,9853,38,23.38,0.00,0,0
2026-10-08 00:04:22,HEBO,offen,GPH,H1hFymzkRE7CAdxEuBWYknvsTCgoDXAqPKFU94iPpump,4418.1,4.58004314586e-08,0.8667,0.173349,867,69,10.72,0.00,0,0
2026-10-08 00:04:22,HEBO,offen,TIT,Ar3QBegnCQr6ZFyN9h637ar9JCxZRvdboiR1QzMrpump,3411.9,1.01977267494e-07,0.3068,0.429524,3168,273,36.22,0.00,0,0
2026-10-08 00:04:22,HEBO,offen,AVERY,8QFGVLXehnTv28eMdXZkhY5d84SVF58LAfRGx8zWpH9b,3348.8,3.46925481534e-08,0.1937,0.038736,3097,227,19.30,0.00,0,0
2026-10-08 00:04:22,HEBO,offen,APU,HoCeDUrd5BqfYmaRk2eiUpzshEvpwfYpgrJ4YKFCpump,2147.6,1.14303039362e-07,0.6385,0.127702,4111,257,25.32,0.00,0,0
2026-10-08 00:04:22,HEBO,offen,APU,E7eCZS2cq655qJ7uVx3dSHR2zK31kwNQsWS6P6Hpump,2147.3,1.65095179923e-06,2.5801,2.064073,18808,452,26.13,0.00,1,5
2026-10-08 00:04:22,HEBO,offen,COCKROACH,H4KUxsEgCp2yDpFvyDuGM5k6XevSKKrrKUxZ3Zr6nyJc,2142.6,8.57225304851e-06,1.2661,2.278945,83045,3406,18.67,0.00,5,8
2026-10-08 00:04:22,HEBO,offen,MDOG,F5zC2QoP6j2erxNyf4z6iNCi6X6AkburMC2Xofhxpump,1921.9,7.85755169557e-08,0.9214,0.184271,3252,1646,17.78,0.00,0,0
2026-10-08 00:04:22,HEBO,offen,SI,8ALHRuN5q4MHRaKPdiXi7cHyVWicZVwQx2TBTCH8GZ4h,1677.3,1.03648997292e-07,0.9788,0.195750,3141,56,22.59,0.00,0,0
2026-10-08 00:04:22,HEBO,offen,PHASEONE,GfawjB4Fxz389kECjrrnsdS8MKb9hMgALonJddGQasHL,543.1,3.5640390143e-08,0.6062,0.121239,905,90,20.69,0.00,0,0
2026-10-08 00:04:22,HEBO,offen,TITS,GLsHzxjtktCKzAA8LEEfXJ5UF2Jdsj161e5Duh3tkzga,529.8,5.26744298141e-08,0.9699,0.193986,1828,521,23.03,0.00,0,0
2026-10-08 00:04:22,HEBO,offen,AI,4AvWfTKcEFqwRjxBnoyWRY7wF7UV9cqH3492UFKHpump,506.1,4.08907202494e-08,0.5937,0.118733,1198,67,16.73,0.00,0,0
2026-10-08 00:04:22,HEBO,offen,INSTADOCS,AMj8gG4mXckBoaT5mGQDwriKUqJtEApNg2CuXw6Ypump,505.9,5.26477406226e-08,1.0979,0.219587,1588,23,19.72,0.00,0,0
2026-10-08 00:04:22,Troupe,offen,PUMP,pumpCmXqMfrsAkQ5r49WcJnRayYRqmXz6ae8H7H9Dfn,8747.2,5.37655704533e-05,1.1090,0.010027,43443931,315360,59.33,0.00,94,289
2026-10-08 00:04:22,Troupe,offen,homo,42AtRP5d3ySBj9iveMYeD23kkmN3HEZFwUzs1YKvkPA9,7094.6,2.14592576655e-08,0.0577,0.010117,256,145,3.18,0.00,0,0
2026-10-08 00:04:22,Troupe,offen,PUMPE,9fJAWKQpkY93hfuZxrHfh5wEh2AV9vjkWNQfzfbziHd2,6967.9,7.19263345439e-06,0.2603,0.312348,53603,2295,18.17,0.80,1,2
2026-10-08 00:04:22,Troupe,offen,HOLD,6REnZgtxhwdSAHczAp4J5PRsGQYQt7T3x4kEDyfs9U7y,6924.9,2.89075849003e-08,0.0166,0.003328,775,479,9.51,0.00,0,0
2026-10-08 00:04:22,Troupe,offen,THICC,3QEbHMK6ceYevtaCdLmBQMJgcPb9PJQpgyFBP6f6x6Rg,4269.4,1.33342115681e-08,0.0620,0.012402,1486,8,4.02,0.00,0,0
2026-10-08 00:04:22,Troupe,offen,CLAUSE,EWKyN7QHfJo41ikKqpo8R5gwEvryytKo9Vf7NF39U1GC,3093.2,1.83580498623e-08,0.0754,0.015075,2092,25,2.31,0.00,0,0
2026-10-08 00:04:22,Troupe,offen,TESTla,TESZBZpTRGUDriZQg72kYre1Vozyp2de7Z6o5JUtdRA,1440.0,0,0.0000,0.000000,6,40,3.55,0.04,0,2
2026-10-08 00:04:22,4DOV,offen,BOT,Aaan4fxwhKtUUPg2GSKq6natLV9oj9QQNf5xT4UE2gXr,8394.2,3.12422245552e-08,0.0367,0.007335,858,318,15.16,0.00,0,0
2026-10-08 00:04:22,4DOV,offen,PUDU,8HQgEcbhR5Xoh735zvndAocCLd7wdAYJfWHV55J8pump,6945.3,2.75782014479e-08,0.0131,0.005233,608,423,12.75,0.00,0,0
2026-10-08 00:04:22,4DOV,offen,Aiden,9dSMwFfPezQ8WPcW1uZV7ns4rcviEj2LssSAg75WBLXd,5506.1,4.61443912478e-07,0.0328,0.014761,12007,3150,17.06,0.00,1,2
2026-10-08 00:04:22,4DOV,offen,SPLICE,7bC8ugu1ZJn21MhA4ht483nX8brLNesa8R7XLimpFyhq,4749.6,7.24597253258e-07,0.0458,0.027486,16691,2702,23.24,0.03,3,7
2026-10-08 00:04:22,4DOV,offen,Ash,4jxyespUyvDxg1cN1NMCWErHGGyPrBdEzPiDobLBmttL,4431.9,4.01124507567e-08,0.1002,0.020044,1049,21,2.44,0.00,0,0
2026-10-08 00:04:22,4DOV,offen,www,GAwhcphCqCv5bKHmCiN4VDdNWfbXJL4npmkc8L3Q9S9H,4281.3,1.24363605239e-06,0.1190,0.047606,33450,6449,18.23,0.00,6,3
2026-10-08 00:04:22,4DOV,offen,ACTII,DYjM6f2R34Qp4jPE73HsdEVZwwcQFCsokpNYCqBUpump,4209.0,2.31384487167e-07,0.0438,0.013129,6409,1101,26.91,0.00,2,0
2026-10-08 00:04:22,4DOV,offen,BANANA,G7JkKqGb69cCWC2XkDXc8LG8qbifTkCKpsAcr6kApump,4092.9,3.2551854551e-08,0.0312,0.006232,825,192,18.37,0.00,0,0
2026-10-08 00:04:22,4DOV,offen,JITI,6YuVyHbjdwxiH1CLCSusP9yjXmsVvQfcTbSSPcFuXDew,3531.9,4.97347823487e-08,0.0422,0.008431,2028,803,19.87,0.00,0,0
2026-10-08 00:04:22,4DOV,offen,QINU,4unydQjvYdqR31pkuBYGu2nGst8r8j5XMW8KXRXtpump,3295.5,3.08299378802e-08,0.0185,0.007406,907,531,11.24,1.06,0,0
2026-10-08 00:04:22,4DOV,offen,NOLLA,CXw5hY3BMi87DTa99ekZgwxuvu7pQ2FUQVecs3SvJLD9,3115.6,2.95699277304e-08,0.0265,0.005291,726,326,15.30,0.00,0,0
2026-10-08 00:04:22,4DOV,offen,TRANNIE,BvLqum9qd4TWQ1c9WPmLYMvxxzoXUjsFycVffvjyq16,3034.7,2.64119752244e-08,0.1129,0.022576,482,118,12.72,0.00,0,0
2026-10-08 00:04:22,4DOV,offen,OTC,MukLDtJ8Cx9DxLbeyLRSWPSposTMWuwHANbuaudpump,2582.1,6.67810922337e-05,0.6265,0.014403,474096,18728,25.82,0.00,3,57
2026-10-08 00:04:22,4DOV,offen,TRADE,Euz6EjyubNjJmCkahGEfCXmnCwNVLunxc1LZWsmV3wKf,1605.4,3.02203508356e-08,0.0242,0.009669,767,196,16.45,0.00,0,0
2026-10-08 00:04:22,4DOV,offen,AUTON,39ahtL8ynzE4amH26J29C93PA5172V3ft9UuUcqQS8fz,1266.1,2.19878795641e-05,0.4416,0.353286,365239,6735,14.58,0.00,16,96
2026-10-08 00:04:22,4DOV,offen,Human,8nPoBHiBM6pybxMws9PA2JRb9BjkppBfqcZGmot4DMBC,434.3,2.72350979411e-06,0.6406,0.008731,49446,5772,23.47,0.00,2,8
2026-10-08 00:04:22,4DOV,offen,HSM,2856wfnQ27LH23yKeFHJ4XQpQ2bsw4sen8RqyW5Wpump,291.1,1.43587001187e-07,0.3162,0.126463,4477,770,19.92,0.00,4,2
2026-10-08 00:04:22,4DOV,offen,FRENS,41MjNbWHZeFmxwMHPwTfsJP3aPbvsvR5tsgnmhNKpump,3.3,1.60362322723e-06,1.1851,0.237016,18040,629,18.17,0.00,115,264
2026-10-08 00:04:22,Cooker,offen,SI,DEW9dSN6QpWyNthphCpMmAbZP1Q4cEKR9xQXAri98WDP,8919.2,0.000206693470032,0.6090,0.365393,1665047,54920,16.61,0.00,6,38
2026-10-08 00:04:22,Cooker,offen,HOOKED,C1mBfBoDkwWfd6uTFZp62ARHLjeVp3bDpCDMfMZtPngE,7465.5,4.97292013049e-05,0.4552,2.094019,778225,11323,20.95,0.00,13,67
2026-10-08 00:04:22,Gake,offen,CURVE,7ioeSgzfSKHMnpgfPpgRFsekMBGiu9oi6t6GeqYtNbbh,9608.0,1.63908226911e-06,0.4737,0.094750,107239,1085,15.61,0.06,0,0
2026-10-08 00:04:22,Gake,offen,SDOG,yFcTuQJCMsd1Asya15GZ7h4KGdxsujRLcUiTWWXpump,9421.3,3.57912670879e-07,0.0480,0.009592,9745,1646,19.45,0.00,17,6
2026-10-08 00:04:22,Gake,offen,OP,5PiBn5JdjJDnRGziiSfsu2affgBR3DyTTCR3CHpcode,9358.7,1.66828048089e-07,0.0459,0.009189,7193,1387,22.64,0.00,0,2
2026-10-08 00:04:22,Gake,offen,PURPS,purpFPo5voy6fEu8jxSCwVdMs1zyYEYAH6FBQvTYCZK,7076.5,2.34709546165e-06,0.8234,0.164683,30581,2252,33.91,0.00,0,0
2026-10-08 00:04:22,Pikalosi,offen,Miu,7LNFZcNigZay5U9e2sq6n2Z4iM8BC2Dd53L14pwvpump,7583.0,4.44714921467e-07,1.0655,0.213102,14528,795,21.45,0.00,0,0
2026-10-08 00:04:22,Dior,offen,OTC,MukLDtJ8Cx9DxLbeyLRSWPSposTMWuwHANbuaudpump,7908.8,6.67810922337e-05,0.9858,4.618931,474096,18728,25.82,0.00,3,57
2026-10-08 00:04:22,Dior,offen,TripleT,J8PSdNP3QewKq2Z1JJJFDMaqF7KcaiJhR7gbr5KZpump,7037.0,5.80615268669e-05,0.9370,0.374809,362192,22868,18.94,0.00,1,10
2026-10-08 00:04:22,Dior,offen,Kirkslop,8m5hzX9hprtWwPuVZL4daCZfggWYKc6fhSJDDpiqpump,6716.3,6.20154568842e-07,0.9439,0.566314,14354,396,28.14,0.00,0,3
2026-10-08 00:04:22,Dior,offen,COCKROACH,H4KUxsEgCp2yDpFvyDuGM5k6XevSKKrrKUxZ3Zr6nyJc,3555.5,8.57225304851e-06,0.9501,2.090144,83045,3406,18.67,0.00,5,8
2026-10-08 00:04:22,Dior,offen,CAESAR,8cp1WhUDxTbfX8nDe1kAB1ogPUyQvUSKgzFz365LbQyZ,2525.2,2.37399693447e-07,0.1185,0.331777,8164,1519,19.81,0.00,2,2
2026-10-08 00:04:22,Dior,offen,ClapCat,5BjfgmtfqvNpAWx1CnZynoWLWNMnrwHLhTFzQ81vkEc8,710.4,2.28738239701e-06,0.8367,1.004071,29511,869,26.66,0.00,12,8
2026-10-08 00:04:22,Dior,offen,ART,DEQKHY5YVPFiwcVhoUUE5gnkWj66LVPoPgLHAswqpump,642.8,2.72038544105e-07,0.1447,0.486036,7398,1594,23.53,0.00,2,2
2026-10-08 00:04:22,3zsr,offen,Sapijiju,8Fs2YLsayR4awLB79nMM3QCpG3pqvcAGP7hHb8fX4L2G,7408.0,1.31465543856e-07,1.2267,0.245339,4250,360,28.29,0.00,0,0
2026-10-08 00:04:22,3zsr,offen,EZRA,4qTqqkexQCEP2m8UrDWXACHpA8bEkGxpNJrDPMNcfHKQ,2744.7,3.36046481441e-08,1.0173,0.203456,3889,6,7.67,0.00,0,0
2026-10-08 00:04:22,3zsr,offen,ELONMUSK,5QmEgE9rK3aB1SDi7mK7rXPt2QHe7FRT69zbb2X2iSip,2744.5,3.25428460451e-08,0.9488,0.189765,3775,5,12.21,0.00,0,0
2026-10-08 00:04:22,3zsr,offen,HIGCAT,52sQ5kFhaTD6NsfN4oKreHZAwxrxgUo129ZCG3EBsVhv,2744.3,3.18216056072e-08,0.8979,0.179572,3726,6,6.49,0.00,0,0
2026-10-08 00:04:22,3zsr,offen,GIA,4FuWREkDYG1chHxHfgmUv3AN1iLPUi42Er6UboWUJKwU,2743.9,3.27282383227e-08,0.9170,0.183396,3795,10,9.39,0.00,0,0
2026-10-08 00:04:22,3zsr,offen,Sworddog,2QLpYwa5tzMjGBZWCmu9WHEPTNPH65w7xeFHSU1Hpump,2171.6,3.46527256748e-08,0.8747,0.174937,3910,14,12.90,0.00,0,0
2026-10-08 00:04:22,3zsr,offen,TRUMP,AYLh1Bgthdgego4EBAJQZtzXiQ6b1EbrPWES5V1vjhzV,2056.3,3.33975468189e-08,0.5387,0.053866,720,87,20.40,0.00,0,0
2026-10-08 00:04:22,3zsr,offen,RUGRUN,2VFjLcouktUNWRsZVkdiJ57nmRZR8HTJjKzDkZ3mbN8f,2029.1,3.30561678349e-08,0.9650,0.192997,3866,5,6.69,0.00,0,0
2026-10-08 00:04:22,3zsr,offen,HOUS,4pZQCY4HLpeYyJJ48yu7Z49B4G1Z7B1ZH3YdvVfNqKGn,2028.9,4.10897156241e-08,0.9969,0.199379,4281,15,15.88,0.00,0,0
2026-10-08 00:04:22,C7bF,offen,Plague,3oTRLDrbymWupBmmUuNzRYTJm4cXpHHsmu5Uz3PF5uU3,914.9,3.1248121971e-08,0.4673,0.093460,3690,8,5.62,0.00,0,0
2026-10-08 00:04:22,C7bF,offen,SPSI,ERvSTRZsoEdM79d9Ajb2KMSnM1uPgamW3BoNgj21teCa,388.4,3.88971389656e-08,1.0442,0.208839,467,6,13.47,0.00,0,0
2026-10-08 00:04:22,77n6,offen,Ecat,5RUrbAftnTBptroKfpiJKyGF5v7aGsX9zYzNjSXjpump,2735.3,3.59779479875e-07,0.6441,0.257629,7453,275,25.42,0.57,0,0
2026-10-08 00:04:22,G7b2,offen,si.gov,7CTRbkV1tVuq1f59pRxT1Pb2W5AHG4gM9FMH4rGzKiXv,5209.3,3.02389449425e-06,1.3215,2.643100,28653,2131,12.94,0.00,1,2
2026-10-08 00:04:22,G7b2,offen,GTA6,4kjruqGHDsSqkMdFfCjV7Vb62HPFhtXyWc2t6JpQzDnz,4207.1,5.03898824765e-06,0.9875,0.789973,13819,10684,15.33,0.00,2,0
2026-10-08 00:04:22,G7b2,offen,SXSI,DQysBW79uHzZAWd2ahVQrf89CuSFqVzuNA3ijHbjVJfG,4198.4,1.54856776335e-06,0.6186,0.989827,23790,1228,28.56,0.00,1,3
2026-10-08 00:04:22,G7b2,offen,SI,DEW9dSN6QpWyNthphCpMmAbZP1Q4cEKR9xQXAri98WDP,4159.2,0.000206693470032,0.9019,2.366853,1665047,54920,16.61,0.00,6,38
2026-10-08 00:04:22,G7b2,offen,PLAGUE,CscZaq5twomhUkvCY8Jdd1tge32L4Yj9FbkFFEZQpump,2182.4,4.63078547056e-06,0.2767,0.830085,94896,6715,17.57,0.00,4,15
2026-10-08 00:04:22,7Cn1,offen,SI,DEW9dSN6QpWyNthphCpMmAbZP1Q4cEKR9xQXAri98WDP,3915.3,0.000206693470032,0.7962,0.427617,1665047,54920,16.61,0.00,6,38
2026-10-08 00:04:22,7Cn1,offen,si.gov,7CTRbkV1tVuq1f59pRxT1Pb2W5AHG4gM9FMH4rGzKiXv,3379.7,3.02389449425e-06,1.1088,1.363437,28653,2131,12.94,0.00,1,2
2026-10-08 00:04:22,7Cn1,offen,DARK,7KEPApdbBMByrmqihz3bht2uMhFQcatjfSFQCKq66kH3,219.9,4.75630708692e-05,1.5403,2.464442,683412,5382,12.82,0.02,65,291
2026-10-08 00:04:22,7Cn1,offen,CRAWL,BXoHJddsWJLHtAopeiSbKUSELsu8hSFMs8baGMDkpump,127.4,3.10749900076e-05,0.9939,0.795133,440306,7535,15.44,0.46,17,40
2026-10-08 00:04:22,7Cn1,offen,SpaceXSI,2GYMvnSv37djKecDshE8bYe2sRypcETeAF8G9h6un4J2,100.7,4.31670653453e-06,1.1234,0.224674,50733,2676,12.42,0.00,6,10
2026-10-08 00:04:22,Croco-AC7K,offen,AnyPS5,CWKbSd7jwMXXexP3pbwLAWMzr4HXAXTvt4R9pk2Vyyyc,177.9,4.3806685488e-06,1.1870,0.712210,39506,1818,19.38,0.00,17,29
2026-10-08 00:04:22,HoneyBadger-6kfX,offen,phubber,CBcjQNdtgb4SHwKDqKFxD3yPSk7pEMpKHQiMmZrgpump,1544.0,4.67756314912e-06,1.1876,2.375224,53271,3106,20.38,0.00,14,17
2026-10-08 00:04:22,HoneyBadger-6kfX,offen,pup,7HE2WmPoYE7uaA7DKh25N5cUwEcUoiyjwZU9ZeaQpump,990.3,8.31629266011e-08,0.8121,0.324832,2774,330,23.43,0.00,0,1
2026-10-08 00:04:22,8K7Z,offen,RARI,EFn88CiiFHhihqdr1Y11XBDxbbYarBf1ij92DsrigYwR,1201.7,1.44158022453e-05,1.0888,3.048660,163221,3540,20.59,0.00,10,21
2026-10-08 00:04:22,FKJE,offen,HOOKED,C1mBfBoDkwWfd6uTFZp62ARHLjeVp3bDpCDMfMZtPngE,1965.8,4.97292013049e-05,0.8374,0.502443,778225,11323,20.95,0.00,13,67
2026-10-08 00:04:22,2z7o,offen,desks,desks4HG9uksDrYFsRRdSLqYoXusNyEnGK8PZu9hKMG,16.0,2.0108196136e-07,1.0720,0.214409,9353,191,15.01,0.00,13,16
2026-10-08 00:04:22,54QZ,offen,MARVIN,EEGTUKdfRGdFqRNQZunXracQbgBEGj61GFSsidTEpBEs,707.3,3.60417001878e-08,0.8657,0.173131,628,8,17.78,0.00,0,0
2026-10-08 00:04:22,54QZ,offen,SXSI,6kLQP6SpZWY2281u8oWdKBPnTjgoAA6ZJSXZczt2gkwm,679.7,1.28378731461e-07,1.0249,0.124524,6234,268,20.75,0.00,0,0
2026-10-08 00:04:22,54QZ,offen,GOBLIN,E2itWssNNRVYSTd7U6Q7y5XVRVJM4eAxG7TGSv5epump,567.4,3.4418224392e-07,0.8837,0.816209,10540,591,23.01,0.00,1,1
2026-10-08 00:04:22,54QZ,offen,ZNEURO,3W25WcwSHckSbRFKUYePfpymN5npELnNUEQGHzC7pump,187.9,8.0096978318e-08,0.7815,0.302262,2322,73,33.34,0.00,1,0
2026-10-08 00:04:22,Loopierr,schatten,CatCollector,5AgD5tmarU5kgbqHqCgDEMcAHAQAm8muV67xkKs9urps,8035.3,3.62552487589e-08,0.1077,0.021545,141,35,4.00,0.00,0,0
2026-10-08 00:04:22,Loopierr,schatten,SGI,36yTNhb9rfogt4mWxFiTnBeeT9bNXrVdKymAJ3jbvTzM,7884.4,3.00379978568e-08,0.1882,0.037634,3679,6,0.36,0.00,0,0
2026-10-08 00:04:22,6ANG,schatten,ANTHROPIG,25DeVAVF86uAd2wcFewp7F1s6gjZei88Mj4xBzg3AP94,8596.5,1.10489399173e-07,0.4506,0.090116,5144,67,31.14,0.00,0,1
2026-10-08 00:04:22,HEBO,schatten,SI,4qCW74oX82oTeypDzFYYYZ6eJ6yPQVFeX196YpHszJFY,4717.6,2.20004161248e-08,0.4364,0.087279,2327,56,10.82,0.00,0,0
2026-10-08 00:04:22,HEBO,schatten,INCOME,E7mRvAbgZdA6dF7cgXZevkbjd9Yfy5q11XEFnWZfpump,4446.3,6.08650307331e-08,0.9720,0.194407,2265,1266,15.11,0.00,0,0
2026-10-08 00:04:22,HEBO,schatten,GPH,BtmRMRazMTY2KqpbZkdFGrGJSm8rwLG744DV8Webpump,3407.9,5.63783689616e-08,0.7990,0.159795,1709,69,25.94,0.00,0,0
2026-10-08 00:04:22,HEBO,schatten,pup,7HE2WmPoYE7uaA7DKh25N5cUwEcUoiyjwZU9ZeaQpump,3407.4,8.31629266011e-08,0.7620,0.152408,2774,330,23.43,0.00,0,1
2026-10-08 00:04:22,HEBO,schatten,ACTII,41QF43mQKs1Qm51xK7uQWjxRA9oZ6S5mBVYveR4wLfzx,534.8,4.71608694811e-08,0.7896,0.157926,1301,69,24.40,0.00,0,0
2026-10-08 00:04:22,HEBO,schatten,TITS,DPVNMLe7zXsrg8Y9rMyPmxBG31qqo3v9FyWChbKQpump,532.7,9.04262501717e-08,1.9097,0.305559,2655,46,27.67,0.00,0,0
2026-10-08 00:04:22,HEBO,schatten,TITS,C21p56TNF1Ec8BmyMkmLnwX56G3TzgYvzqMMVUPL7Fcm,529.9,2.70434538109e-08,0.6905,0.138091,586,118,14.15,0.00,0,0
2026-10-08 00:04:22,Troupe,schatten,CLAUSE,EWKyN7QHfJo41ikKqpo8R5gwEvryytKo9Vf7NF39U1GC,3093.1,1.83580498623e-08,0.0531,0.010620,2092,25,2.31,0.00,0,0
2026-10-08 00:04:22,4DOV,schatten,TRADE,Euz6EjyubNjJmCkahGEfCXmnCwNVLunxc1LZWsmV3wKf,1605.2,3.02203508356e-08,0.0225,0.004503,767,196,16.45,0.00,0,0
2026-10-08 00:04:22,Cooker,schatten,X7,CdhZy8wrRxNxoV8HtoByXKN7mvS46avtuZ1b39tKfx7,8698.3,3.19449723239e-06,0.3156,0.063119,56210,1757,22.04,0.00,3,5
2026-10-08 00:04:22,Cooker,schatten,9e9,HZ4qZQJ7yf6WR1D24GLRLJ3cKUfgtJEF3B7SdLMLvCPZ,7428.9,3.20245116206e-08,0.0372,0.014887,981,254,13.94,0.00,0,0
2026-10-08 00:04:22,Gake,schatten,MINEPAD,2EUKLvNQ63YCmjSDyJ14Tzj7ASeHGXgseYWrKAa2mine,9578.0,1.10070104453e-06,0.6490,0.110326,20622,782,23.43,0.00,21,7
2026-10-08 00:04:22,Gake,schatten,TERRA,JD3d8mxEJ91LHZSuwVLquFAKdo5PbEeLCUevjjDsPdRe,8295.4,8.57285377281e-08,0.0630,0.012606,2616,116,29.83,0.00,0,0
2026-10-08 00:04:22,Gake,schatten,SHITCOIN,4BxBot4K36N3ZZkpB9sqEocy5iBi8cUttK6s8YbHH9Jo,6787.6,7.21711450689e-08,0.0767,0.015342,2218,114,37.13,0.00,0,0
2026-10-08 00:04:22,Gake,schatten,FROGE,6R1F4sNySF4NKGdhW3UhESWuYYRu4Cehk5rn3mGP375R,6776.8,5.63900370343e-08,0.0531,0.010625,1953,344,24.79,0.00,0,0
2026-10-08 00:04:22,Gake,schatten,GENESIS,CSEd3Pi5WZL7w5vmwNjDVXv8poAqSv2Dn1as1erUpump,4130.9,6.88922511453e-08,0.0142,0.002850,2607,784,21.11,0.10,0,1
2026-10-08 00:04:22,Gake,schatten,OATH,2RSsw9tntE1RmoiPnNFiu93EzQu2eLnCAzvZiqMSoatH,4114.7,2.85889850873e-07,0.2565,0.051308,8165,262,24.93,0.00,1,0
2026-10-08 00:04:22,Gake,schatten,IMAGINE,EpFTb2XcGiMyGLykZ9VYmyPWz2AHEwAggqSbwJpypump,3742.6,2.01624212083e-06,0.7544,0.150887,25184,805,37.75,9.37,0,1
2026-10-08 00:04:22,Dior,schatten,CAESAR,8cp1WhUDxTbfX8nDe1kAB1ogPUyQvUSKgzFz365LbQyZ,2547.1,2.37399693447e-07,0.1028,0.020560,8164,1519,19.81,0.00,2,2
2026-10-08 00:04:22,Dior,schatten,ClapCat,5BjfgmtfqvNpAWx1CnZynoWLWNMnrwHLhTFzQ81vkEc8,718.2,2.28738239701e-06,0.6520,0.130397,29511,869,26.66,0.00,12,8
2026-10-08 00:04:22,koko,schatten,MAJOR,7AUzu756Pp3Cg3NByuKfcRSAFFt31kjC6U6R1npkiA1Q,5947.4,2.12236001708e-07,4.6462,0.929238,5309,170,29.68,0.00,0,0
2026-10-08 00:04:22,77n6,schatten,Ecat,5RUrbAftnTBptroKfpiJKyGF5v7aGsX9zYzNjSXjpump,2776.1,3.59779479875e-07,0.6645,0.132897,7453,275,25.42,0.57,0,0
2026-10-08 00:05:22,Loopierr,offen,GARP,FKPdKiZBYMU2MwHXKjyhgV6ozSh2APzvvr3ZBwFCfSHo,10809.1,2.52563870313e-08,0.0397,0.007936,523,145,7.95,0.00,0,0
2026-10-08 00:05:22,6ANG,offen,OpenSI,5ptkVdbpaPpEJPPVXE5CpJNCXEmAidyot5TQcDDawMzm,10536.7,3.7938905385e-07,0.9207,0.708342,10022,1192,22.36,0.00,0,0
2026-10-08 00:05:22,6ANG,offen,ANT,BTZK1B3pCoBDD1vy5e4bDBM4bwvvhkKUMTuKABkGWwGp,8597.7,3.39220230203e-07,0.8795,0.527725,9385,93,27.37,0.00,0,0
2026-10-08 00:05:22,6ANG,offen,ANTHROPIG,25DeVAVF86uAd2wcFewp7F1s6gjZei88Mj4xBzg3AP94,8597.5,1.10489399173e-07,0.4532,0.181280,5144,67,31.14,0.00,0,1
2026-10-08 00:05:22,6ANG,offen,STAR,StargWr5r6r8gZSjmEKGZ1dmvKWkj79r2z1xqjFstar,311.0,1.88491988779e-05,0.8480,0.169608,98572,899,54.00,0.00,0,0
2026-10-08 00:05:22,9LXM,offen,SGI,FcZcFjfNPJR9rycZS1FwkiEgQTW7ZWRjdSaBdJ6M9ha6,10391.7,6.24145169674e-08,0.0410,0.016391,4250,328,21.84,0.00,0,0
2026-10-08 00:05:22,HEBO,offen,SGI,FcZcFjfNPJR9rycZS1FwkiEgQTW7ZWRjdSaBdJ6M9ha6,10829.7,6.24145169674e-08,0.0527,0.060402,4250,328,21.84,0.00,0,0
2026-10-08 00:05:22,HEBO,offen,goon,HSUMi4rMgjrx7zRUabw3ogGu1pa5hmF2eVcXj9Apump,10623.7,6.47569826335e-07,0.7929,0.571314,16494,2875,18.35,0.00,2,3
2026-10-08 00:05:22,HEBO,offen,Tico,35ccP7zmf4THJsDn3UtozYcWm1U8nzhyHcTgK3ETpump,10558.4,3.35241598109e-08,0.5605,0.112108,3890,29,7.17,0.00,0,0
2026-10-08 00:05:22,HEBO,offen,SGI,Cb2pMbsRRvaeZoxpRqnTP6k6hLziSUf5pnqW9Jx5T3Wz,7970.0,1.50162997191e-07,0.3980,0.557243,7178,437,25.19,0.00,1,0
2026-10-08 00:05:22,HEBO,offen,ArmyX,F7y94q8QvGKNCrGt6E5pgQ7ABBkQK4QkqEBGs9Y5ZFFk,7945.5,3.41487212224e-08,0.1275,0.101964,3267,61,15.77,0.00,0,0
2026-10-08 00:05:22,HEBO,offen,ZUCKS,2eBJvNnn7guSjX1yuE7seuDY9pveDiHkfoyeBh2WZroS,7679.9,2.18793082862e-08,0.3346,0.048182,2368,30,7.97,0.00,0,0
2026-10-08 00:05:22,HEBO,offen,TRUMPTV,34w4t74EsbJyBBSyYBFyNo65Ft7Ax8BF3HrubL1mwbpL,7585.0,2.01893829325e-08,0.1548,0.030956,2246,92,5.45,0.00,0,0
2026-10-08 00:05:22,HEBO,offen,pill,DvdmEnztCmXwBnAbedD48XVGZJSxq31zNvnyftXdpump,6521.1,1.28397689404e-05,0.7330,1.905898,221979,5502,20.83,0.00,4,2
2026-10-08 00:05:22,HEBO,offen,PUMPCAT,G4vqe8KAcRGTb7Kc55n9sz43aR4ugTPdSeUnAXZhpump,6520.8,3.08545863104e-06,1.4627,0.292544,48607,1412,24.54,0.00,0,0
2026-10-08 00:05:22,HEBO,offen,CUPTOBER,EKgswaMnRSJHmyFZCbxscTAjiR2bH1oLXsftepUGsPtz,6357.7,4.86028766019e-08,0.5908,0.236335,5206,26,12.93,0.00,0,0
2026-10-08 00:05:22,HEBO,offen,Scronkfinkle,DaUFkgZjwJCsM9QDWCsxtZS2omgHS3Fn9GHgTX5wwpcX,5095.4,3.87065506689e-08,0.3808,0.228486,1035,98,19.39,0.00,0,0
2026-10-08 00:05:22,HEBO,offen,Eagle,E3pWKtfQk6LLZpRWVTjJwrMY4vFa9umLYDPxWJtZSTNK,5071.9,2.60454618774e-08,0.1376,0.124654,2748,75,12.69,0.00,0,0
2026-10-08 00:05:22,HEBO,offen,Inu,83LFceyzRNNRUThm4VzHx4jmVuf6xAggSp2UvhQx52Dy,4718.8,2.51021388182e-08,0.1446,0.028923,2522,118,11.76,0.00,0,0
2026-10-08 00:05:22,HEBO,offen,Caviar,F7ktJWjMtubD8zwv5xMb35g5hPTvGQSDMS8UGcwXpump,4451.2,1.02787077218e-07,0.6554,0.262176,3083,84,29.59,0.00,0,0
2026-10-08 00:05:22,HEBO,offen,TIT,3KM7dvpUk2Wm8qdXtZpBJHgic4bAaz1MTDHvUEjKpump,4425.7,2.25207796138e-07,0.5287,0.422945,6374,131,26.81,0.00,0,0
2026-10-08 00:05:22,HEBO,offen,MIM,6bJtwhtvzkthAYszQ3ZWkFJzSvbGSkbAz9yPcSiXaGK6,4425.1,1.44820397556e-07,1.1452,0.229033,4719,188,26.51,0.00,0,0
2026-10-08 00:05:22,HEBO,offen,Taste,93FWFR63nwQcq5zuXNmTits5BYcKFjmUZzccMvhmpump,4424.8,1.20794170234e-07,1.3458,0.538310,9853,38,23.38,0.00,0,0
2026-10-08 00:05:22,HEBO,offen,GPH,H1hFymzkRE7CAdxEuBWYknvsTCgoDXAqPKFU94iPpump,4419.1,4.58004314586e-08,0.8667,0.173349,867,69,10.72,0.00,0,0
2026-10-08 00:05:22,HEBO,offen,TIT,Ar3QBegnCQr6ZFyN9h637ar9JCxZRvdboiR1QzMrpump,3412.9,1.01977267494e-07,0.3068,0.429524,3168,273,36.22,0.00,0,0
2026-10-08 00:05:22,HEBO,offen,AVERY,8QFGVLXehnTv28eMdXZkhY5d84SVF58LAfRGx8zWpH9b,3349.8,3.46925481534e-08,0.1937,0.038736,3097,227,19.30,0.00,0,0
2026-10-08 00:05:22,HEBO,offen,APU,HoCeDUrd5BqfYmaRk2eiUpzshEvpwfYpgrJ4YKFCpump,2148.6,1.14303039362e-07,0.6385,0.127702,4067,257,25.32,0.00,0,0
2026-10-08 00:05:22,HEBO,offen,APU,E7eCZS2cq655qJ7uVx3dSHR2zK31kwNQsWS6P6Hpump,2148.3,1.65095179923e-06,2.5801,2.064073,18795,452,26.13,0.00,1,4
2026-10-08 00:05:22,HEBO,offen,COCKROACH,H4KUxsEgCp2yDpFvyDuGM5k6XevSKKrrKUxZ3Zr6nyJc,2143.6,8.56299483409e-06,1.2647,2.276484,82955,3405,18.67,0.00,4,10
2026-10-08 00:05:22,HEBO,offen,MDOG,F5zC2QoP6j2erxNyf4z6iNCi6X6AkburMC2Xofhxpump,1922.9,7.85755169557e-08,0.9214,0.184271,3252,1646,17.78,0.00,0,0
2026-10-08 00:05:22,HEBO,offen,SI,8ALHRuN5q4MHRaKPdiXi7cHyVWicZVwQx2TBTCH8GZ4h,1678.3,1.03648997292e-07,0.9788,0.195750,3141,56,22.59,0.00,0,0
2026-10-08 00:05:22,HEBO,offen,PHASEONE,GfawjB4Fxz389kECjrrnsdS8MKb9hMgALonJddGQasHL,544.1,3.5640390143e-08,0.6062,0.121239,905,90,20.69,0.00,0,0
2026-10-08 00:05:22,HEBO,offen,TITS,GLsHzxjtktCKzAA8LEEfXJ5UF2Jdsj161e5Duh3tkzga,530.8,5.26744298141e-08,0.9699,0.193986,1828,521,23.03,0.00,0,0
2026-10-08 00:05:22,HEBO,offen,AI,4AvWfTKcEFqwRjxBnoyWRY7wF7UV9cqH3492UFKHpump,507.1,4.08907202494e-08,0.5937,0.118733,1198,67,16.73,0.00,0,0
2026-10-08 00:05:22,HEBO,offen,INSTADOCS,AMj8gG4mXckBoaT5mGQDwriKUqJtEApNg2CuXw6Ypump,506.9,5.26477406226e-08,1.0979,0.219587,1588,23,19.72,0.00,0,0
2026-10-08 00:05:22,Troupe,offen,PUMP,pumpCmXqMfrsAkQ5r49WcJnRayYRqmXz6ae8H7H9Dfn,8748.2,5.36064787254e-05,1.1057,0.009998,43495678,315353,59.33,0.00,84,331
2026-10-08 00:05:22,Troupe,offen,homo,42AtRP5d3ySBj9iveMYeD23kkmN3HEZFwUzs1YKvkPA9,7095.7,2.14592576655e-08,0.0577,0.010117,256,145,3.18,0.00,0,0
2026-10-08 00:05:22,Troupe,offen,PUMPE,9fJAWKQpkY93hfuZxrHfh5wEh2AV9vjkWNQfzfbziHd2,6968.9,7.19263345439e-06,0.2603,0.312348,53603,2294,18.17,0.80,1,1
2026-10-08 00:05:22,Troupe,offen,HOLD,6REnZgtxhwdSAHczAp4J5PRsGQYQt7T3x4kEDyfs9U7y,6925.9,2.89075849003e-08,0.0166,0.003328,775,479,9.51,0.00,0,0
2026-10-08 00:05:22,Troupe,offen,THICC,3QEbHMK6ceYevtaCdLmBQMJgcPb9PJQpgyFBP6f6x6Rg,4270.4,1.33342115681e-08,0.0620,0.012402,1486,8,4.02,0.00,0,0
2026-10-08 00:05:22,Troupe,offen,CLAUSE,EWKyN7QHfJo41ikKqpo8R5gwEvryytKo9Vf7NF39U1GC,3094.2,1.83580498623e-08,0.0754,0.015075,2092,25,2.31,0.00,0,0
2026-10-08 00:05:22,Troupe,offen,TESTla,TESZBZpTRGUDriZQg72kYre1Vozyp2de7Z6o5JUtdRA,1441.0,0,0.0000,0.000000,6,40,3.55,0.04,0,2
2026-10-08 00:05:22,4DOV,offen,BOT,Aaan4fxwhKtUUPg2GSKq6natLV9oj9QQNf5xT4UE2gXr,8395.2,3.12422245552e-08,0.0367,0.007335,858,318,15.16,0.00,0,0
2026-10-08 00:05:22,4DOV,offen,PUDU,8HQgEcbhR5Xoh735zvndAocCLd7wdAYJfWHV55J8pump,6946.3,2.75782014479e-08,0.0131,0.005233,608,423,12.75,0.00,0,0
2026-10-08 00:05:22,4DOV,offen,Aiden,9dSMwFfPezQ8WPcW1uZV7ns4rcviEj2LssSAg75WBLXd,5507.1,4.65364842956e-07,0.0331,0.014886,12117,3150,17.06,0.00,2,0
2026-10-08 00:05:22,4DOV,offen,SPLICE,7bC8ugu1ZJn21MhA4ht483nX8brLNesa8R7XLimpFyhq,4750.6,7.24597253258e-07,0.0458,0.027486,16685,2702,23.24,0.03,5,6
2026-10-08 00:05:22,4DOV,offen,Ash,4jxyespUyvDxg1cN1NMCWErHGGyPrBdEzPiDobLBmttL,4432.9,4.01124507567e-08,0.1002,0.020044,1049,21,2.44,0.00,0,0
2026-10-08 00:05:22,4DOV,offen,www,GAwhcphCqCv5bKHmCiN4VDdNWfbXJL4npmkc8L3Q9S9H,4282.3,1.24363605239e-06,0.1190,0.047606,33450,6449,18.23,0.00,6,3
2026-10-08 00:05:22,4DOV,offen,ACTII,DYjM6f2R34Qp4jPE73HsdEVZwwcQFCsokpNYCqBUpump,4210.0,2.31384487167e-07,0.0438,0.013129,6409,1101,26.91,0.00,2,0
2026-10-08 00:05:22,4DOV,offen,BANANA,G7JkKqGb69cCWC2XkDXc8LG8qbifTkCKpsAcr6kApump,4093.9,3.2551854551e-08,0.0312,0.006232,825,192,18.37,0.00,0,0
2026-10-08 00:05:22,4DOV,offen,JITI,6YuVyHbjdwxiH1CLCSusP9yjXmsVvQfcTbSSPcFuXDew,3532.9,4.97347823487e-08,0.0422,0.008431,2028,803,19.87,0.00,0,0
2026-10-08 00:05:22,4DOV,offen,QINU,4unydQjvYdqR31pkuBYGu2nGst8r8j5XMW8KXRXtpump,3296.5,3.08299378802e-08,0.0185,0.007406,907,531,11.24,1.06,0,0
2026-10-08 00:05:22,4DOV,offen,NOLLA,CXw5hY3BMi87DTa99ekZgwxuvu7pQ2FUQVecs3SvJLD9,3116.6,2.95699277304e-08,0.0265,0.005291,726,326,15.30,0.00,0,0
2026-10-08 00:05:22,4DOV,offen,TRANNIE,BvLqum9qd4TWQ1c9WPmLYMvxxzoXUjsFycVffvjyq16,3035.8,2.64119752244e-08,0.1129,0.022576,482,118,12.72,0.00,0,0
2026-10-08 00:05:22,4DOV,offen,OTC,MukLDtJ8Cx9DxLbeyLRSWPSposTMWuwHANbuaudpump,2583.1,6.63152810867e-05,0.6222,0.014303,473670,18732,25.82,0.00,3,57
2026-10-08 00:05:22,4DOV,offen,TRADE,Euz6EjyubNjJmCkahGEfCXmnCwNVLunxc1LZWsmV3wKf,1606.5,3.02203508356e-08,0.0242,0.009669,767,196,16.45,0.00,0,0
2026-10-08 00:05:22,4DOV,offen,AUTON,39ahtL8ynzE4amH26J29C93PA5172V3ft9UuUcqQS8fz,1267.1,2.2403621424e-05,0.4500,0.359966,365745,6728,14.58,0.00,15,104
2026-10-08 00:05:22,4DOV,offen,Human,8nPoBHiBM6pybxMws9PA2JRb9BjkppBfqcZGmot4DMBC,435.3,2.72327616776e-06,0.6405,0.008731,49244,5772,23.47,0.00,1,8
2026-10-08 00:05:22,4DOV,offen,HSM,2856wfnQ27LH23yKeFHJ4XQpQ2bsw4sen8RqyW5Wpump,292.1,1.43785617248e-07,0.3166,0.126637,4540,770,19.92,0.00,6,4
2026-10-08 00:05:22,4DOV,offen,FRENS,41MjNbWHZeFmxwMHPwTfsJP3aPbvsvR5tsgnmhNKpump,4.3,1.48278746468e-06,1.0958,0.219156,17835,638,18.10,0.00,123,277
2026-10-08 00:05:22,Cooker,offen,SI,DEW9dSN6QpWyNthphCpMmAbZP1Q4cEKR9xQXAri98WDP,8920.2,0.000210067950378,0.6189,0.371358,1664796,54920,16.61,0.00,8,35
2026-10-08 00:05:22,Cooker,offen,HOOKED,C1mBfBoDkwWfd6uTFZp62ARHLjeVp3bDpCDMfMZtPngE,7466.5,5.01600434076e-05,0.4592,2.112161,778956,11320,20.95,0.00,11,68
2026-10-08 00:05:22,Gake,offen,CURVE,7ioeSgzfSKHMnpgfPpgRFsekMBGiu9oi6t6GeqYtNbbh,9609.0,1.63908226911e-06,0.4737,0.094750,107239,1085,15.61,0.06,0,0
2026-10-08 00:05:22,Gake,offen,SDOG,yFcTuQJCMsd1Asya15GZ7h4KGdxsujRLcUiTWWXpump,9422.3,3.57912670879e-07,0.0480,0.009592,9745,1646,19.45,0.00,17,6
2026-10-08 00:05:22,Gake,offen,OP,5PiBn5JdjJDnRGziiSfsu2affgBR3DyTTCR3CHpcode,9359.7,1.66828048089e-07,0.0459,0.009189,7193,1387,22.64,0.00,0,0
2026-10-08 00:05:22,Gake,offen,PURPS,purpFPo5voy6fEu8jxSCwVdMs1zyYEYAH6FBQvTYCZK,7077.5,2.34709546165e-06,0.8234,0.164683,30581,2252,33.91,0.00,0,0
2026-10-08 00:05:22,Pikalosi,offen,Miu,7LNFZcNigZay5U9e2sq6n2Z4iM8BC2Dd53L14pwvpump,7584.0,4.44714921467e-07,1.0655,0.213102,14528,795,21.45,0.00,0,0
2026-10-08 00:05:22,Dior,offen,OTC,MukLDtJ8Cx9DxLbeyLRSWPSposTMWuwHANbuaudpump,7909.9,6.63152810867e-05,0.9789,4.586713,473670,18732,25.82,0.00,3,57
2026-10-08 00:05:22,Dior,offen,TripleT,J8PSdNP3QewKq2Z1JJJFDMaqF7KcaiJhR7gbr5KZpump,7038.0,5.7669743821e-05,0.9307,0.372279,360985,22869,18.94,0.00,2,5
2026-10-08 00:05:22,Dior,offen,Kirkslop,8m5hzX9hprtWwPuVZL4daCZfggWYKc6fhSJDDpiqpump,6717.3,6.20154568842e-07,0.9439,0.566314,14354,396,28.14,0.00,0,3
2026-10-08 00:05:22,Dior,offen,COCKROACH,H4KUxsEgCp2yDpFvyDuGM5k6XevSKKrrKUxZ3Zr6nyJc,3556.5,8.56299483409e-06,0.9490,2.087886,82955,3405,18.67,0.00,4,10
2026-10-08 00:05:22,Dior,offen,CAESAR,8cp1WhUDxTbfX8nDe1kAB1ogPUyQvUSKgzFz365LbQyZ,2526.2,2.37399693447e-07,0.1185,0.331777,8164,1519,19.81,0.00,2,2
2026-10-08 00:05:22,Dior,offen,ClapCat,5BjfgmtfqvNpAWx1CnZynoWLWNMnrwHLhTFzQ81vkEc8,711.4,2.31809331671e-06,0.8480,1.017552,29511,869,26.66,0.00,13,8
2026-10-08 00:05:22,Dior,offen,ART,DEQKHY5YVPFiwcVhoUUE5gnkWj66LVPoPgLHAswqpump,643.8,2.75705869634e-07,0.1466,0.492589,7472,1595,23.53,0.00,5,3
2026-10-08 00:05:22,3zsr,offen,Sapijiju,8Fs2YLsayR4awLB79nMM3QCpG3pqvcAGP7hHb8fX4L2G,7409.0,1.31465543856e-07,1.2267,0.245339,4250,360,28.29,0.00,0,0
2026-10-08 00:05:22,3zsr,offen,EZRA,4qTqqkexQCEP2m8UrDWXACHpA8bEkGxpNJrDPMNcfHKQ,2745.7,3.36046481441e-08,1.0173,0.203456,3889,6,7.67,0.00,0,0
2026-10-08 00:05:22,3zsr,offen,ELONMUSK,5QmEgE9rK3aB1SDi7mK7rXPt2QHe7FRT69zbb2X2iSip,2745.5,3.25428460451e-08,0.9488,0.189765,3775,5,12.21,0.00,0,0
2026-10-08 00:05:22,3zsr,offen,HIGCAT,52sQ5kFhaTD6NsfN4oKreHZAwxrxgUo129ZCG3EBsVhv,2745.3,3.18216056072e-08,0.8979,0.179572,3726,6,6.49,0.00,0,0
2026-10-08 00:05:22,3zsr,offen,GIA,4FuWREkDYG1chHxHfgmUv3AN1iLPUi42Er6UboWUJKwU,2744.9,3.27282383227e-08,0.9170,0.183396,3795,10,9.39,0.00,0,0
2026-10-08 00:05:22,3zsr,offen,Sworddog,2QLpYwa5tzMjGBZWCmu9WHEPTNPH65w7xeFHSU1Hpump,2172.6,3.46527256748e-08,0.8747,0.174937,3910,14,12.90,0.00,0,0
2026-10-08 00:05:22,3zsr,offen,TRUMP,AYLh1Bgthdgego4EBAJQZtzXiQ6b1EbrPWES5V1vjhzV,2057.3,3.33975468189e-08,0.5387,0.053866,720,87,20.40,0.00,0,0
2026-10-08 00:05:22,3zsr,offen,RUGRUN,2VFjLcouktUNWRsZVkdiJ57nmRZR8HTJjKzDkZ3mbN8f,2030.1,3.30561678349e-08,0.9650,0.192997,3866,5,6.69,0.00,0,0
2026-10-08 00:05:22,3zsr,offen,HOUS,4pZQCY4HLpeYyJJ48yu7Z49B4G1Z7B1ZH3YdvVfNqKGn,2029.9,4.10897156241e-08,0.9969,0.199379,4281,15,15.88,0.00,0,0
2026-10-08 00:05:22,C7bF,offen,Plague,3oTRLDrbymWupBmmUuNzRYTJm4cXpHHsmu5Uz3PF5uU3,915.9,3.1248121971e-08,0.4673,0.093460,3690,8,5.62,0.00,0,0
2026-10-08 00:05:22,C7bF,offen,SPSI,ERvSTRZsoEdM79d9Ajb2KMSnM1uPgamW3BoNgj21teCa,389.4,3.88971389656e-08,1.0442,0.208839,467,6,13.47,0.00,0,0
2026-10-08 00:05:22,77n6,offen,Ecat,5RUrbAftnTBptroKfpiJKyGF5v7aGsX9zYzNjSXjpump,2736.3,3.59779479875e-07,0.6441,0.257629,7453,275,25.42,0.57,0,0
2026-10-08 00:05:22,G7b2,offen,si.gov,7CTRbkV1tVuq1f59pRxT1Pb2W5AHG4gM9FMH4rGzKiXv,5210.3,2.99022783347e-06,1.3068,2.613673,28653,2131,12.94,0.00,1,3
2026-10-08 00:05:22,G7b2,offen,GTA6,4kjruqGHDsSqkMdFfCjV7Vb62HPFhtXyWc2t6JpQzDnz,4208.2,5.03898824765e-06,0.9875,0.789973,13819,10684,15.33,0.00,2,0
2026-10-08 00:05:22,G7b2,offen,SXSI,DQysBW79uHzZAWd2ahVQrf89CuSFqVzuNA3ijHbjVJfG,4199.4,1.54856776335e-06,0.6186,0.989827,23790,1228,28.56,0.00,1,3
2026-10-08 00:05:22,G7b2,offen,SI,DEW9dSN6QpWyNthphCpMmAbZP1Q4cEKR9xQXAri98WDP,4160.2,0.000210067950378,0.9166,2.405494,1664796,54920,16.61,0.00,8,35
2026-10-08 00:05:22,G7b2,offen,PLAGUE,CscZaq5twomhUkvCY8Jdd1tge32L4Yj9FbkFFEZQpump,2183.4,4.56807062164e-06,0.2729,0.818844,93967,6713,17.57,0.00,6,20
2026-10-08 00:05:22,7Cn1,offen,SI,DEW9dSN6QpWyNthphCpMmAbZP1Q4cEKR9xQXAri98WDP,3916.3,0.000210067950378,0.8092,0.434599,1664796,54920,16.61,0.00,8,35
2026-10-08 00:05:22,7Cn1,offen,si.gov,7CTRbkV1tVuq1f59pRxT1Pb2W5AHG4gM9FMH4rGzKiXv,3380.8,2.99022783347e-06,1.0965,1.348257,28653,2131,12.94,0.00,1,3
2026-10-08 00:05:22,7Cn1,offen,DARK,7KEPApdbBMByrmqihz3bht2uMhFQcatjfSFQCKq66kH3,220.9,4.63543300729e-05,1.5011,2.401812,707003,5385,12.82,0.02,67,310
2026-10-08 00:05:22,7Cn1,offen,CRAWL,BXoHJddsWJLHtAopeiSbKUSELsu8hSFMs8baGMDkpump,128.4,3.07470051212e-05,0.9834,0.786740,439841,7534,15.44,0.46,15,46
2026-10-08 00:05:22,7Cn1,offen,SpaceXSI,2GYMvnSv37djKecDshE8bYe2sRypcETeAF8G9h6un4J2,101.7,4.32235622896e-06,1.1248,0.224968,50756,2676,12.42,0.00,4,6
2026-10-08 00:05:22,Croco-AC7K,offen,AnyPS5,CWKbSd7jwMXXexP3pbwLAWMzr4HXAXTvt4R9pk2Vyyyc,178.9,4.3859129449e-06,1.1884,0.713063,39656,1820,19.38,0.00,15,27
2026-10-08 00:05:22,HoneyBadger-6kfX,offen,phubber,CBcjQNdtgb4SHwKDqKFxD3yPSk7pEMpKHQiMmZrgpump,1545.0,4.68113321611e-06,1.1885,2.377037,53318,3105,20.38,0.00,13,15
2026-10-08 00:05:22,HoneyBadger-6kfX,offen,pup,7HE2WmPoYE7uaA7DKh25N5cUwEcUoiyjwZU9ZeaQpump,991.3,8.31629266011e-08,0.8121,0.324832,2774,330,23.43,0.00,0,1
2026-10-08 00:05:22,8K7Z,offen,RARI,EFn88CiiFHhihqdr1Y11XBDxbbYarBf1ij92DsrigYwR,1202.7,1.45800342027e-05,1.1012,3.083392,164726,3539,20.59,0.00,8,23
2026-10-08 00:05:22,FKJE,offen,HOOKED,C1mBfBoDkwWfd6uTFZp62ARHLjeVp3bDpCDMfMZtPngE,1966.8,5.01600434076e-05,0.8447,0.506796,778956,11320,20.95,0.00,11,68
2026-10-08 00:05:22,2z7o,offen,desks,desks4HG9uksDrYFsRRdSLqYoXusNyEnGK8PZu9hKMG,17.0,2.18244393278e-07,1.1635,0.232709,9711,191,15.67,0.00,10,14
2026-10-08 00:05:22,54QZ,offen,MARVIN,EEGTUKdfRGdFqRNQZunXracQbgBEGj61GFSsidTEpBEs,708.3,3.60417001878e-08,0.8657,0.173131,628,8,17.78,0.00,0,0
2026-10-08 00:05:22,54QZ,offen,SXSI,6kLQP6SpZWY2281u8oWdKBPnTjgoAA6ZJSXZczt2gkwm,680.7,1.28378731461e-07,1.0249,0.124524,6234,268,20.75,0.00,0,0
2026-10-08 00:05:22,54QZ,offen,GOBLIN,E2itWssNNRVYSTd7U6Q7y5XVRVJM4eAxG7TGSv5epump,568.4,3.45479117321e-07,0.8871,0.819285,10582,591,23.01,0.00,2,2
2026-10-08 00:05:22,54QZ,offen,ZNEURO,3W25WcwSHckSbRFKUYePfpymN5npELnNUEQGHzC7pump,188.9,7.41218798149e-08,0.7232,0.279714,2139,71,33.34,0.00,1,2
2026-10-08 00:05:22,Loopierr,schatten,CatCollector,5AgD5tmarU5kgbqHqCgDEMcAHAQAm8muV67xkKs9urps,8036.3,3.62552487589e-08,0.1077,0.021545,141,35,4.00,0.00,0,0
2026-10-08 00:05:22,Loopierr,schatten,SGI,36yTNhb9rfogt4mWxFiTnBeeT9bNXrVdKymAJ3jbvTzM,7885.4,3.00379978568e-08,0.1882,0.037634,3679,6,0.36,0.00,0,0
2026-10-08 00:05:22,6ANG,schatten,ANTHROPIG,25DeVAVF86uAd2wcFewp7F1s6gjZei88Mj4xBzg3AP94,8597.5,1.10489399173e-07,0.4506,0.090116,5144,67,31.14,0.00,0,1
2026-10-08 00:05:22,HEBO,schatten,SI,4qCW74oX82oTeypDzFYYYZ6eJ6yPQVFeX196YpHszJFY,4718.6,2.20004161248e-08,0.4364,0.087279,2327,56,10.82,0.00,0,0
2026-10-08 00:05:22,HEBO,schatten,INCOME,E7mRvAbgZdA6dF7cgXZevkbjd9Yfy5q11XEFnWZfpump,4447.4,6.08650307331e-08,0.9720,0.194407,2265,1266,15.11,0.00,0,0
2026-10-08 00:05:22,HEBO,schatten,GPH,BtmRMRazMTY2KqpbZkdFGrGJSm8rwLG744DV8Webpump,3408.9,5.65763289933e-08,0.8018,0.160356,1719,68,26.13,0.00,0,1
2026-10-08 00:05:22,HEBO,schatten,pup,7HE2WmPoYE7uaA7DKh25N5cUwEcUoiyjwZU9ZeaQpump,3408.4,8.31629266011e-08,0.7620,0.152408,2774,330,23.43,0.00,0,1
2026-10-08 00:05:22,HEBO,schatten,ACTII,41QF43mQKs1Qm51xK7uQWjxRA9oZ6S5mBVYveR4wLfzx,535.8,4.71608694811e-08,0.7896,0.157926,1301,69,24.40,0.00,0,0
2026-10-08 00:05:22,HEBO,schatten,TITS,DPVNMLe7zXsrg8Y9rMyPmxBG31qqo3v9FyWChbKQpump,533.7,9.04262501717e-08,1.9097,0.305559,2655,46,27.67,0.00,0,0
2026-10-08 00:05:22,HEBO,schatten,TITS,C21p56TNF1Ec8BmyMkmLnwX56G3TzgYvzqMMVUPL7Fcm,530.9,2.70434538109e-08,0.6905,0.138091,586,118,14.15,0.00,0,0
2026-10-08 00:05:22,Troupe,schatten,CLAUSE,EWKyN7QHfJo41ikKqpo8R5gwEvryytKo9Vf7NF39U1GC,3094.1,1.83580498623e-08,0.0531,0.010620,2092,25,2.31,0.00,0,0
2026-10-08 00:05:22,4DOV,schatten,TRADE,Euz6EjyubNjJmCkahGEfCXmnCwNVLunxc1LZWsmV3wKf,1606.2,3.02203508356e-08,0.0225,0.004503,767,196,16.45,0.00,0,0
2026-10-08 00:05:22,Cooker,schatten,X7,CdhZy8wrRxNxoV8HtoByXKN7mvS46avtuZ1b39tKfx7,8699.3,3.18845437141e-06,0.3150,0.063000,56210,1756,22.04,0.00,3,6
2026-10-08 00:05:22,Cooker,schatten,9e9,HZ4qZQJ7yf6WR1D24GLRLJ3cKUfgtJEF3B7SdLMLvCPZ,7429.9,3.20245116206e-08,0.0372,0.014887,981,254,13.94,0.00,0,0
2026-10-08 00:05:22,Gake,schatten,MINEPAD,2EUKLvNQ63YCmjSDyJ14Tzj7ASeHGXgseYWrKAa2mine,9579.0,1.08584446912e-06,0.6402,0.108837,20622,782,23.43,0.00,11,8
2026-10-08 00:05:22,Gake,schatten,TERRA,JD3d8mxEJ91LHZSuwVLquFAKdo5PbEeLCUevjjDsPdRe,8296.4,8.57285377281e-08,0.0630,0.012606,2616,116,29.83,0.00,0,0
2026-10-08 00:05:22,Gake,schatten,SHITCOIN,4BxBot4K36N3ZZkpB9sqEocy5iBi8cUttK6s8YbHH9Jo,6788.6,7.21711450689e-08,0.0767,0.015342,2218,114,37.13,0.00,0,0
2026-10-08 00:05:22,Gake,schatten,FROGE,6R1F4sNySF4NKGdhW3UhESWuYYRu4Cehk5rn3mGP375R,6777.8,5.63900370343e-08,0.0531,0.010625,1953,344,24.79,0.00,0,0
2026-10-08 00:05:22,Gake,schatten,GENESIS,CSEd3Pi5WZL7w5vmwNjDVXv8poAqSv2Dn1as1erUpump,4131.9,6.88922511453e-08,0.0142,0.002850,2607,784,21.11,0.10,0,1
2026-10-08 00:05:22,Gake,schatten,OATH,2RSsw9tntE1RmoiPnNFiu93EzQu2eLnCAzvZiqMSoatH,4115.7,2.85889850873e-07,0.2565,0.051308,8165,262,24.93,0.00,1,0
2026-10-08 00:05:22,Gake,schatten,IMAGINE,EpFTb2XcGiMyGLykZ9VYmyPWz2AHEwAggqSbwJpypump,3743.6,2.01624212083e-06,0.7544,0.150887,25184,805,37.75,9.37,0,1
2026-10-08 00:05:22,Dior,schatten,CAESAR,8cp1WhUDxTbfX8nDe1kAB1ogPUyQvUSKgzFz365LbQyZ,2548.1,2.37399693447e-07,0.1028,0.020560,8164,1519,19.81,0.00,2,2
2026-10-08 00:05:22,Dior,schatten,ClapCat,5BjfgmtfqvNpAWx1CnZynoWLWNMnrwHLhTFzQ81vkEc8,719.2,2.31809331671e-06,0.6607,0.132148,29511,869,26.66,0.00,13,8
2026-10-08 00:05:22,koko,schatten,MAJOR,7AUzu756Pp3Cg3NByuKfcRSAFFt31kjC6U6R1npkiA1Q,5948.4,2.12236001708e-07,4.6462,0.929238,5309,170,29.68,0.00,0,0
2026-10-08 00:05:22,77n6,schatten,Ecat,5RUrbAftnTBptroKfpiJKyGF5v7aGsX9zYzNjSXjpump,2777.1,3.59779479875e-07,0.6645,0.132897,7453,275,25.42,0.57,0,0
2026-10-08 00:06:23,Loopierr,offen,GARP,FKPdKiZBYMU2MwHXKjyhgV6ozSh2APzvvr3ZBwFCfSHo,10810.1,2.52563870313e-08,0.0397,0.007936,523,145,7.95,0.00,0,0
2026-10-08 00:06:23,6ANG,offen,OpenSI,5ptkVdbpaPpEJPPVXE5CpJNCXEmAidyot5TQcDDawMzm,10537.7,3.7938905385e-07,0.9207,0.708342,10022,1192,22.36,0.00,0,0
2026-10-08 00:06:23,6ANG,offen,ANT,BTZK1B3pCoBDD1vy5e4bDBM4bwvvhkKUMTuKABkGWwGp,8598.7,3.39220230203e-07,0.8795,0.527725,9385,93,27.37,0.00,0,0
2026-10-08 00:06:23,6ANG,offen,ANTHROPIG,25DeVAVF86uAd2wcFewp7F1s6gjZei88Mj4xBzg3AP94,8598.5,1.10489399173e-07,0.4532,0.181280,5144,67,31.14,0.00,0,0
2026-10-08 00:06:23,6ANG,offen,STAR,StargWr5r6r8gZSjmEKGZ1dmvKWkj79r2z1xqjFstar,312.0,1.88491988779e-05,0.8480,0.169608,98572,899,54.00,0.00,0,0
2026-10-08 00:06:23,9LXM,offen,SGI,FcZcFjfNPJR9rycZS1FwkiEgQTW7ZWRjdSaBdJ6M9ha6,10392.7,6.24145169674e-08,0.0410,0.016391,4250,328,21.84,0.00,0,0
2026-10-08 00:06:23,HEBO,offen,SGI,FcZcFjfNPJR9rycZS1FwkiEgQTW7ZWRjdSaBdJ6M9ha6,10830.7,6.24145169674e-08,0.0527,0.060402,4250,328,21.84,0.00,0,0
2026-10-08 00:06:23,HEBO,offen,goon,HSUMi4rMgjrx7zRUabw3ogGu1pa5hmF2eVcXj9Apump,10624.7,6.47569826335e-07,0.7929,0.571314,16517,2875,18.35,0.00,2,3
2026-10-08 00:06:23,HEBO,offen,Tico,35ccP7zmf4THJsDn3UtozYcWm1U8nzhyHcTgK3ETpump,10559.4,3.35241598109e-08,0.5605,0.112108,3890,29,7.17,0.00,0,0
2026-10-08 00:06:23,HEBO,offen,SGI,Cb2pMbsRRvaeZoxpRqnTP6k6hLziSUf5pnqW9Jx5T3Wz,7971.1,1.50162997191e-07,0.3980,0.557243,7178,437,25.19,0.00,1,0
2026-10-08 00:06:23,HEBO,offen,ArmyX,F7y94q8QvGKNCrGt6E5pgQ7ABBkQK4QkqEBGs9Y5ZFFk,7946.6,3.41487212224e-08,0.1275,0.101964,3267,61,15.77,0.00,0,0
2026-10-08 00:06:23,HEBO,offen,ZUCKS,2eBJvNnn7guSjX1yuE7seuDY9pveDiHkfoyeBh2WZroS,7680.9,2.18793082862e-08,0.3346,0.048182,2368,30,7.97,0.00,0,0
2026-10-08 00:06:23,HEBO,offen,TRUMPTV,34w4t74EsbJyBBSyYBFyNo65Ft7Ax8BF3HrubL1mwbpL,7586.1,2.01893829325e-08,0.1548,0.030956,2246,92,5.45,0.00,0,0
2026-10-08 00:06:23,HEBO,offen,pill,DvdmEnztCmXwBnAbedD48XVGZJSxq31zNvnyftXdpump,6522.1,1.30323196886e-05,0.7440,1.934479,221946,5502,20.83,0.00,5,3
2026-10-08 00:06:23,HEBO,offen,PUMPCAT,G4vqe8KAcRGTb7Kc55n9sz43aR4ugTPdSeUnAXZhpump,6521.8,3.06554224983e-06,1.4533,0.290655,48848,1411,24.54,0.00,0,1
2026-10-08 00:06:23,HEBO,offen,CUPTOBER,EKgswaMnRSJHmyFZCbxscTAjiR2bH1oLXsftepUGsPtz,6358.7,4.86028766019e-08,0.5908,0.236335,5206,26,12.93,0.00,0,0
2026-10-08 00:06:23,HEBO,offen,Scronkfinkle,DaUFkgZjwJCsM9QDWCsxtZS2omgHS3Fn9GHgTX5wwpcX,5096.4,3.87065506689e-08,0.3808,0.228486,1035,98,19.39,0.00,0,0
2026-10-08 00:06:23,HEBO,offen,Eagle,E3pWKtfQk6LLZpRWVTjJwrMY4vFa9umLYDPxWJtZSTNK,5072.9,2.60454618774e-08,0.1376,0.124654,2748,75,12.69,0.00,0,0
2026-10-08 00:06:23,HEBO,offen,Inu,83LFceyzRNNRUThm4VzHx4jmVuf6xAggSp2UvhQx52Dy,4719.8,2.51021388182e-08,0.1446,0.028923,2522,118,11.76,0.00,0,0
2026-10-08 00:06:23,HEBO,offen,Caviar,F7ktJWjMtubD8zwv5xMb35g5hPTvGQSDMS8UGcwXpump,4452.2,1.02787077218e-07,0.6554,0.262176,3083,84,29.59,0.00,0,0
2026-10-08 00:06:23,HEBO,offen,TIT,3KM7dvpUk2Wm8qdXtZpBJHgic4bAaz1MTDHvUEjKpump,4426.8,2.25207796138e-07,0.5287,0.422945,6374,131,26.81,0.00,0,0
2026-10-08 00:06:23,HEBO,offen,MIM,6bJtwhtvzkthAYszQ3ZWkFJzSvbGSkbAz9yPcSiXaGK6,4426.2,1.44820397556e-07,1.1452,0.229033,4719,188,26.51,0.00,0,0
2026-10-08 00:06:23,HEBO,offen,Taste,93FWFR63nwQcq5zuXNmTits5BYcKFjmUZzccMvhmpump,4425.8,1.20794170234e-07,1.3458,0.538310,9853,38,23.38,0.00,0,0
2026-10-08 00:06:23,HEBO,offen,GPH,H1hFymzkRE7CAdxEuBWYknvsTCgoDXAqPKFU94iPpump,4420.1,4.58004314586e-08,0.8667,0.173349,867,69,10.72,0.00,0,0
2026-10-08 00:06:23,HEBO,offen,TIT,Ar3QBegnCQr6ZFyN9h637ar9JCxZRvdboiR1QzMrpump,3413.9,1.01977267494e-07,0.3068,0.429524,3168,273,36.22,0.00,0,0
2026-10-08 00:06:23,HEBO,offen,AVERY,8QFGVLXehnTv28eMdXZkhY5d84SVF58LAfRGx8zWpH9b,3350.8,3.46925481534e-08,0.1937,0.038736,3097,227,19.30,0.00,0,0
2026-10-08 00:06:23,HEBO,offen,APU,HoCeDUrd5BqfYmaRk2eiUpzshEvpwfYpgrJ4YKFCpump,2149.6,1.14303039362e-07,0.6385,0.127702,4067,257,25.32,0.00,0,0
2026-10-08 00:06:23,HEBO,offen,APU,E7eCZS2cq655qJ7uVx3dSHR2zK31kwNQsWS6P6Hpump,2149.4,1.64900977419e-06,2.5771,2.061645,18780,453,26.13,0.00,1,4
2026-10-08 00:06:23,HEBO,offen,COCKROACH,H4KUxsEgCp2yDpFvyDuGM5k6XevSKKrrKUxZ3Zr6nyJc,2144.6,8.39407110253e-06,1.2398,2.231575,82615,3403,18.67,0.00,2,15
2026-10-08 00:06:23,HEBO,offen,MDOG,F5zC2QoP6j2erxNyf4z6iNCi6X6AkburMC2Xofhxpump,1923.9,7.85755169557e-08,0.9214,0.184271,3252,1646,17.78,0.00,0,0
2026-10-08 00:06:23,HEBO,offen,SI,8ALHRuN5q4MHRaKPdiXi7cHyVWicZVwQx2TBTCH8GZ4h,1679.3,1.03648997292e-07,0.9788,0.195750,3141,56,22.59,0.00,0,0
2026-10-08 00:06:23,HEBO,offen,PHASEONE,GfawjB4Fxz389kECjrrnsdS8MKb9hMgALonJddGQasHL,545.1,3.5640390143e-08,0.6062,0.121239,905,90,20.69,0.00,0,0
2026-10-08 00:06:23,HEBO,offen,TITS,GLsHzxjtktCKzAA8LEEfXJ5UF2Jdsj161e5Duh3tkzga,531.8,5.26744298141e-08,0.9699,0.193986,1828,521,23.03,0.00,0,0
2026-10-08 00:06:23,HEBO,offen,AI,4AvWfTKcEFqwRjxBnoyWRY7wF7UV9cqH3492UFKHpump,508.1,4.08907202494e-08,0.5937,0.118733,1198,67,16.73,0.00,0,0
2026-10-08 00:06:23,HEBO,offen,INSTADOCS,AMj8gG4mXckBoaT5mGQDwriKUqJtEApNg2CuXw6Ypump,507.9,5.26477406226e-08,1.0979,0.219587,1588,23,19.72,0.00,0,0
2026-10-08 00:06:23,Troupe,offen,PUMP,pumpCmXqMfrsAkQ5r49WcJnRayYRqmXz6ae8H7H9Dfn,8749.2,5.36655628488e-05,1.1069,0.010009,43466635,315349,59.33,0.00,99,343
2026-10-08 00:06:23,Troupe,offen,homo,42AtRP5d3ySBj9iveMYeD23kkmN3HEZFwUzs1YKvkPA9,7096.7,2.14592576655e-08,0.0577,0.010117,256,145,3.18,0.00,0,0
2026-10-08 00:06:23,Troupe,offen,PUMPE,9fJAWKQpkY93hfuZxrHfh5wEh2AV9vjkWNQfzfbziHd2,6969.9,7.26299710673e-06,0.2628,0.315403,53603,2294,18.17,0.80,1,2
2026-10-08 00:06:23,Troupe,offen,HOLD,6REnZgtxhwdSAHczAp4J5PRsGQYQt7T3x4kEDyfs9U7y,6926.9,2.89075849003e-08,0.0166,0.003328,775,479,9.51,0.00,0,0
2026-10-08 00:06:23,Troupe,offen,THICC,3QEbHMK6ceYevtaCdLmBQMJgcPb9PJQpgyFBP6f6x6Rg,4271.5,1.33342115681e-08,0.0620,0.012402,1486,8,4.02,0.00,0,0
2026-10-08 00:06:23,Troupe,offen,CLAUSE,EWKyN7QHfJo41ikKqpo8R5gwEvryytKo9Vf7NF39U1GC,3095.2,1.83580498623e-08,0.0754,0.015075,2092,25,2.31,0.00,0,0
2026-10-08 00:06:23,Troupe,offen,TESTla,TESZBZpTRGUDriZQg72kYre1Vozyp2de7Z6o5JUtdRA,1442.0,0,0.0000,0.000000,6,40,3.55,0.04,0,2
2026-10-08 00:06:23,4DOV,offen,BOT,Aaan4fxwhKtUUPg2GSKq6natLV9oj9QQNf5xT4UE2gXr,8396.2,3.12422245552e-08,0.0367,0.007335,858,318,15.16,0.00,0,0
2026-10-08 00:06:23,4DOV,offen,PUDU,8HQgEcbhR5Xoh735zvndAocCLd7wdAYJfWHV55J8pump,6947.3,2.75782014479e-08,0.0131,0.005233,608,423,12.75,0.00,0,0
2026-10-08 00:06:23,4DOV,offen,Aiden,9dSMwFfPezQ8WPcW1uZV7ns4rcviEj2LssSAg75WBLXd,5508.1,4.65364842956e-07,0.0331,0.014886,12117,3150,17.06,0.00,2,2
2026-10-08 00:06:23,4DOV,offen,SPLICE,7bC8ugu1ZJn21MhA4ht483nX8brLNesa8R7XLimpFyhq,4751.6,7.22716097489e-07,0.0457,0.027415,16661,2702,23.24,0.03,7,5
2026-10-08 00:06:23,4DOV,offen,Ash,4jxyespUyvDxg1cN1NMCWErHGGyPrBdEzPiDobLBmttL,4433.9,4.01124507567e-08,0.1002,0.020044,1049,21,2.44,0.00,0,0
2026-10-08 00:06:23,4DOV,offen,www,GAwhcphCqCv5bKHmCiN4VDdNWfbXJL4npmkc8L3Q9S9H,4283.3,1.24363605239e-06,0.1190,0.047606,33450,6449,18.23,0.00,6,3
2026-10-08 00:06:23,4DOV,offen,ACTII,DYjM6f2R34Qp4jPE73HsdEVZwwcQFCsokpNYCqBUpump,4211.1,2.27748703586e-07,0.0431,0.012923,6396,1100,26.91,0.00,2,1
2026-10-08 00:06:23,4DOV,offen,BANANA,G7JkKqGb69cCWC2XkDXc8LG8qbifTkCKpsAcr6kApump,4094.9,3.2551854551e-08,0.0312,0.006232,825,192,18.37,0.00,0,0
2026-10-08 00:06:23,4DOV,offen,JITI,6YuVyHbjdwxiH1CLCSusP9yjXmsVvQfcTbSSPcFuXDew,3533.9,4.97347823487e-08,0.0422,0.008431,2028,803,19.87,0.00,0,0
2026-10-08 00:06:23,4DOV,offen,QINU,4unydQjvYdqR31pkuBYGu2nGst8r8j5XMW8KXRXtpump,3297.5,3.08299378802e-08,0.0185,0.007406,907,531,11.24,1.06,0,0
2026-10-08 00:06:23,4DOV,offen,NOLLA,CXw5hY3BMi87DTa99ekZgwxuvu7pQ2FUQVecs3SvJLD9,3117.7,2.95699277304e-08,0.0265,0.005291,726,326,15.30,0.00,0,0
2026-10-08 00:06:23,4DOV,offen,TRANNIE,BvLqum9qd4TWQ1c9WPmLYMvxxzoXUjsFycVffvjyq16,3036.8,2.64119752244e-08,0.1129,0.022576,482,118,12.72,0.00,0,0
2026-10-08 00:06:23,4DOV,offen,OTC,MukLDtJ8Cx9DxLbeyLRSWPSposTMWuwHANbuaudpump,2584.2,6.67695800637e-05,0.6264,0.014401,474166,18734,25.82,0.00,4,58
2026-10-08 00:06:23,4DOV,offen,TRADE,Euz6EjyubNjJmCkahGEfCXmnCwNVLunxc1LZWsmV3wKf,1607.5,3.02203508356e-08,0.0242,0.009669,767,196,16.45,0.00,0,0
2026-10-08 00:06:23,4DOV,offen,AUTON,39ahtL8ynzE4amH26J29C93PA5172V3ft9UuUcqQS8fz,1268.2,2.2523363237e-05,0.4524,0.361890,366129,6728,14.58,0.00,15,81
2026-10-08 00:06:23,4DOV,offen,Human,8nPoBHiBM6pybxMws9PA2JRb9BjkppBfqcZGmot4DMBC,436.3,2.71146226199e-06,0.6377,0.008693,49029,5772,23.47,0.00,2,11
2026-10-08 00:06:23,4DOV,offen,HSM,2856wfnQ27LH23yKeFHJ4XQpQ2bsw4sen8RqyW5Wpump,293.1,1.44727033556e-07,0.3187,0.127467,4503,771,19.92,0.00,7,3
2026-10-08 00:06:23,4DOV,offen,FRENS,41MjNbWHZeFmxwMHPwTfsJP3aPbvsvR5tsgnmhNKpump,5.3,1.6537852162e-06,1.2221,0.244430,18824,661,19.48,0.00,130,330
2026-10-08 00:06:23,Cooker,offen,SI,DEW9dSN6QpWyNthphCpMmAbZP1Q4cEKR9xQXAri98WDP,8921.2,0.000209557324751,0.6174,0.370456,1663972,54920,16.61,0.00,9,40
2026-10-08 00:06:23,Cooker,offen,HOOKED,C1mBfBoDkwWfd6uTFZp62ARHLjeVp3bDpCDMfMZtPngE,7467.5,4.84646268358e-05,0.4436,2.040770,768460,11322,20.95,0.00,9,49
2026-10-08 00:06:23,Gake,offen,CURVE,7ioeSgzfSKHMnpgfPpgRFsekMBGiu9oi6t6GeqYtNbbh,9610.0,1.63908226911e-06,0.4737,0.094750,107239,1085,15.61,0.06,0,0
2026-10-08 00:06:23,Gake,offen,SDOG,yFcTuQJCMsd1Asya15GZ7h4KGdxsujRLcUiTWWXpump,9423.4,3.63360186383e-07,0.0487,0.009738,9925,1646,19.45,0.00,15,5
2026-10-08 00:06:23,Gake,offen,OP,5PiBn5JdjJDnRGziiSfsu2affgBR3DyTTCR3CHpcode,9360.7,1.66828048089e-07,0.0459,0.009189,7193,1387,22.64,0.00,0,2
2026-10-08 00:06:23,Gake,offen,PURPS,purpFPo5voy6fEu8jxSCwVdMs1zyYEYAH6FBQvTYCZK,7078.5,2.34709546165e-06,0.8234,0.164683,30581,2252,33.91,0.00,0,0
2026-10-08 00:06:23,Pikalosi,offen,Miu,7LNFZcNigZay5U9e2sq6n2Z4iM8BC2Dd53L14pwvpump,7585.0,4.44714921467e-07,1.0655,0.213102,14528,795,21.45,0.00,0,0
2026-10-08 00:06:23,Dior,offen,OTC,MukLDtJ8Cx9DxLbeyLRSWPSposTMWuwHANbuaudpump,7910.9,6.67695800637e-05,0.9856,4.618134,474166,18734,25.82,0.00,4,58
2026-10-08 00:06:23,Dior,offen,TripleT,J8PSdNP3QewKq2Z1JJJFDMaqF7KcaiJhR7gbr5KZpump,7039.0,5.80745071463e-05,0.9372,0.374892,360858,22870,18.94,0.00,2,5
2026-10-08 00:06:23,Dior,offen,Kirkslop,8m5hzX9hprtWwPuVZL4daCZfggWYKc6fhSJDDpiqpump,6718.3,6.20154568842e-07,0.9439,0.566314,14354,396,28.14,0.00,0,3
2026-10-08 00:06:23,Dior,offen,COCKROACH,H4KUxsEgCp2yDpFvyDuGM5k6XevSKKrrKUxZ3Zr6nyJc,3557.5,8.39407110253e-06,0.9303,2.046698,82615,3403,18.67,0.00,2,15
2026-10-08 00:06:23,Dior,offen,CAESAR,8cp1WhUDxTbfX8nDe1kAB1ogPUyQvUSKgzFz365LbQyZ,2527.3,2.37399693447e-07,0.1185,0.331777,8164,1519,19.81,0.00,1,2
2026-10-08 00:06:23,Dior,offen,ClapCat,5BjfgmtfqvNpAWx1CnZynoWLWNMnrwHLhTFzQ81vkEc8,712.5,2.28378794027e-06,0.8354,1.002493,29479,868,26.66,0.00,13,6
2026-10-08 00:06:23,Dior,offen,ART,DEQKHY5YVPFiwcVhoUUE5gnkWj66LVPoPgLHAswqpump,644.8,2.72401170938e-07,0.1449,0.486684,7445,1594,23.53,0.00,5,4
2026-10-08 00:06:23,3zsr,offen,Sapijiju,8Fs2YLsayR4awLB79nMM3QCpG3pqvcAGP7hHb8fX4L2G,7410.0,1.31465543856e-07,1.2267,0.245339,4250,360,28.29,0.00,0,0
2026-10-08 00:06:23,3zsr,offen,EZRA,4qTqqkexQCEP2m8UrDWXACHpA8bEkGxpNJrDPMNcfHKQ,2746.7,3.36046481441e-08,1.0173,0.203456,3889,6,7.67,0.00,0,0
2026-10-08 00:06:23,3zsr,offen,ELONMUSK,5QmEgE9rK3aB1SDi7mK7rXPt2QHe7FRT69zbb2X2iSip,2746.5,3.25428460451e-08,0.9488,0.189765,3775,5,12.21,0.00,0,0
2026-10-08 00:06:23,3zsr,offen,HIGCAT,52sQ5kFhaTD6NsfN4oKreHZAwxrxgUo129ZCG3EBsVhv,2746.3,3.18216056072e-08,0.8979,0.179572,3726,6,6.49,0.00,0,0
2026-10-08 00:06:23,3zsr,offen,GIA,4FuWREkDYG1chHxHfgmUv3AN1iLPUi42Er6UboWUJKwU,2745.9,3.27282383227e-08,0.9170,0.183396,3795,10,9.39,0.00,0,0
2026-10-08 00:06:23,3zsr,offen,Sworddog,2QLpYwa5tzMjGBZWCmu9WHEPTNPH65w7xeFHSU1Hpump,2173.6,3.46527256748e-08,0.8747,0.174937,3910,14,12.90,0.00,0,0
2026-10-08 00:06:23,3zsr,offen,TRUMP,AYLh1Bgthdgego4EBAJQZtzXiQ6b1EbrPWES5V1vjhzV,2058.3,3.33975468189e-08,0.5387,0.053866,720,87,20.40,0.00,0,0
2026-10-08 00:06:23,3zsr,offen,RUGRUN,2VFjLcouktUNWRsZVkdiJ57nmRZR8HTJjKzDkZ3mbN8f,2031.1,3.30561678349e-08,0.9650,0.192997,3866,5,6.69,0.00,0,0
2026-10-08 00:06:23,3zsr,offen,HOUS,4pZQCY4HLpeYyJJ48yu7Z49B4G1Z7B1ZH3YdvVfNqKGn,2030.9,4.10897156241e-08,0.9969,0.199379,4281,15,15.88,0.00,0,0
2026-10-08 00:06:23,C7bF,offen,Plague,3oTRLDrbymWupBmmUuNzRYTJm4cXpHHsmu5Uz3PF5uU3,916.9,3.1248121971e-08,0.4673,0.093460,3690,8,5.62,0.00,0,0
2026-10-08 00:06:23,C7bF,offen,SPSI,ERvSTRZsoEdM79d9Ajb2KMSnM1uPgamW3BoNgj21teCa,390.5,3.88971389656e-08,1.0442,0.208839,467,6,13.47,0.00,0,0
2026-10-08 00:06:23,77n6,offen,Ecat,5RUrbAftnTBptroKfpiJKyGF5v7aGsX9zYzNjSXjpump,2737.3,3.59779479875e-07,0.6441,0.257629,7453,275,25.42,0.57,0,0
2026-10-08 00:06:23,G7b2,offen,si.gov,7CTRbkV1tVuq1f59pRxT1Pb2W5AHG4gM9FMH4rGzKiXv,5211.3,2.99022783347e-06,1.3068,2.613673,28649,2130,12.94,0.00,0,3
2026-10-08 00:06:23,G7b2,offen,GTA6,4kjruqGHDsSqkMdFfCjV7Vb62HPFhtXyWc2t6JpQzDnz,4209.2,5.03898824765e-06,0.9875,0.789973,13819,10684,15.33,0.00,2,0
2026-10-08 00:06:23,G7b2,offen,SXSI,DQysBW79uHzZAWd2ahVQrf89CuSFqVzuNA3ijHbjVJfG,4200.4,1.54571087499e-06,0.6175,0.988001,23757,1227,28.56,0.00,1,3
2026-10-08 00:06:23,G7b2,offen,SI,DEW9dSN6QpWyNthphCpMmAbZP1Q4cEKR9xQXAri98WDP,4161.2,0.000209557324751,0.9144,2.399647,1663972,54920,16.61,0.00,9,40
2026-10-08 00:06:23,G7b2,offen,PLAGUE,CscZaq5twomhUkvCY8Jdd1tge32L4Yj9FbkFFEZQpump,2184.4,4.6163678073e-06,0.2758,0.827501,93942,6712,17.57,0.00,5,21
2026-10-08 00:06:23,7Cn1,offen,SI,DEW9dSN6QpWyNthphCpMmAbZP1Q4cEKR9xQXAri98WDP,3917.3,0.000209557324751,0.8072,0.433542,1663972,54920,16.61,0.00,9,40
2026-10-08 00:06:23,7Cn1,offen,si.gov,7CTRbkV1tVuq1f59pRxT1Pb2W5AHG4gM9FMH4rGzKiXv,3381.8,2.99022783347e-06,1.0965,1.348257,28649,2130,12.94,0.00,0,3
2026-10-08 00:06:23,7Cn1,offen,DARK,7KEPApdbBMByrmqihz3bht2uMhFQcatjfSFQCKq66kH3,221.9,4.47555748736e-05,1.4494,2.318974,700218,5398,12.82,0.02,74,327
2026-10-08 00:06:23,7Cn1,offen,CRAWL,BXoHJddsWJLHtAopeiSbKUSELsu8hSFMs8baGMDkpump,129.4,3.06577922208e-05,0.9806,0.784457,439642,7529,15.44,0.46,8,48
2026-10-08 00:06:23,7Cn1,offen,SpaceXSI,2GYMvnSv37djKecDshE8bYe2sRypcETeAF8G9h6un4J2,102.7,4.177296528e-06,1.0871,0.217418,50771,2676,12.42,0.00,5,4
2026-10-08 00:06:23,Croco-AC7K,offen,AnyPS5,CWKbSd7jwMXXexP3pbwLAWMzr4HXAXTvt4R9pk2Vyyyc,179.9,4.37475442133e-06,1.1854,0.711249,39594,1817,19.38,0.00,12,30
2026-10-08 00:06:23,HoneyBadger-6kfX,offen,phubber,CBcjQNdtgb4SHwKDqKFxD3yPSk7pEMpKHQiMmZrgpump,1546.0,4.6171458195e-06,1.1723,2.344544,52935,3103,20.38,0.00,12,18
2026-10-08 00:06:23,HoneyBadger-6kfX,offen,pup,7HE2WmPoYE7uaA7DKh25N5cUwEcUoiyjwZU9ZeaQpump,992.3,8.31629266011e-08,0.8121,0.324832,2774,330,23.43,0.00,0,1
2026-10-08 00:06:23,8K7Z,offen,RARI,EFn88CiiFHhihqdr1Y11XBDxbbYarBf1ij92DsrigYwR,1203.7,1.50578499999e-05,1.1373,3.184440,164571,3540,20.59,0.00,8,16
2026-10-08 00:06:23,FKJE,offen,HOOKED,C1mBfBoDkwWfd6uTFZp62ARHLjeVp3bDpCDMfMZtPngE,1967.8,4.84646268358e-05,0.8161,0.489667,768460,11322,20.95,0.00,9,49
2026-10-08 00:06:23,2z7o,offen,desks,desks4HG9uksDrYFsRRdSLqYoXusNyEnGK8PZu9hKMG,18.0,2.18488073899e-07,1.1648,0.232969,9791,190,15.67,0.00,11,8
2026-10-08 00:06:23,54QZ,offen,MARVIN,EEGTUKdfRGdFqRNQZunXracQbgBEGj61GFSsidTEpBEs,709.4,3.60417001878e-08,0.8657,0.173131,628,8,17.78,0.00,0,0
2026-10-08 00:06:23,54QZ,offen,SXSI,6kLQP6SpZWY2281u8oWdKBPnTjgoAA6ZJSXZczt2gkwm,681.7,1.28378731461e-07,1.0249,0.124524,6234,268,20.75,0.00,0,0
2026-10-08 00:06:23,54QZ,offen,GOBLIN,E2itWssNNRVYSTd7U6Q7y5XVRVJM4eAxG7TGSv5epump,569.4,3.45479117321e-07,0.8871,0.819285,10582,591,23.01,0.00,2,2
2026-10-08 00:06:23,54QZ,offen,ZNEURO,3W25WcwSHckSbRFKUYePfpymN5npELnNUEQGHzC7pump,189.9,7.41218798149e-08,0.7232,0.279714,2139,71,33.34,0.00,1,2
2026-10-08 00:06:23,Loopierr,schatten,CatCollector,5AgD5tmarU5kgbqHqCgDEMcAHAQAm8muV67xkKs9urps,8037.3,3.62552487589e-08,0.1077,0.021545,141,35,4.00,0.00,0,0
2026-10-08 00:06:23,Loopierr,schatten,SGI,36yTNhb9rfogt4mWxFiTnBeeT9bNXrVdKymAJ3jbvTzM,7886.4,3.00379978568e-08,0.1882,0.037634,3679,6,0.36,0.00,0,0
2026-10-08 00:06:23,6ANG,schatten,ANTHROPIG,25DeVAVF86uAd2wcFewp7F1s6gjZei88Mj4xBzg3AP94,8598.5,1.10489399173e-07,0.4506,0.090116,5144,67,31.14,0.00,0,0
2026-10-08 00:06:23,HEBO,schatten,SI,4qCW74oX82oTeypDzFYYYZ6eJ6yPQVFeX196YpHszJFY,4719.6,2.20004161248e-08,0.4364,0.087279,2327,56,10.82,0.00,0,0
2026-10-08 00:06:23,HEBO,schatten,INCOME,E7mRvAbgZdA6dF7cgXZevkbjd9Yfy5q11XEFnWZfpump,4448.4,6.08650307331e-08,0.9720,0.194407,2265,1266,15.11,0.00,0,0
2026-10-08 00:06:23,HEBO,schatten,GPH,BtmRMRazMTY2KqpbZkdFGrGJSm8rwLG744DV8Webpump,3410.0,5.65763289933e-08,0.8018,0.160356,1719,68,26.13,0.00,0,1
2026-10-08 00:06:23,HEBO,schatten,pup,7HE2WmPoYE7uaA7DKh25N5cUwEcUoiyjwZU9ZeaQpump,3409.4,8.31629266011e-08,0.7620,0.152408,2774,330,23.43,0.00,0,1
2026-10-08 00:06:23,HEBO,schatten,ACTII,41QF43mQKs1Qm51xK7uQWjxRA9oZ6S5mBVYveR4wLfzx,536.8,4.71608694811e-08,0.7896,0.157926,1301,69,24.40,0.00,0,0
2026-10-08 00:06:23,HEBO,schatten,TITS,DPVNMLe7zXsrg8Y9rMyPmxBG31qqo3v9FyWChbKQpump,534.7,9.04262501717e-08,1.9097,0.305559,2655,46,27.67,0.00,0,0
2026-10-08 00:06:23,HEBO,schatten,TITS,C21p56TNF1Ec8BmyMkmLnwX56G3TzgYvzqMMVUPL7Fcm,531.9,2.70434538109e-08,0.6905,0.138091,586,118,14.15,0.00,0,0
2026-10-08 00:06:23,Troupe,schatten,CLAUSE,EWKyN7QHfJo41ikKqpo8R5gwEvryytKo9Vf7NF39U1GC,3095.1,1.83580498623e-08,0.0531,0.010620,2092,25,2.31,0.00,0,0
2026-10-08 00:06:23,4DOV,schatten,TRADE,Euz6EjyubNjJmCkahGEfCXmnCwNVLunxc1LZWsmV3wKf,1607.3,3.02203508356e-08,0.0225,0.004503,767,196,16.45,0.00,0,0
2026-10-08 00:06:23,Cooker,schatten,X7,CdhZy8wrRxNxoV8HtoByXKN7mvS46avtuZ1b39tKfx7,8700.3,3.18845437141e-06,0.3150,0.063000,56144,1756,22.04,0.00,3,6
2026-10-08 00:06:23,Cooker,schatten,9e9,HZ4qZQJ7yf6WR1D24GLRLJ3cKUfgtJEF3B7SdLMLvCPZ,7430.9,3.20245116206e-08,0.0372,0.014887,981,254,13.94,0.00,0,0
2026-10-08 00:06:23,Gake,schatten,MINEPAD,2EUKLvNQ63YCmjSDyJ14Tzj7ASeHGXgseYWrKAa2mine,9580.0,1.08584446912e-06,0.6402,0.108837,20620,782,23.43,0.00,11,5
2026-10-08 00:06:23,Gake,schatten,TERRA,JD3d8mxEJ91LHZSuwVLquFAKdo5PbEeLCUevjjDsPdRe,8297.5,8.57285377281e-08,0.0630,0.012606,2616,116,29.83,0.00,0,0
2026-10-08 00:06:23,Gake,schatten,SHITCOIN,4BxBot4K36N3ZZkpB9sqEocy5iBi8cUttK6s8YbHH9Jo,6789.6,7.21711450689e-08,0.0767,0.015342,2218,114,37.13,0.00,0,0
2026-10-08 00:06:23,Gake,schatten,FROGE,6R1F4sNySF4NKGdhW3UhESWuYYRu4Cehk5rn3mGP375R,6778.8,5.63900370343e-08,0.0531,0.010625,1953,344,24.79,0.00,0,0
2026-10-08 00:06:23,Gake,schatten,GENESIS,CSEd3Pi5WZL7w5vmwNjDVXv8poAqSv2Dn1as1erUpump,4132.9,6.88922511453e-08,0.0142,0.002850,2607,784,21.11,0.10,0,0
2026-10-08 00:06:23,Gake,schatten,OATH,2RSsw9tntE1RmoiPnNFiu93EzQu2eLnCAzvZiqMSoatH,4116.8,2.85889850873e-07,0.2565,0.051308,8165,262,24.93,0.00,1,0
2026-10-08 00:06:23,Gake,schatten,IMAGINE,EpFTb2XcGiMyGLykZ9VYmyPWz2AHEwAggqSbwJpypump,3744.7,2.01624212083e-06,0.7544,0.150887,25184,805,37.75,9.37,0,1
2026-10-08 00:06:23,Dior,schatten,CAESAR,8cp1WhUDxTbfX8nDe1kAB1ogPUyQvUSKgzFz365LbQyZ,2549.1,2.37399693447e-07,0.1028,0.020560,8164,1519,19.81,0.00,1,2
2026-10-08 00:06:23,Dior,schatten,ClapCat,5BjfgmtfqvNpAWx1CnZynoWLWNMnrwHLhTFzQ81vkEc8,720.2,2.28378794027e-06,0.6510,0.130192,29479,868,26.66,0.00,13,6
2026-10-08 00:06:23,koko,schatten,MAJOR,7AUzu756Pp3Cg3NByuKfcRSAFFt31kjC6U6R1npkiA1Q,5949.4,2.12507214918e-07,4.6521,0.930426,5311,170,29.68,0.00,0,1
2026-10-08 00:06:23,77n6,schatten,Ecat,5RUrbAftnTBptroKfpiJKyGF5v7aGsX9zYzNjSXjpump,2778.1,3.59779479875e-07,0.6645,0.132897,7453,275,25.42,0.57,0,0
2026-10-08 00:07:24,Loopierr,offen,GARP,FKPdKiZBYMU2MwHXKjyhgV6ozSh2APzvvr3ZBwFCfSHo,10811.1,2.52555551419e-08,0.0397,0.007936,523,145,7.95,0.00,0,0
2026-10-08 00:07:24,6ANG,offen,OpenSI,5ptkVdbpaPpEJPPVXE5CpJNCXEmAidyot5TQcDDawMzm,10538.7,3.79376557616e-07,0.9207,0.708318,10022,1192,22.36,0.00,0,0
2026-10-08 00:07:24,6ANG,offen,ANT,BTZK1B3pCoBDD1vy5e4bDBM4bwvvhkKUMTuKABkGWwGp,8599.7,3.39209057041e-07,0.8795,0.527708,9385,93,27.37,0.00,0,0
2026-10-08 00:07:24,6ANG,offen,ANTHROPIG,25DeVAVF86uAd2wcFewp7F1s6gjZei88Mj4xBzg3AP94,8599.5,1.10485759897e-07,0.4532,0.181274,5144,67,31.14,0.00,0,0
2026-10-08 00:07:24,6ANG,offen,STAR,StargWr5r6r8gZSjmEKGZ1dmvKWkj79r2z1xqjFstar,313.0,1.88485780271e-05,0.8480,0.169603,98572,899,54.00,0.00,0,0
2026-10-08 00:07:24,9LXM,offen,SGI,FcZcFjfNPJR9rycZS1FwkiEgQTW7ZWRjdSaBdJ6M9ha6,10393.7,6.24124611716e-08,0.0410,0.016390,4250,328,21.84,0.00,0,0
2026-10-08 00:07:24,HEBO,offen,SGI,FcZcFjfNPJR9rycZS1FwkiEgQTW7ZWRjdSaBdJ6M9ha6,10831.7,6.24124611716e-08,0.0527,0.060400,4250,328,21.84,0.00,0,0
2026-10-08 00:07:24,HEBO,offen,goon,HSUMi4rMgjrx7zRUabw3ogGu1pa5hmF2eVcXj9Apump,10625.7,6.47548496821e-07,0.7929,0.571295,16517,2875,18.35,0.00,1,4
2026-10-08 00:07:24,HEBO,offen,Tico,35ccP7zmf4THJsDn3UtozYcWm1U8nzhyHcTgK3ETpump,10560.4,3.35230555994e-08,0.5605,0.112105,3890,29,7.17,0.00,0,0
2026-10-08 00:07:24,HEBO,offen,SGI,Cb2pMbsRRvaeZoxpRqnTP6k6hLziSUf5pnqW9Jx5T3Wz,7972.1,1.50158051155e-07,0.3980,0.557224,7178,437,25.19,0.00,1,0
2026-10-08 00:07:24,HEBO,offen,ArmyX,F7y94q8QvGKNCrGt6E5pgQ7ABBkQK4QkqEBGs9Y5ZFFk,7947.6,3.41475964393e-08,0.1275,0.101961,3267,61,15.77,0.00,0,0
2026-10-08 00:07:24,HEBO,offen,ZUCKS,2eBJvNnn7guSjX1yuE7seuDY9pveDiHkfoyeBh2WZroS,7681.9,2.18785876303e-08,0.3346,0.048180,2368,30,7.97,0.00,0,0
2026-10-08 00:07:24,HEBO,offen,TRUMPTV,34w4t74EsbJyBBSyYBFyNo65Ft7Ax8BF3HrubL1mwbpL,7587.1,2.0188717939e-08,0.1548,0.030955,2246,92,5.45,0.00,0,0
2026-10-08 00:07:24,HEBO,offen,pill,DvdmEnztCmXwBnAbedD48XVGZJSxq31zNvnyftXdpump,6523.1,1.23614590558e-05,0.7057,1.834899,220807,5496,20.83,0.00,6,6
2026-10-08 00:07:24,HEBO,offen,PUMPCAT,G4vqe8KAcRGTb7Kc55n9sz43aR4ugTPdSeUnAXZhpump,6522.8,3.06544127767e-06,1.4532,0.290646,48848,1411,24.54,0.00,0,1
2026-10-08 00:07:24,HEBO,offen,CUPTOBER,EKgswaMnRSJHmyFZCbxscTAjiR2bH1oLXsftepUGsPtz,6359.7,4.8601275731e-08,0.5908,0.236327,5206,26,12.93,0.00,0,0
2026-10-08 00:07:24,HEBO,offen,Scronkfinkle,DaUFkgZjwJCsM9QDWCsxtZS2omgHS3Fn9GHgTX5wwpcX,5097.4,3.87052757609e-08,0.3808,0.228478,1035,98,19.39,0.00,0,0
2026-10-08 00:07:24,HEBO,offen,Eagle,E3pWKtfQk6LLZpRWVTjJwrMY4vFa9umLYDPxWJtZSTNK,5073.9,2.60446039977e-08,0.1376,0.124650,2748,75,12.69,0.00,0,0
2026-10-08 00:07:24,HEBO,offen,Inu,83LFceyzRNNRUThm4VzHx4jmVuf6xAggSp2UvhQx52Dy,4720.8,2.51013120094e-08,0.1446,0.028922,2522,118,11.76,0.00,0,0
2026-10-08 00:07:24,HEBO,offen,Caviar,F7ktJWjMtubD8zwv5xMb35g5hPTvGQSDMS8UGcwXpump,4453.2,1.02783691639e-07,0.6554,0.262167,3083,84,29.59,0.00,0,0
2026-10-08 00:07:24,HEBO,offen,TIT,3KM7dvpUk2Wm8qdXtZpBJHgic4bAaz1MTDHvUEjKpump,4427.8,2.25200378292e-07,0.5287,0.422931,6374,131,26.81,0.00,0,0
2026-10-08 00:07:24,HEBO,offen,MIM,6bJtwhtvzkthAYszQ3ZWkFJzSvbGSkbAz9yPcSiXaGK6,4427.2,1.44815627493e-07,1.1451,0.229026,4719,188,26.51,0.00,0,0
2026-10-08 00:07:24,HEBO,offen,Taste,93FWFR63nwQcq5zuXNmTits5BYcKFjmUZzccMvhmpump,4426.8,1.20790191542e-07,1.3457,0.538292,9853,38,23.38,0.00,0,0
2026-10-08 00:07:24,HEBO,offen,GPH,H1hFymzkRE7CAdxEuBWYknvsTCgoDXAqPKFU94iPpump,4421.1,4.57989228939e-08,0.8667,0.173344,867,69,10.72,0.00,0,0
2026-10-08 00:07:24,HEBO,offen,TIT,Ar3QBegnCQr6ZFyN9h637ar9JCxZRvdboiR1QzMrpump,3415.0,1.01973908589e-07,0.3068,0.429510,3168,273,36.22,0.00,0,0
2026-10-08 00:07:24,HEBO,offen,AVERY,8QFGVLXehnTv28eMdXZkhY5d84SVF58LAfRGx8zWpH9b,3351.8,3.46914054578e-08,0.1937,0.038734,3097,227,19.30,0.00,0,0
2026-10-08 00:07:24,HEBO,offen,APU,HoCeDUrd5BqfYmaRk2eiUpzshEvpwfYpgrJ4YKFCpump,2150.6,1.14299274473e-07,0.6385,0.127698,4067,257,25.32,0.00,0,0
2026-10-08 00:07:24,HEBO,offen,APU,E7eCZS2cq655qJ7uVx3dSHR2zK31kwNQsWS6P6Hpump,2150.4,1.62465635775e-06,2.5390,2.031198,18578,453,26.13,0.00,2,1
2026-10-08 00:07:24,HEBO,offen,COCKROACH,H4KUxsEgCp2yDpFvyDuGM5k6XevSKKrrKUxZ3Zr6nyJc,2145.6,8.46252363078e-06,1.2499,2.249773,82018,3404,18.67,0.00,3,15
2026-10-08 00:07:24,HEBO,offen,MDOG,F5zC2QoP6j2erxNyf4z6iNCi6X6AkburMC2Xofhxpump,1924.9,7.85729288524e-08,0.9213,0.184265,3252,1646,17.78,0.00,0,0
2026-10-08 00:07:24,HEBO,offen,SI,8ALHRuN5q4MHRaKPdiXi7cHyVWicZVwQx2TBTCH8GZ4h,1680.3,1.03645583324e-07,0.9787,0.195744,3141,56,22.59,0.00,0,0
2026-10-08 00:07:24,HEBO,offen,PHASEONE,GfawjB4Fxz389kECjrrnsdS8MKb9hMgALonJddGQasHL,546.1,3.56392162275e-08,0.6062,0.121235,905,90,20.69,0.00,0,0
2026-10-08 00:07:24,HEBO,offen,TITS,GLsHzxjtktCKzAA8LEEfXJ5UF2Jdsj161e5Duh3tkzga,532.8,5.26726948352e-08,0.9699,0.193980,1828,521,23.03,0.00,0,0
2026-10-08 00:07:24,HEBO,offen,AI,4AvWfTKcEFqwRjxBnoyWRY7wF7UV9cqH3492UFKHpump,509.1,4.08893733997e-08,0.5936,0.118729,1198,67,16.73,0.00,0,0
2026-10-08 00:07:24,HEBO,offen,INSTADOCS,AMj8gG4mXckBoaT5mGQDwriKUqJtEApNg2CuXw6Ypump,508.9,5.26460065227e-08,1.0979,0.219580,1588,23,19.72,0.00,0,0
2026-10-08 00:07:24,Troupe,offen,PUMP,pumpCmXqMfrsAkQ5r49WcJnRayYRqmXz6ae8H7H9Dfn,8750.2,5.36791093238e-05,1.1072,0.010011,43464879,315335,59.33,0.00,101,341
2026-10-08 00:07:24,Troupe,offen,homo,42AtRP5d3ySBj9iveMYeD23kkmN3HEZFwUzs1YKvkPA9,7097.7,2.14585508451e-08,0.0577,0.010116,256,145,3.18,0.00,0,0
2026-10-08 00:07:24,Troupe,offen,PUMPE,9fJAWKQpkY93hfuZxrHfh5wEh2AV9vjkWNQfzfbziHd2,6970.9,7.02082615701e-06,0.2541,0.304887,51855,2293,18.17,0.80,0,2
2026-10-08 00:07:24,Troupe,offen,HOLD,6REnZgtxhwdSAHczAp4J5PRsGQYQt7T3x4kEDyfs9U7y,6927.9,2.89066327486e-08,0.0166,0.003328,775,479,9.51,0.00,0,0
2026-10-08 00:07:24,Troupe,offen,THICC,3QEbHMK6ceYevtaCdLmBQMJgcPb9PJQpgyFBP6f6x6Rg,4272.5,1.33337723687e-08,0.0620,0.012401,1486,8,4.02,0.00,0,0
2026-10-08 00:07:24,Troupe,offen,CLAUSE,EWKyN7QHfJo41ikKqpo8R5gwEvryytKo9Vf7NF39U1GC,3096.2,1.83948859082e-08,0.0755,0.015106,2092,25,2.31,0.00,0,1
2026-10-08 00:07:24,Troupe,offen,TESTla,TESZBZpTRGUDriZQg72kYre1Vozyp2de7Z6o5JUtdRA,1443.0,0,0.0000,0.000000,6,40,3.55,0.04,0,2
2026-10-08 00:07:24,4DOV,offen,BOT,Aaan4fxwhKtUUPg2GSKq6natLV9oj9QQNf5xT4UE2gXr,8397.2,3.12411955057e-08,0.0367,0.007335,858,318,15.16,0.00,0,0
2026-10-08 00:07:24,4DOV,offen,PUDU,8HQgEcbhR5Xoh735zvndAocCLd7wdAYJfWHV55J8pump,6948.3,2.75772930831e-08,0.0131,0.005233,608,423,12.75,0.00,0,0
2026-10-08 00:07:24,4DOV,offen,Aiden,9dSMwFfPezQ8WPcW1uZV7ns4rcviEj2LssSAg75WBLXd,5509.1,4.82312973102e-07,0.0343,0.015428,12365,3150,17.06,0.00,2,0
2026-10-08 00:07:24,4DOV,offen,SPLICE,7bC8ugu1ZJn21MhA4ht483nX8brLNesa8R7XLimpFyhq,4752.6,7.24085764601e-07,0.0458,0.027467,16682,2703,23.24,0.03,8,5
2026-10-08 00:07:24,4DOV,offen,Ash,4jxyespUyvDxg1cN1NMCWErHGGyPrBdEzPiDobLBmttL,4434.9,4.01111295415e-08,0.1002,0.020043,1049,21,2.44,0.00,0,0
2026-10-08 00:07:24,4DOV,offen,www,GAwhcphCqCv5bKHmCiN4VDdNWfbXJL4npmkc8L3Q9S9H,4284.3,1.23831400011e-06,0.1185,0.047403,33363,6449,18.23,0.00,2,1
2026-10-08 00:07:24,4DOV,offen,ACTII,DYjM6f2R34Qp4jPE73HsdEVZwwcQFCsokpNYCqBUpump,4212.1,2.27741202049e-07,0.0431,0.012923,6396,1100,26.91,0.00,2,1
2026-10-08 00:07:24,4DOV,offen,BANANA,G7JkKqGb69cCWC2XkDXc8LG8qbifTkCKpsAcr6kApump,4095.9,3.25507823651e-08,0.0312,0.006232,825,192,18.37,0.00,0,0
2026-10-08 00:07:24,4DOV,offen,JITI,6YuVyHbjdwxiH1CLCSusP9yjXmsVvQfcTbSSPcFuXDew,3534.9,4.97331441953e-08,0.0422,0.008431,2028,803,19.87,0.00,0,0
2026-10-08 00:07:24,4DOV,offen,QINU,4unydQjvYdqR31pkuBYGu2nGst8r8j5XMW8KXRXtpump,3298.5,3.08289224104e-08,0.0185,0.007406,907,531,11.24,1.06,0,0
2026-10-08 00:07:24,4DOV,offen,NOLLA,CXw5hY3BMi87DTa99ekZgwxuvu7pQ2FUQVecs3SvJLD9,3118.7,2.95689537625e-08,0.0265,0.005291,726,326,15.30,0.00,0,0
2026-10-08 00:07:24,4DOV,offen,TRANNIE,BvLqum9qd4TWQ1c9WPmLYMvxxzoXUjsFycVffvjyq16,3037.8,2.64111052725e-08,0.1129,0.022575,482,118,12.72,0.00,0,0
2026-10-08 00:07:24,4DOV,offen,OTC,MukLDtJ8Cx9DxLbeyLRSWPSposTMWuwHANbuaudpump,2585.2,6.62476958753e-05,0.6215,0.014288,473707,18730,25.82,0.00,4,51
2026-10-08 00:07:24,4DOV,offen,TRADE,Euz6EjyubNjJmCkahGEfCXmnCwNVLunxc1LZWsmV3wKf,1608.5,3.02193554442e-08,0.0242,0.009669,767,196,16.45,0.00,0,0
2026-10-08 00:07:24,4DOV,offen,AUTON,39ahtL8ynzE4amH26J29C93PA5172V3ft9UuUcqQS8fz,1269.2,2.25420996695e-05,0.4527,0.362191,367148,6730,14.58,0.00,17,39
2026-10-08 00:07:24,4DOV,offen,Human,8nPoBHiBM6pybxMws9PA2JRb9BjkppBfqcZGmot4DMBC,437.3,2.76649114492e-06,0.6507,0.008869,48905,5773,23.47,0.00,3,12
2026-10-08 00:07:24,4DOV,offen,HSM,2856wfnQ27LH23yKeFHJ4XQpQ2bsw4sen8RqyW5Wpump,294.1,1.47089757789e-07,0.3239,0.129548,4594,772,19.92,0.00,8,2
2026-10-08 00:07:24,4DOV,offen,FRENS,41MjNbWHZeFmxwMHPwTfsJP3aPbvsvR5tsgnmhNKpump,6.3,1.5836124066e-06,1.1703,0.234058,17998,672,20.06,0.00,112,338
2026-10-08 00:07:24,Cooker,offen,SI,DEW9dSN6QpWyNthphCpMmAbZP1Q4cEKR9xQXAri98WDP,8922.2,0.00020634178211,0.6080,0.364771,1662760,54917,16.61,0.00,8,36
2026-10-08 00:07:24,Cooker,offen,HOOKED,C1mBfBoDkwWfd6uTFZp62ARHLjeVp3bDpCDMfMZtPngE,7468.5,4.85681683171e-05,0.4446,2.045130,769108,11319,20.95,0.00,11,50
2026-10-08 00:07:24,Gake,offen,CURVE,7ioeSgzfSKHMnpgfPpgRFsekMBGiu9oi6t6GeqYtNbbh,9611.0,1.63902828137e-06,0.4737,0.094746,107239,1085,15.61,0.06,0,0
2026-10-08 00:07:24,Gake,offen,SDOG,yFcTuQJCMsd1Asya15GZ7h4KGdxsujRLcUiTWWXpump,9424.4,3.72604135068e-07,0.0499,0.009985,10040,1647,19.45,0.00,16,1
2026-10-08 00:07:24,Gake,offen,OP,5PiBn5JdjJDnRGziiSfsu2affgBR3DyTTCR3CHpcode,9361.7,1.66822553143e-07,0.0459,0.009188,7193,1387,22.64,0.00,0,0
2026-10-08 00:07:24,Gake,offen,PURPS,purpFPo5voy6fEu8jxSCwVdMs1zyYEYAH6FBQvTYCZK,7079.5,2.34701815353e-06,0.8234,0.164678,30581,2252,33.91,0.00,0,0
2026-10-08 00:07:24,Pikalosi,offen,Miu,7LNFZcNigZay5U9e2sq6n2Z4iM8BC2Dd53L14pwvpump,7586.0,4.44700273543e-07,1.0655,0.213095,14528,795,21.45,0.00,0,0
2026-10-08 00:07:24,Dior,offen,OTC,MukLDtJ8Cx9DxLbeyLRSWPSposTMWuwHANbuaudpump,7911.9,6.62476958753e-05,0.9779,4.582038,473707,18730,25.82,0.00,4,51
2026-10-08 00:07:24,Dior,offen,TripleT,J8PSdNP3QewKq2Z1JJJFDMaqF7KcaiJhR7gbr5KZpump,7040.0,5.82669243939e-05,0.9403,0.376134,361890,22869,18.94,0.00,3,3
2026-10-08 00:07:24,Dior,offen,Kirkslop,8m5hzX9hprtWwPuVZL4daCZfggWYKc6fhSJDDpiqpump,6719.3,6.20134142326e-07,0.9438,0.566295,14354,396,28.14,0.00,0,0
2026-10-08 00:07:24,Dior,offen,COCKROACH,H4KUxsEgCp2yDpFvyDuGM5k6XevSKKrrKUxZ3Zr6nyJc,3558.5,8.46252363078e-06,0.9379,2.063389,82018,3404,18.67,0.00,3,15
2026-10-08 00:07:24,Dior,offen,CAESAR,8cp1WhUDxTbfX8nDe1kAB1ogPUyQvUSKgzFz365LbQyZ,2528.3,2.37391874028e-07,0.1185,0.331766,8164,1519,19.81,0.00,1,1
2026-10-08 00:07:24,Dior,offen,ClapCat,5BjfgmtfqvNpAWx1CnZynoWLWNMnrwHLhTFzQ81vkEc8,713.5,2.28371271736e-06,0.8354,1.002460,29479,868,26.66,0.00,12,5
2026-10-08 00:07:24,Dior,offen,ART,DEQKHY5YVPFiwcVhoUUE5gnkWj66LVPoPgLHAswqpump,645.8,2.66232728118e-07,0.1416,0.475663,7395,1592,23.53,0.00,4,5
2026-10-08 00:07:24,3zsr,offen,Sapijiju,8Fs2YLsayR4awLB79nMM3QCpG3pqvcAGP7hHb8fX4L2G,7411.0,1.31443259853e-07,1.2265,0.245298,4249,361,28.29,0.00,2,0
2026-10-08 00:07:24,3zsr,offen,EZRA,4qTqqkexQCEP2m8UrDWXACHpA8bEkGxpNJrDPMNcfHKQ,2747.7,3.36035412815e-08,1.0172,0.203449,3889,6,7.67,0.00,0,0
2026-10-08 00:07:24,3zsr,offen,ELONMUSK,5QmEgE9rK3aB1SDi7mK7rXPt2QHe7FRT69zbb2X2iSip,2747.5,3.25417741559e-08,0.9488,0.189759,3775,5,12.21,0.00,0,0
2026-10-08 00:07:24,3zsr,offen,HIGCAT,52sQ5kFhaTD6NsfN4oKreHZAwxrxgUo129ZCG3EBsVhv,2747.3,3.1820557474e-08,0.8978,0.179566,3726,6,6.49,0.00,0,0
2026-10-08 00:07:24,3zsr,offen,GIA,4FuWREkDYG1chHxHfgmUv3AN1iLPUi42Er6UboWUJKwU,2746.9,3.27271603271e-08,0.9169,0.183390,3795,10,9.39,0.00,0,0
2026-10-08 00:07:24,3zsr,offen,Sworddog,2QLpYwa5tzMjGBZWCmu9WHEPTNPH65w7xeFHSU1Hpump,2174.6,3.46515842909e-08,0.8747,0.174931,3910,14,12.90,0.00,0,0
2026-10-08 00:07:24,3zsr,offen,TRUMP,AYLh1Bgthdgego4EBAJQZtzXiQ6b1EbrPWES5V1vjhzV,2059.3,3.33964467778e-08,0.5386,0.053864,720,87,20.40,0.00,0,0
2026-10-08 00:07:24,3zsr,offen,RUGRUN,2VFjLcouktUNWRsZVkdiJ57nmRZR8HTJjKzDkZ3mbN8f,2032.1,3.3055079038e-08,0.9650,0.192991,3866,5,6.69,0.00,0,0
2026-10-08 00:07:24,3zsr,offen,HOUS,4pZQCY4HLpeYyJJ48yu7Z49B4G1Z7B1ZH3YdvVfNqKGn,2031.9,4.108836222e-08,0.9969,0.199373,4281,15,15.88,0.00,0,0
2026-10-08 00:07:24,C7bF,offen,Plague,3oTRLDrbymWupBmmUuNzRYTJm4cXpHHsmu5Uz3PF5uU3,917.9,3.12470927272e-08,0.4673,0.093456,3690,8,5.62,0.00,0,0
2026-10-08 00:07:24,C7bF,offen,SPSI,ERvSTRZsoEdM79d9Ajb2KMSnM1uPgamW3BoNgj21teCa,391.5,3.88958577801e-08,1.0442,0.208832,467,6,13.47,0.00,0,0
2026-10-08 00:07:24,77n6,offen,Ecat,5RUrbAftnTBptroKfpiJKyGF5v7aGsX9zYzNjSXjpump,2738.3,3.59767629536e-07,0.6441,0.257621,7453,275,25.42,0.57,0,0
2026-10-08 00:07:24,G7b2,offen,si.gov,7CTRbkV1tVuq1f59pRxT1Pb2W5AHG4gM9FMH4rGzKiXv,5212.3,2.990129342e-06,1.3068,2.613587,28649,2130,12.94,0.00,0,3
2026-10-08 00:07:24,G7b2,offen,GTA6,4kjruqGHDsSqkMdFfCjV7Vb62HPFhtXyWc2t6JpQzDnz,4210.2,5.03816383335e-06,0.9873,0.789844,13828,10684,15.33,0.00,3,0
2026-10-08 00:07:24,G7b2,offen,SXSI,DQysBW79uHzZAWd2ahVQrf89CuSFqVzuNA3ijHbjVJfG,4201.4,1.59792929822e-06,0.6384,1.021379,23749,1227,28.56,0.00,1,3
2026-10-08 00:07:24,G7b2,offen,SI,DEW9dSN6QpWyNthphCpMmAbZP1Q4cEKR9xQXAri98WDP,4162.2,0.00020634178211,0.9003,2.362826,1662760,54917,16.61,0.00,8,36
2026-10-08 00:07:24,G7b2,offen,PLAGUE,CscZaq5twomhUkvCY8Jdd1tge32L4Yj9FbkFFEZQpump,2185.4,4.53620611783e-06,0.2710,0.813132,93603,6711,17.57,0.00,5,22
2026-10-08 00:07:24,7Cn1,offen,SI,DEW9dSN6QpWyNthphCpMmAbZP1Q4cEKR9xQXAri98WDP,3918.3,0.00020634178211,0.7949,0.426890,1662760,54917,16.61,0.00,8,36
2026-10-08 00:07:24,7Cn1,offen,si.gov,7CTRbkV1tVuq1f59pRxT1Pb2W5AHG4gM9FMH4rGzKiXv,3382.8,2.990129342e-06,1.0964,1.348213,28649,2130,12.94,0.00,0,3
2026-10-08 00:07:24,7Cn1,offen,DARK,7KEPApdbBMByrmqihz3bht2uMhFQcatjfSFQCKq66kH3,222.9,4.41067889567e-05,1.4283,2.285358,717182,5407,12.82,0.02,73,312
2026-10-08 00:07:24,7Cn1,offen,CRAWL,BXoHJddsWJLHtAopeiSbKUSELsu8hSFMs8baGMDkpump,130.4,3.13639585298e-05,1.0032,0.802527,440513,7534,15.44,0.46,10,34
2026-10-08 00:07:24,7Cn1,offen,SpaceXSI,2GYMvnSv37djKecDshE8bYe2sRypcETeAF8G9h6un4J2,103.7,4.17715893712e-06,1.0871,0.217411,50771,2676,12.42,0.00,5,4
2026-10-08 00:07:24,Croco-AC7K,offen,AnyPS5,CWKbSd7jwMXXexP3pbwLAWMzr4HXAXTvt4R9pk2Vyyyc,180.9,3.9240316756e-06,1.0633,0.637970,37923,1812,19.38,0.00,9,47
2026-10-08 00:07:24,HoneyBadger-6kfX,offen,phubber,CBcjQNdtgb4SHwKDqKFxD3yPSk7pEMpKHQiMmZrgpump,1547.0,4.5762572549e-06,1.1619,2.323782,52545,3099,20.38,0.00,5,15
2026-10-08 00:07:24,HoneyBadger-6kfX,offen,pup,7HE2WmPoYE7uaA7DKh25N5cUwEcUoiyjwZU9ZeaQpump,993.3,8.31601873987e-08,0.8121,0.324822,2774,330,23.43,0.00,0,1
2026-10-08 00:07:24,8K7Z,offen,RARI,EFn88CiiFHhihqdr1Y11XBDxbbYarBf1ij92DsrigYwR,1204.7,1.47620937664e-05,1.1150,3.121894,164696,3538,20.59,0.00,8,20
2026-10-08 00:07:24,FKJE,offen,HOOKED,C1mBfBoDkwWfd6uTFZp62ARHLjeVp3bDpCDMfMZtPngE,1968.8,4.85681683171e-05,0.8179,0.490713,769108,11319,20.95,0.00,11,50
2026-10-08 00:07:24,2z7o,offen,desks,desks4HG9uksDrYFsRRdSLqYoXusNyEnGK8PZu9hKMG,19.0,2.26930856657e-07,1.2099,0.241971,9915,190,16.08,0.00,7,8
2026-10-08 00:07:24,54QZ,offen,MARVIN,EEGTUKdfRGdFqRNQZunXracQbgBEGj61GFSsidTEpBEs,710.4,3.60405130541e-08,0.8656,0.173125,628,8,17.78,0.00,0,0
2026-10-08 00:07:24,54QZ,offen,SXSI,6kLQP6SpZWY2281u8oWdKBPnTjgoAA6ZJSXZczt2gkwm,682.7,1.2837450295e-07,1.0249,0.124520,6234,268,20.75,0.00,0,0
2026-10-08 00:07:24,54QZ,offen,GOBLIN,E2itWssNNRVYSTd7U6Q7y5XVRVJM4eAxG7TGSv5epump,570.4,3.47422903926e-07,0.8921,0.823894,10589,591,23.01,0.00,1,1
2026-10-08 00:07:24,54QZ,offen,ZNEURO,3W25WcwSHckSbRFKUYePfpymN5npELnNUEQGHzC7pump,190.9,7.15386072547e-08,0.6980,0.269966,2079,70,33.34,0.00,1,3
2026-10-08 00:07:24,Loopierr,schatten,CatCollector,5AgD5tmarU5kgbqHqCgDEMcAHAQAm8muV67xkKs9urps,8038.3,3.62540545914e-08,0.1077,0.021544,141,35,4.00,0.00,0,0
2026-10-08 00:07:24,Loopierr,schatten,SGI,36yTNhb9rfogt4mWxFiTnBeeT9bNXrVdKymAJ3jbvTzM,7887.4,3.00370084718e-08,0.1882,0.037633,3679,6,0.36,0.00,0,0
2026-10-08 00:07:24,6ANG,schatten,ANTHROPIG,25DeVAVF86uAd2wcFewp7F1s6gjZei88Mj4xBzg3AP94,8599.5,1.10485759897e-07,0.4506,0.090113,5144,67,31.14,0.00,0,0
2026-10-08 00:07:24,HEBO,schatten,SI,4qCW74oX82oTeypDzFYYYZ6eJ6yPQVFeX196YpHszJFY,4720.6,2.19996914799e-08,0.4364,0.087277,2327,56,10.82,0.00,0,0
2026-10-08 00:07:24,HEBO,schatten,INCOME,E7mRvAbgZdA6dF7cgXZevkbjd9Yfy5q11XEFnWZfpump,4449.4,6.0863025974e-08,0.9720,0.194401,2265,1266,15.11,0.00,0,0
2026-10-08 00:07:24,HEBO,schatten,GPH,BtmRMRazMTY2KqpbZkdFGrGJSm8rwLG744DV8Webpump,3411.0,5.65744654945e-08,0.8018,0.160351,1719,68,26.13,0.00,0,1
2026-10-08 00:07:24,HEBO,schatten,pup,7HE2WmPoYE7uaA7DKh25N5cUwEcUoiyjwZU9ZeaQpump,3410.4,8.31601873987e-08,0.7620,0.152403,2774,330,23.43,0.00,0,1
2026-10-08 00:07:24,HEBO,schatten,ACTII,41QF43mQKs1Qm51xK7uQWjxRA9oZ6S5mBVYveR4wLfzx,537.9,4.71593161066e-08,0.7896,0.157921,1301,69,24.40,0.00,0,0
2026-10-08 00:07:24,HEBO,schatten,TITS,DPVNMLe7zXsrg8Y9rMyPmxBG31qqo3v9FyWChbKQpump,535.7,9.04232717315e-08,1.9097,0.305549,2655,46,27.67,0.00,0,0
2026-10-08 00:07:24,HEBO,schatten,TITS,C21p56TNF1Ec8BmyMkmLnwX56G3TzgYvzqMMVUPL7Fcm,533.0,2.70425630595e-08,0.6904,0.138086,586,118,14.15,0.00,0,0
2026-10-08 00:07:24,Troupe,schatten,CLAUSE,EWKyN7QHfJo41ikKqpo8R5gwEvryytKo9Vf7NF39U1GC,3096.1,1.83948859082e-08,0.0532,0.010641,2092,25,2.31,0.00,0,1
2026-10-08 00:07:24,4DOV,schatten,TRADE,Euz6EjyubNjJmCkahGEfCXmnCwNVLunxc1LZWsmV3wKf,1608.3,3.02193554442e-08,0.0225,0.004503,767,196,16.45,0.00,0,0
2026-10-08 00:07:24,Cooker,schatten,X7,CdhZy8wrRxNxoV8HtoByXKN7mvS46avtuZ1b39tKfx7,8701.3,3.18834935079e-06,0.3150,0.062997,56144,1756,22.04,0.00,3,4
2026-10-08 00:07:24,Cooker,schatten,9e9,HZ4qZQJ7yf6WR1D24GLRLJ3cKUfgtJEF3B7SdLMLvCPZ,7431.9,3.20234568043e-08,0.0372,0.014886,981,254,13.94,0.00,0,0
2026-10-08 00:07:24,Gake,schatten,MINEPAD,2EUKLvNQ63YCmjSDyJ14Tzj7ASeHGXgseYWrKAa2mine,9581.0,1.08580870381e-06,0.6402,0.108833,20620,782,23.43,0.00,11,5
2026-10-08 00:07:24,Gake,schatten,TERRA,JD3d8mxEJ91LHZSuwVLquFAKdo5PbEeLCUevjjDsPdRe,8298.5,8.57257140202e-08,0.0630,0.012606,2616,116,29.83,0.00,0,0
2026-10-08 00:07:24,Gake,schatten,SHITCOIN,4BxBot4K36N3ZZkpB9sqEocy5iBi8cUttK6s8YbHH9Jo,6790.6,7.21687679114e-08,0.0767,0.015342,2218,114,37.13,0.00,0,0
2026-10-08 00:07:24,Gake,schatten,FROGE,6R1F4sNySF4NKGdhW3UhESWuYYRu4Cehk5rn3mGP375R,6779.8,5.63881796716e-08,0.0531,0.010625,1953,344,24.79,0.00,0,0
2026-10-08 00:07:24,Gake,schatten,GENESIS,CSEd3Pi5WZL7w5vmwNjDVXv8poAqSv2Dn1as1erUpump,4133.9,6.88899819873e-08,0.0142,0.002850,2607,784,21.11,0.10,0,0
2026-10-08 00:07:24,Gake,schatten,OATH,2RSsw9tntE1RmoiPnNFiu93EzQu2eLnCAzvZiqMSoatH,4117.8,2.89240895717e-07,0.2595,0.051910,8255,263,24.93,0.00,2,0
2026-10-08 00:07:24,Gake,schatten,IMAGINE,EpFTb2XcGiMyGLykZ9VYmyPWz2AHEwAggqSbwJpypump,3745.7,2.01617571029e-06,0.7544,0.150882,25184,805,37.75,9.37,0,1
2026-10-08 00:07:24,Dior,schatten,CAESAR,8cp1WhUDxTbfX8nDe1kAB1ogPUyQvUSKgzFz365LbQyZ,2550.1,2.37391874028e-07,0.1028,0.020559,8164,1519,19.81,0.00,1,1
2026-10-08 00:07:24,Dior,schatten,ClapCat,5BjfgmtfqvNpAWx1CnZynoWLWNMnrwHLhTFzQ81vkEc8,721.2,2.28371271736e-06,0.6509,0.130188,29479,868,26.66,0.00,12,5
2026-10-08 00:07:24,koko,schatten,MAJOR,7AUzu756Pp3Cg3NByuKfcRSAFFt31kjC6U6R1npkiA1Q,5950.4,2.12500215401e-07,4.6520,0.930395,5311,170,29.68,0.00,0,1
2026-10-08 00:07:24,77n6,schatten,Ecat,5RUrbAftnTBptroKfpiJKyGF5v7aGsX9zYzNjSXjpump,2779.1,3.59767629536e-07,0.6645,0.132893,7453,275,25.42,0.57,0,0
2026-10-08 00:08:24,Loopierr,offen,GARP,FKPdKiZBYMU2MwHXKjyhgV6ozSh2APzvvr3ZBwFCfSHo,10812.1,2.52555551419e-08,0.0397,0.007936,523,145,7.95,0.00,0,0
2026-10-08 00:08:24,6ANG,offen,OpenSI,5ptkVdbpaPpEJPPVXE5CpJNCXEmAidyot5TQcDDawMzm,10539.7,3.79376557616e-07,0.9207,0.708318,10022,1192,22.36,0.00,0,0
2026-10-08 00:08:24,6ANG,offen,ANT,BTZK1B3pCoBDD1vy5e4bDBM4bwvvhkKUMTuKABkGWwGp,8600.7,3.39209057041e-07,0.8795,0.527708,9385,93,27.37,0.00,0,0
2026-10-08 00:08:24,6ANG,offen,ANTHROPIG,25DeVAVF86uAd2wcFewp7F1s6gjZei88Mj4xBzg3AP94,8600.5,1.10485759897e-07,0.4532,0.181274,5144,67,31.14,0.00,0,0
2026-10-08 00:08:24,6ANG,offen,STAR,StargWr5r6r8gZSjmEKGZ1dmvKWkj79r2z1xqjFstar,314.0,1.88485780271e-05,0.8480,0.169603,98572,899,54.00,0.00,0,0
2026-10-08 00:08:24,9LXM,offen,SGI,FcZcFjfNPJR9rycZS1FwkiEgQTW7ZWRjdSaBdJ6M9ha6,10394.7,6.24124611716e-08,0.0410,0.016390,4250,328,21.84,0.00,0,0
2026-10-08 00:08:24,HEBO,offen,SGI,FcZcFjfNPJR9rycZS1FwkiEgQTW7ZWRjdSaBdJ6M9ha6,10832.7,6.24124611716e-08,0.0527,0.060400,4250,328,21.84,0.00,0,0
2026-10-08 00:08:24,HEBO,offen,goon,HSUMi4rMgjrx7zRUabw3ogGu1pa5hmF2eVcXj9Apump,10626.7,6.52257206633e-07,0.7987,0.575449,16506,2875,18.35,0.00,1,2
2026-10-08 00:08:24,HEBO,offen,Tico,35ccP7zmf4THJsDn3UtozYcWm1U8nzhyHcTgK3ETpump,10561.4,3.35230555994e-08,0.5605,0.112105,3890,29,7.17,0.00,0,0
2026-10-08 00:08:24,HEBO,offen,SGI,Cb2pMbsRRvaeZoxpRqnTP6k6hLziSUf5pnqW9Jx5T3Wz,7973.1,1.50158051155e-07,0.3980,0.557224,7178,437,25.19,0.00,0,0
2026-10-08 00:08:24,HEBO,offen,ArmyX,F7y94q8QvGKNCrGt6E5pgQ7ABBkQK4QkqEBGs9Y5ZFFk,7948.6,3.41475964393e-08,0.1275,0.101961,3267,61,15.77,0.00,0,0
2026-10-08 00:08:24,HEBO,offen,ZUCKS,2eBJvNnn7guSjX1yuE7seuDY9pveDiHkfoyeBh2WZroS,7683.0,2.18785876303e-08,0.3346,0.048180,2368,30,7.97,0.00,0,0
2026-10-08 00:08:24,HEBO,offen,TRUMPTV,34w4t74EsbJyBBSyYBFyNo65Ft7Ax8BF3HrubL1mwbpL,7588.1,2.0188717939e-08,0.1548,0.030955,2246,92,5.45,0.00,0,0
2026-10-08 00:08:24,HEBO,offen,pill,DvdmEnztCmXwBnAbedD48XVGZJSxq31zNvnyftXdpump,6524.1,1.23614590558e-05,0.7057,1.834899,220807,5496,20.83,0.00,6,5
2026-10-08 00:08:24,HEBO,offen,PUMPCAT,G4vqe8KAcRGTb7Kc55n9sz43aR4ugTPdSeUnAXZhpump,6523.8,3.06544127767e-06,1.4532,0.290646,48848,1411,24.54,0.00,0,1
2026-10-08 00:08:24,HEBO,offen,CUPTOBER,EKgswaMnRSJHmyFZCbxscTAjiR2bH1oLXsftepUGsPtz,6360.7,4.8601275731e-08,0.5908,0.236327,5206,26,12.93,0.00,0,0
2026-10-08 00:08:24,HEBO,offen,Scronkfinkle,DaUFkgZjwJCsM9QDWCsxtZS2omgHS3Fn9GHgTX5wwpcX,5098.5,3.87052757609e-08,0.3808,0.228478,1035,98,19.39,0.00,0,0
2026-10-08 00:08:24,HEBO,offen,Eagle,E3pWKtfQk6LLZpRWVTjJwrMY4vFa9umLYDPxWJtZSTNK,5074.9,2.60446039977e-08,0.1376,0.124650,2748,75,12.69,0.00,0,0
2026-10-08 00:08:24,HEBO,offen,Inu,83LFceyzRNNRUThm4VzHx4jmVuf6xAggSp2UvhQx52Dy,4721.8,2.51013120094e-08,0.1446,0.028922,2522,118,11.76,0.00,0,0
2026-10-08 00:08:24,HEBO,offen,Caviar,F7ktJWjMtubD8zwv5xMb35g5hPTvGQSDMS8UGcwXpump,4454.2,1.02783691639e-07,0.6554,0.262167,3083,84,29.59,0.00,0,0
2026-10-08 00:08:24,HEBO,offen,TIT,3KM7dvpUk2Wm8qdXtZpBJHgic4bAaz1MTDHvUEjKpump,4428.8,2.25200378292e-07,0.5287,0.422931,6374,131,26.81,0.00,0,0
2026-10-08 00:08:24,HEBO,offen,MIM,6bJtwhtvzkthAYszQ3ZWkFJzSvbGSkbAz9yPcSiXaGK6,4428.2,1.44815627493e-07,1.1451,0.229026,4719,188,26.51,0.00,0,0
2026-10-08 00:08:24,HEBO,offen,Taste,93FWFR63nwQcq5zuXNmTits5BYcKFjmUZzccMvhmpump,4427.8,1.20790191542e-07,1.3457,0.538292,9853,38,23.38,0.00,0,0
2026-10-08 00:08:24,HEBO,offen,GPH,H1hFymzkRE7CAdxEuBWYknvsTCgoDXAqPKFU94iPpump,4422.1,4.57989228939e-08,0.8667,0.173344,867,69,10.72,0.00,0,0
2026-10-08 00:08:24,HEBO,offen,TIT,Ar3QBegnCQr6ZFyN9h637ar9JCxZRvdboiR1QzMrpump,3416.0,1.01973908589e-07,0.3068,0.429510,3168,273,36.22,0.00,0,0
2026-10-08 00:08:24,HEBO,offen,AVERY,8QFGVLXehnTv28eMdXZkhY5d84SVF58LAfRGx8zWpH9b,3352.8,3.46914054578e-08,0.1937,0.038734,3097,227,19.30,0.00,0,0
2026-10-08 00:08:24,HEBO,offen,APU,HoCeDUrd5BqfYmaRk2eiUpzshEvpwfYpgrJ4YKFCpump,2151.6,1.14299274473e-07,0.6385,0.127698,4067,257,25.32,0.00,0,0
2026-10-08 00:08:24,HEBO,offen,APU,E7eCZS2cq655qJ7uVx3dSHR2zK31kwNQsWS6P6Hpump,2151.4,1.60379331667e-06,2.5064,2.005114,18508,452,26.13,0.00,2,2
2026-10-08 00:08:24,HEBO,offen,COCKROACH,H4KUxsEgCp2yDpFvyDuGM5k6XevSKKrrKUxZ3Zr6nyJc,2146.6,8.46252363078e-06,1.2499,2.249773,82018,3404,18.67,0.00,1,17
2026-10-08 00:08:24,HEBO,offen,MDOG,F5zC2QoP6j2erxNyf4z6iNCi6X6AkburMC2Xofhxpump,1925.9,7.85729288524e-08,0.9213,0.184265,3252,1646,17.78,0.00,0,0
2026-10-08 00:08:24,HEBO,offen,SI,8ALHRuN5q4MHRaKPdiXi7cHyVWicZVwQx2TBTCH8GZ4h,1681.3,1.03645583324e-07,0.9787,0.195744,3141,56,22.59,0.00,0,0
2026-10-08 00:08:24,HEBO,offen,PHASEONE,GfawjB4Fxz389kECjrrnsdS8MKb9hMgALonJddGQasHL,547.1,3.56392162275e-08,0.6062,0.121235,905,90,20.69,0.00,0,0
2026-10-08 00:08:24,HEBO,offen,TITS,GLsHzxjtktCKzAA8LEEfXJ5UF2Jdsj161e5Duh3tkzga,533.8,5.26726948352e-08,0.9699,0.193980,1828,521,23.03,0.00,0,0
2026-10-08 00:08:24,HEBO,offen,AI,4AvWfTKcEFqwRjxBnoyWRY7wF7UV9cqH3492UFKHpump,510.1,4.08893733997e-08,0.5936,0.118729,1198,67,16.73,0.00,0,0
2026-10-08 00:08:24,HEBO,offen,INSTADOCS,AMj8gG4mXckBoaT5mGQDwriKUqJtEApNg2CuXw6Ypump,509.9,5.26460065227e-08,1.0979,0.219580,1588,23,19.72,0.00,0,0
2026-10-08 00:08:24,Troupe,offen,PUMP,pumpCmXqMfrsAkQ5r49WcJnRayYRqmXz6ae8H7H9Dfn,8751.2,5.35933099637e-05,1.1055,0.009995,43420010,315327,59.33,0.00,86,367
2026-10-08 00:08:24,Troupe,offen,homo,42AtRP5d3ySBj9iveMYeD23kkmN3HEZFwUzs1YKvkPA9,7098.7,2.14585508451e-08,0.0577,0.010116,256,145,3.18,0.00,0,0
2026-10-08 00:08:24,Troupe,offen,PUMPE,9fJAWKQpkY93hfuZxrHfh5wEh2AV9vjkWNQfzfbziHd2,6971.9,7.02082615701e-06,0.2541,0.304887,51855,2293,18.17,0.80,0,2
2026-10-08 00:08:24,Troupe,offen,HOLD,6REnZgtxhwdSAHczAp4J5PRsGQYQt7T3x4kEDyfs9U7y,6928.9,2.89066327486e-08,0.0166,0.003328,775,479,9.51,0.00,0,0
2026-10-08 00:08:24,Troupe,offen,THICC,3QEbHMK6ceYevtaCdLmBQMJgcPb9PJQpgyFBP6f6x6Rg,4273.5,1.33337723687e-08,0.0620,0.012401,1486,8,4.02,0.00,0,0
2026-10-08 00:08:24,Troupe,offen,CLAUSE,EWKyN7QHfJo41ikKqpo8R5gwEvryytKo9Vf7NF39U1GC,3097.2,1.83948859082e-08,0.0755,0.015106,2085,24,2.31,0.00,0,1
2026-10-08 00:08:24,Troupe,offen,TESTla,TESZBZpTRGUDriZQg72kYre1Vozyp2de7Z6o5JUtdRA,1444.1,0,0.0000,0.000000,6,40,3.55,0.04,0,2
2026-10-08 00:08:24,4DOV,offen,BOT,Aaan4fxwhKtUUPg2GSKq6natLV9oj9QQNf5xT4UE2gXr,8398.2,3.12411955057e-08,0.0367,0.007335,858,318,15.16,0.00,0,0
2026-10-08 00:08:24,4DOV,offen,PUDU,8HQgEcbhR5Xoh735zvndAocCLd7wdAYJfWHV55J8pump,6949.3,2.75772930831e-08,0.0131,0.005233,608,423,12.75,0.00,0,0
2026-10-08 00:08:24,4DOV,offen,Aiden,9dSMwFfPezQ8WPcW1uZV7ns4rcviEj2LssSAg75WBLXd,5510.1,4.82312973102e-07,0.0343,0.015428,12365,3150,17.06,0.00,2,0
2026-10-08 00:08:24,4DOV,offen,SPLICE,7bC8ugu1ZJn21MhA4ht483nX8brLNesa8R7XLimpFyhq,4753.6,7.39895126382e-07,0.0468,0.028066,16822,2702,23.24,0.03,8,3
2026-10-08 00:08:24,4DOV,offen,Ash,4jxyespUyvDxg1cN1NMCWErHGGyPrBdEzPiDobLBmttL,4435.9,4.01111295415e-08,0.1002,0.020043,1049,21,2.44,0.00,0,0
2026-10-08 00:08:24,4DOV,offen,www,GAwhcphCqCv5bKHmCiN4VDdNWfbXJL4npmkc8L3Q9S9H,4285.3,1.23831400011e-06,0.1185,0.047403,33362,6449,18.23,0.00,2,1
2026-10-08 00:08:24,4DOV,offen,ACTII,DYjM6f2R34Qp4jPE73HsdEVZwwcQFCsokpNYCqBUpump,4213.1,2.27741202049e-07,0.0431,0.012923,6396,1100,26.91,0.00,0,1
2026-10-08 00:08:24,4DOV,offen,BANANA,G7JkKqGb69cCWC2XkDXc8LG8qbifTkCKpsAcr6kApump,4097.0,3.25507823651e-08,0.0312,0.006232,825,192,18.37,0.00,0,0
2026-10-08 00:08:24,4DOV,offen,JITI,6YuVyHbjdwxiH1CLCSusP9yjXmsVvQfcTbSSPcFuXDew,3535.9,4.97331441953e-08,0.0422,0.008431,2028,803,19.87,0.00,0,0
2026-10-08 00:08:24,4DOV,offen,QINU,4unydQjvYdqR31pkuBYGu2nGst8r8j5XMW8KXRXtpump,3299.5,3.08289224104e-08,0.0185,0.007406,907,531,11.24,1.06,0,0
2026-10-08 00:08:24,4DOV,offen,NOLLA,CXw5hY3BMi87DTa99ekZgwxuvu7pQ2FUQVecs3SvJLD9,3119.7,2.95689537625e-08,0.0265,0.005291,726,326,15.30,0.00,0,0
2026-10-08 00:08:24,4DOV,offen,TRANNIE,BvLqum9qd4TWQ1c9WPmLYMvxxzoXUjsFycVffvjyq16,3038.8,2.64111052725e-08,0.1129,0.022575,482,118,12.72,0.00,0,0
2026-10-08 00:08:24,4DOV,offen,OTC,MukLDtJ8Cx9DxLbeyLRSWPSposTMWuwHANbuaudpump,2586.2,6.67577384787e-05,0.6263,0.014398,473693,18731,25.82,0.00,6,39
2026-10-08 00:08:24,4DOV,offen,TRADE,Euz6EjyubNjJmCkahGEfCXmnCwNVLunxc1LZWsmV3wKf,1609.5,3.02193554442e-08,0.0242,0.009669,767,196,16.45,0.00,0,0
2026-10-08 00:08:24,4DOV,offen,AUTON,39ahtL8ynzE4amH26J29C93PA5172V3ft9UuUcqQS8fz,1270.2,2.20201297387e-05,0.4423,0.353804,366142,6728,14.58,0.00,15,42
2026-10-08 00:08:24,4DOV,offen,Human,8nPoBHiBM6pybxMws9PA2JRb9BjkppBfqcZGmot4DMBC,438.3,2.71160461746e-06,0.6378,0.008693,48911,5773,23.47,0.00,4,10
2026-10-08 00:08:24,4DOV,offen,HSM,2856wfnQ27LH23yKeFHJ4XQpQ2bsw4sen8RqyW5Wpump,295.2,1.48391222106e-07,0.3267,0.130694,4593,772,19.92,0.00,8,3
2026-10-08 00:08:24,4DOV,offen,FRENS,41MjNbWHZeFmxwMHPwTfsJP3aPbvsvR5tsgnmhNKpump,7.3,1.53045196349e-06,1.1310,0.226201,17606,662,19.55,0.00,118,344
2026-10-08 00:08:24,Cooker,offen,SI,DEW9dSN6QpWyNthphCpMmAbZP1Q4cEKR9xQXAri98WDP,8923.2,0.000211616273188,0.6235,0.374096,1662587,54914,16.61,0.00,9,44
2026-10-08 00:08:24,Cooker,offen,HOOKED,C1mBfBoDkwWfd6uTFZp62ARHLjeVp3bDpCDMfMZtPngE,7469.5,4.78367930749e-05,0.4379,2.014333,767819,11320,20.95,0.00,11,57
2026-10-08 00:08:24,Gake,offen,CURVE,7ioeSgzfSKHMnpgfPpgRFsekMBGiu9oi6t6GeqYtNbbh,9612.0,1.63902828137e-06,0.4737,0.094746,107239,1085,15.61,0.06,0,0
2026-10-08 00:08:24,Gake,offen,SDOG,yFcTuQJCMsd1Asya15GZ7h4KGdxsujRLcUiTWWXpump,9425.4,3.70587002183e-07,0.0497,0.009931,10016,1645,19.45,0.00,2,2
2026-10-08 00:08:24,Gake,offen,OP,5PiBn5JdjJDnRGziiSfsu2affgBR3DyTTCR3CHpcode,9362.7,1.66822553143e-07,0.0459,0.009188,7193,1387,22.64,0.00,0,2
2026-10-08 00:08:24,Gake,offen,PURPS,purpFPo5voy6fEu8jxSCwVdMs1zyYEYAH6FBQvTYCZK,7080.5,2.34701815353e-06,0.8234,0.164678,30581,2252,33.91,0.00,0,0
2026-10-08 00:08:24,Pikalosi,offen,Miu,7LNFZcNigZay5U9e2sq6n2Z4iM8BC2Dd53L14pwvpump,7587.0,4.44700273543e-07,1.0655,0.213095,14528,795,21.45,0.00,0,0
2026-10-08 00:08:24,Dior,offen,OTC,MukLDtJ8Cx9DxLbeyLRSWPSposTMWuwHANbuaudpump,7912.9,6.67577384787e-05,0.9854,4.617315,473693,18731,25.82,0.00,6,39
2026-10-08 00:08:24,Dior,offen,TripleT,J8PSdNP3QewKq2Z1JJJFDMaqF7KcaiJhR7gbr5KZpump,7041.0,5.82669243939e-05,0.9403,0.376134,361890,22869,18.94,0.00,3,2
2026-10-08 00:08:24,Dior,offen,Kirkslop,8m5hzX9hprtWwPuVZL4daCZfggWYKc6fhSJDDpiqpump,6720.3,6.20134142326e-07,0.9438,0.566295,14354,396,28.14,0.00,0,0
2026-10-08 00:08:24,Dior,offen,COCKROACH,H4KUxsEgCp2yDpFvyDuGM5k6XevSKKrrKUxZ3Zr6nyJc,3559.5,8.46252363078e-06,0.9379,2.063389,82018,3404,18.67,0.00,1,17
2026-10-08 00:08:24,Dior,offen,CAESAR,8cp1WhUDxTbfX8nDe1kAB1ogPUyQvUSKgzFz365LbQyZ,2529.3,2.36854026475e-07,0.1182,0.331015,8154,1519,19.81,0.00,0,1
2026-10-08 00:08:24,Dior,offen,ClapCat,5BjfgmtfqvNpAWx1CnZynoWLWNMnrwHLhTFzQ81vkEc8,714.5,2.28371271736e-06,0.8354,1.002460,29479,868,26.66,0.00,12,5
2026-10-08 00:08:24,Dior,offen,ART,DEQKHY5YVPFiwcVhoUUE5gnkWj66LVPoPgLHAswqpump,646.8,2.62382253375e-07,0.1395,0.468784,7321,1590,23.53,0.00,2,7
2026-10-08 00:08:24,3zsr,offen,Sapijiju,8Fs2YLsayR4awLB79nMM3QCpG3pqvcAGP7hHb8fX4L2G,7412.0,1.31443259853e-07,1.2265,0.245298,4249,361,28.29,0.00,2,0
2026-10-08 00:08:24,3zsr,offen,EZRA,4qTqqkexQCEP2m8UrDWXACHpA8bEkGxpNJrDPMNcfHKQ,2748.7,3.36035412815e-08,1.0172,0.203449,3889,6,7.67,0.00,0,0
2026-10-08 00:08:24,3zsr,offen,ELONMUSK,5QmEgE9rK3aB1SDi7mK7rXPt2QHe7FRT69zbb2X2iSip,2748.5,3.25417741559e-08,0.9488,0.189759,3775,5,12.21,0.00,0,0
2026-10-08 00:08:24,3zsr,offen,HIGCAT,52sQ5kFhaTD6NsfN4oKreHZAwxrxgUo129ZCG3EBsVhv,2748.3,3.1820557474e-08,0.8978,0.179566,3726,6,6.49,0.00,0,0
2026-10-08 00:08:24,3zsr,offen,GIA,4FuWREkDYG1chHxHfgmUv3AN1iLPUi42Er6UboWUJKwU,2747.9,3.27271603271e-08,0.9169,0.183390,3795,10,9.39,0.00,0,0
2026-10-08 00:08:24,3zsr,offen,Sworddog,2QLpYwa5tzMjGBZWCmu9WHEPTNPH65w7xeFHSU1Hpump,2175.6,3.46515842909e-08,0.8747,0.174931,3910,14,12.90,0.00,0,0
2026-10-08 00:08:24,3zsr,offen,TRUMP,AYLh1Bgthdgego4EBAJQZtzXiQ6b1EbrPWES5V1vjhzV,2060.4,3.33964467778e-08,0.5386,0.053864,720,87,20.40,0.00,0,0
2026-10-08 00:08:24,3zsr,offen,RUGRUN,2VFjLcouktUNWRsZVkdiJ57nmRZR8HTJjKzDkZ3mbN8f,2033.1,3.3055079038e-08,0.9650,0.192991,3866,5,6.69,0.00,0,0
2026-10-08 00:08:24,3zsr,offen,HOUS,4pZQCY4HLpeYyJJ48yu7Z49B4G1Z7B1ZH3YdvVfNqKGn,2032.9,4.108836222e-08,0.9969,0.199373,4281,15,15.88,0.00,0,0
2026-10-08 00:08:24,C7bF,offen,Plague,3oTRLDrbymWupBmmUuNzRYTJm4cXpHHsmu5Uz3PF5uU3,918.9,3.12470927272e-08,0.4673,0.093456,3690,8,5.62,0.00,0,0
2026-10-08 00:08:24,C7bF,offen,SPSI,ERvSTRZsoEdM79d9Ajb2KMSnM1uPgamW3BoNgj21teCa,392.5,3.88958577801e-08,1.0442,0.208832,467,6,13.47,0.00,0,0
2026-10-08 00:08:24,77n6,offen,Ecat,5RUrbAftnTBptroKfpiJKyGF5v7aGsX9zYzNjSXjpump,2739.3,3.59767629536e-07,0.6441,0.257621,7453,275,25.42,0.57,0,0
2026-10-08 00:08:24,G7b2,offen,si.gov,7CTRbkV1tVuq1f59pRxT1Pb2W5AHG4gM9FMH4rGzKiXv,5213.4,3.0224456903e-06,1.3209,2.641833,28623,2131,12.94,0.00,0,3
2026-10-08 00:08:24,G7b2,offen,GTA6,4kjruqGHDsSqkMdFfCjV7Vb62HPFhtXyWc2t6JpQzDnz,4211.2,5.03816383335e-06,0.9873,0.789844,13828,10684,15.33,0.00,3,0
2026-10-08 00:08:24,G7b2,offen,SXSI,DQysBW79uHzZAWd2ahVQrf89CuSFqVzuNA3ijHbjVJfG,4202.4,1.59792929822e-06,0.6384,1.021379,23749,1227,28.56,0.00,1,3
2026-10-08 00:08:24,G7b2,offen,SI,DEW9dSN6QpWyNthphCpMmAbZP1Q4cEKR9xQXAri98WDP,4163.2,0.000211616273188,0.9233,2.423224,1662587,54914,16.61,0.00,9,44
2026-10-08 00:08:24,G7b2,offen,PLAGUE,CscZaq5twomhUkvCY8Jdd1tge32L4Yj9FbkFFEZQpump,2186.4,4.49304204509e-06,0.2685,0.805394,93570,6707,17.57,0.00,8,31
2026-10-08 00:08:24,7Cn1,offen,SI,DEW9dSN6QpWyNthphCpMmAbZP1Q4cEKR9xQXAri98WDP,3919.3,0.000211616273188,0.8152,0.437802,1662587,54914,16.61,0.00,9,44
2026-10-08 00:08:24,7Cn1,offen,si.gov,7CTRbkV1tVuq1f59pRxT1Pb2W5AHG4gM9FMH4rGzKiXv,3383.8,3.0224456903e-06,1.1083,1.362784,28623,2131,12.94,0.00,0,3
2026-10-08 00:08:24,7Cn1,offen,DARK,7KEPApdbBMByrmqihz3bht2uMhFQcatjfSFQCKq66kH3,223.9,4.17971829546e-05,1.3536,2.165687,704787,5420,12.82,0.02,78,295
2026-10-08 00:08:24,7Cn1,offen,CRAWL,BXoHJddsWJLHtAopeiSbKUSELsu8hSFMs8baGMDkpump,131.4,3.1062154823e-05,0.9935,0.794804,440167,7536,15.44,0.46,10,30
2026-10-08 00:08:24,7Cn1,offen,SpaceXSI,2GYMvnSv37djKecDshE8bYe2sRypcETeAF8G9h6un4J2,104.7,4.35327565283e-06,1.1329,0.226578,50929,2678,12.42,0.00,6,5
2026-10-08 00:08:24,Croco-AC7K,offen,AnyPS5,CWKbSd7jwMXXexP3pbwLAWMzr4HXAXTvt4R9pk2Vyyyc,181.9,3.9028623413e-06,1.0575,0.634528,37103,1808,19.38,0.00,13,58
2026-10-08 00:08:24,HoneyBadger-6kfX,offen,phubber,CBcjQNdtgb4SHwKDqKFxD3yPSk7pEMpKHQiMmZrgpump,1548.0,4.42063141232e-06,1.1224,2.244756,51807,3098,20.38,0.00,5,15
2026-10-08 00:08:24,HoneyBadger-6kfX,offen,pup,7HE2WmPoYE7uaA7DKh25N5cUwEcUoiyjwZU9ZeaQpump,994.3,8.31601873987e-08,0.8121,0.324822,2774,330,23.43,0.00,0,0
2026-10-08 00:08:24,8K7Z,offen,RARI,EFn88CiiFHhihqdr1Y11XBDxbbYarBf1ij92DsrigYwR,1205.7,1.45539551982e-05,1.0992,3.077876,164752,3537,20.59,0.00,7,20
2026-10-08 00:08:24,FKJE,offen,HOOKED,C1mBfBoDkwWfd6uTFZp62ARHLjeVp3bDpCDMfMZtPngE,1969.8,4.78367930749e-05,0.8055,0.483323,767819,11320,20.95,0.00,11,57
2026-10-08 00:08:24,2z7o,offen,desks,desks4HG9uksDrYFsRRdSLqYoXusNyEnGK8PZu9hKMG,20.0,2.1452792254e-07,1.1437,0.228746,9670,189,16.08,0.00,9,12
2026-10-08 00:08:24,54QZ,offen,MARVIN,EEGTUKdfRGdFqRNQZunXracQbgBEGj61GFSsidTEpBEs,711.4,3.60405130541e-08,0.8656,0.173125,628,8,17.78,0.00,0,0
2026-10-08 00:08:24,54QZ,offen,SXSI,6kLQP6SpZWY2281u8oWdKBPnTjgoAA6ZJSXZczt2gkwm,683.7,1.32089148985e-07,1.0545,0.128123,6359,269,20.75,0.00,1,0
2026-10-08 00:08:24,54QZ,offen,GOBLIN,E2itWssNNRVYSTd7U6Q7y5XVRVJM4eAxG7TGSv5epump,571.4,3.42801083643e-07,0.8802,0.812934,10589,590,23.01,0.00,2,1
2026-10-08 00:08:24,54QZ,offen,ZNEURO,3W25WcwSHckSbRFKUYePfpymN5npELnNUEQGHzC7pump,191.9,7.14515582407e-08,0.6971,0.269637,2081,71,33.34,0.00,1,3
2026-10-08 00:08:24,Loopierr,schatten,CatCollector,5AgD5tmarU5kgbqHqCgDEMcAHAQAm8muV67xkKs9urps,8039.4,3.62540545914e-08,0.1077,0.021544,141,35,4.00,0.00,0,0
2026-10-08 00:08:24,Loopierr,schatten,SGI,36yTNhb9rfogt4mWxFiTnBeeT9bNXrVdKymAJ3jbvTzM,7888.4,3.00370084718e-08,0.1882,0.037633,3679,6,0.36,0.00,0,0
2026-10-08 00:08:24,6ANG,schatten,ANTHROPIG,25DeVAVF86uAd2wcFewp7F1s6gjZei88Mj4xBzg3AP94,8600.5,1.10485759897e-07,0.4506,0.090113,5144,67,31.14,0.00,0,0
2026-10-08 00:08:24,HEBO,schatten,SI,4qCW74oX82oTeypDzFYYYZ6eJ6yPQVFeX196YpHszJFY,4721.6,2.19996914799e-08,0.4364,0.087277,2327,56,10.82,0.00,0,0
2026-10-08 00:08:24,HEBO,schatten,INCOME,E7mRvAbgZdA6dF7cgXZevkbjd9Yfy5q11XEFnWZfpump,4450.4,6.0863025974e-08,0.9720,0.194401,2265,1266,15.11,0.00,0,0
2026-10-08 00:08:24,HEBO,schatten,GPH,BtmRMRazMTY2KqpbZkdFGrGJSm8rwLG744DV8Webpump,3412.0,5.65744654945e-08,0.8018,0.160351,1719,68,26.13,0.00,0,1
2026-10-08 00:08:24,HEBO,schatten,pup,7HE2WmPoYE7uaA7DKh25N5cUwEcUoiyjwZU9ZeaQpump,3411.4,8.31601873987e-08,0.7620,0.152403,2774,330,23.43,0.00,0,0
2026-10-08 00:08:24,HEBO,schatten,ACTII,41QF43mQKs1Qm51xK7uQWjxRA9oZ6S5mBVYveR4wLfzx,538.9,4.71593161066e-08,0.7896,0.157921,1301,69,24.40,0.00,0,0
2026-10-08 00:08:24,HEBO,schatten,TITS,DPVNMLe7zXsrg8Y9rMyPmxBG31qqo3v9FyWChbKQpump,536.7,9.04232717315e-08,1.9097,0.305549,2655,46,27.67,0.00,0,0
2026-10-08 00:08:24,HEBO,schatten,TITS,C21p56TNF1Ec8BmyMkmLnwX56G3TzgYvzqMMVUPL7Fcm,534.0,2.70425630595e-08,0.6904,0.138086,586,118,14.15,0.00,0,0
2026-10-08 00:08:24,Troupe,schatten,CLAUSE,EWKyN7QHfJo41ikKqpo8R5gwEvryytKo9Vf7NF39U1GC,3097.1,1.83948859082e-08,0.0532,0.010641,2085,24,2.31,0.00,0,1
2026-10-08 00:08:24,4DOV,schatten,TRADE,Euz6EjyubNjJmCkahGEfCXmnCwNVLunxc1LZWsmV3wKf,1609.3,3.02193554442e-08,0.0225,0.004503,767,196,16.45,0.00,0,0
2026-10-08 00:08:24,Cooker,schatten,X7,CdhZy8wrRxNxoV8HtoByXKN7mvS46avtuZ1b39tKfx7,8702.4,3.14210316878e-06,0.3104,0.062084,55907,1756,22.04,0.00,0,3
2026-10-08 00:08:24,Cooker,schatten,9e9,HZ4qZQJ7yf6WR1D24GLRLJ3cKUfgtJEF3B7SdLMLvCPZ,7432.9,3.20234568043e-08,0.0372,0.014886,981,254,13.94,0.00,0,0
2026-10-08 00:08:24,Gake,schatten,MINEPAD,2EUKLvNQ63YCmjSDyJ14Tzj7ASeHGXgseYWrKAa2mine,9582.0,1.08580870381e-06,0.6402,0.108833,20620,782,23.43,0.00,11,5
2026-10-08 00:08:24,Gake,schatten,TERRA,JD3d8mxEJ91LHZSuwVLquFAKdo5PbEeLCUevjjDsPdRe,8299.5,8.57257140202e-08,0.0630,0.012606,2616,116,29.83,0.00,0,0
2026-10-08 00:08:24,Gake,schatten,SHITCOIN,4BxBot4K36N3ZZkpB9sqEocy5iBi8cUttK6s8YbHH9Jo,6791.6,7.21687679114e-08,0.0767,0.015342,2218,114,37.13,0.00,0,0
2026-10-08 00:08:24,Gake,schatten,FROGE,6R1F4sNySF4NKGdhW3UhESWuYYRu4Cehk5rn3mGP375R,6780.8,5.63881796716e-08,0.0531,0.010625,1953,344,24.79,0.00,0,0
2026-10-08 00:08:24,Gake,schatten,GENESIS,CSEd3Pi5WZL7w5vmwNjDVXv8poAqSv2Dn1as1erUpump,4134.9,6.88899819873e-08,0.0142,0.002850,2607,784,21.11,0.10,0,0
2026-10-08 00:08:24,Gake,schatten,OATH,2RSsw9tntE1RmoiPnNFiu93EzQu2eLnCAzvZiqMSoatH,4118.8,2.89240895717e-07,0.2595,0.051910,8256,263,24.93,0.00,2,0
2026-10-08 00:08:24,Gake,schatten,IMAGINE,EpFTb2XcGiMyGLykZ9VYmyPWz2AHEwAggqSbwJpypump,3746.7,2.01617571029e-06,0.7544,0.150882,25184,805,37.75,9.37,0,0
2026-10-08 00:08:24,Dior,schatten,CAESAR,8cp1WhUDxTbfX8nDe1kAB1ogPUyQvUSKgzFz365LbQyZ,2551.1,2.36854026475e-07,0.1026,0.020513,8154,1519,19.81,0.00,0,1
2026-10-08 00:08:24,Dior,schatten,ClapCat,5BjfgmtfqvNpAWx1CnZynoWLWNMnrwHLhTFzQ81vkEc8,722.2,2.28371271736e-06,0.6509,0.130188,29479,868,26.66,0.00,12,5
2026-10-08 00:08:24,koko,schatten,MAJOR,7AUzu756Pp3Cg3NByuKfcRSAFFt31kjC6U6R1npkiA1Q,5951.5,2.12500215401e-07,4.6520,0.930395,5311,170,29.68,0.00,0,1
2026-10-08 00:08:24,77n6,schatten,Ecat,5RUrbAftnTBptroKfpiJKyGF5v7aGsX9zYzNjSXjpump,2780.1,3.59767629536e-07,0.6645,0.132893,7453,275,25.42,0.57,0,0
2026-10-08 00:09:24,Loopierr,offen,GARP,FKPdKiZBYMU2MwHXKjyhgV6ozSh2APzvvr3ZBwFCfSHo,10813.1,2.52555551419e-08,0.0397,0.007936,523,145,7.95,0.00,0,0
2026-10-08 00:09:24,6ANG,offen,OpenSI,5ptkVdbpaPpEJPPVXE5CpJNCXEmAidyot5TQcDDawMzm,10540.7,3.79376557616e-07,0.9207,0.708318,10022,1192,22.36,0.00,0,0
2026-10-08 00:09:24,6ANG,offen,ANT,BTZK1B3pCoBDD1vy5e4bDBM4bwvvhkKUMTuKABkGWwGp,8601.7,3.39209057041e-07,0.8795,0.527708,9385,93,27.37,0.00,0,0
2026-10-08 00:09:24,6ANG,offen,ANTHROPIG,25DeVAVF86uAd2wcFewp7F1s6gjZei88Mj4xBzg3AP94,8601.5,1.10485759897e-07,0.4532,0.181274,5144,67,31.14,0.00,0,0
2026-10-08 00:09:24,6ANG,offen,STAR,StargWr5r6r8gZSjmEKGZ1dmvKWkj79r2z1xqjFstar,315.0,1.88485780271e-05,0.8480,0.169603,98572,899,54.00,0.00,0,0
2026-10-08 00:09:24,9LXM,offen,SGI,FcZcFjfNPJR9rycZS1FwkiEgQTW7ZWRjdSaBdJ6M9ha6,10395.7,6.24124611716e-08,0.0410,0.016390,4250,328,21.84,0.00,0,0
2026-10-08 00:09:24,HEBO,offen,SGI,FcZcFjfNPJR9rycZS1FwkiEgQTW7ZWRjdSaBdJ6M9ha6,10833.7,6.24124611716e-08,0.0527,0.060400,4250,328,21.84,0.00,0,0
2026-10-08 00:09:24,HEBO,offen,goon,HSUMi4rMgjrx7zRUabw3ogGu1pa5hmF2eVcXj9Apump,10627.7,6.52257206633e-07,0.7987,0.575449,16506,2875,18.35,0.00,1,2
2026-10-08 00:09:24,HEBO,offen,Tico,35ccP7zmf4THJsDn3UtozYcWm1U8nzhyHcTgK3ETpump,10562.4,3.35230555994e-08,0.5605,0.112105,3890,29,7.17,0.00,0,0
2026-10-08 00:09:24,HEBO,offen,SGI,Cb2pMbsRRvaeZoxpRqnTP6k6hLziSUf5pnqW9Jx5T3Wz,7974.1,1.50158051155e-07,0.3980,0.557224,7178,437,25.19,0.00,0,0
2026-10-08 00:09:24,HEBO,offen,ArmyX,F7y94q8QvGKNCrGt6E5pgQ7ABBkQK4QkqEBGs9Y5ZFFk,7949.6,3.41475964393e-08,0.1275,0.101961,3267,61,15.77,0.00,0,0
2026-10-08 00:09:24,HEBO,offen,ZUCKS,2eBJvNnn7guSjX1yuE7seuDY9pveDiHkfoyeBh2WZroS,7684.0,2.18785876303e-08,0.3346,0.048180,2368,30,7.97,0.00,0,0
2026-10-08 00:09:24,HEBO,offen,TRUMPTV,34w4t74EsbJyBBSyYBFyNo65Ft7Ax8BF3HrubL1mwbpL,7589.1,2.0188717939e-08,0.1548,0.030955,2246,92,5.45,0.00,0,0
2026-10-08 00:09:24,HEBO,offen,pill,DvdmEnztCmXwBnAbedD48XVGZJSxq31zNvnyftXdpump,6525.1,1.23675748187e-05,0.7061,1.835807,220827,5497,20.83,0.00,6,5
2026-10-08 00:09:24,HEBO,offen,PUMPCAT,G4vqe8KAcRGTb7Kc55n9sz43aR4ugTPdSeUnAXZhpump,6524.8,3.06544127767e-06,1.4532,0.290646,48848,1411,24.54,0.00,0,1
2026-10-08 00:09:24,HEBO,offen,CUPTOBER,EKgswaMnRSJHmyFZCbxscTAjiR2bH1oLXsftepUGsPtz,6361.7,4.8601275731e-08,0.5908,0.236327,5206,26,12.93,0.00,0,0
2026-10-08 00:09:24,HEBO,offen,Scronkfinkle,DaUFkgZjwJCsM9QDWCsxtZS2omgHS3Fn9GHgTX5wwpcX,5099.5,3.87052757609e-08,0.3808,0.228478,1035,98,19.39,0.00,0,0
2026-10-08 00:09:24,HEBO,offen,Eagle,E3pWKtfQk6LLZpRWVTjJwrMY4vFa9umLYDPxWJtZSTNK,5075.9,2.60446039977e-08,0.1376,0.124650,2748,75,12.69,0.00,0,0
2026-10-08 00:09:24,HEBO,offen,Inu,83LFceyzRNNRUThm4VzHx4jmVuf6xAggSp2UvhQx52Dy,4722.8,2.51013120094e-08,0.1446,0.028922,2522,118,11.76,0.00,0,0
2026-10-08 00:09:24,HEBO,offen,Caviar,F7ktJWjMtubD8zwv5xMb35g5hPTvGQSDMS8UGcwXpump,4455.2,1.02783691639e-07,0.6554,0.262167,3083,84,29.59,0.00,0,0
2026-10-08 00:09:24,HEBO,offen,TIT,3KM7dvpUk2Wm8qdXtZpBJHgic4bAaz1MTDHvUEjKpump,4429.8,2.25200378292e-07,0.5287,0.422931,6374,131,26.81,0.00,0,0
2026-10-08 00:09:24,HEBO,offen,MIM,6bJtwhtvzkthAYszQ3ZWkFJzSvbGSkbAz9yPcSiXaGK6,4429.2,1.44815627493e-07,1.1451,0.229026,4719,188,26.51,0.00,0,0
2026-10-08 00:09:24,HEBO,offen,Taste,93FWFR63nwQcq5zuXNmTits5BYcKFjmUZzccMvhmpump,4428.9,1.20790191542e-07,1.3457,0.538292,9853,38,23.38,0.00,0,0
2026-10-08 00:09:24,HEBO,offen,GPH,H1hFymzkRE7CAdxEuBWYknvsTCgoDXAqPKFU94iPpump,4423.1,4.57989228939e-08,0.8667,0.173344,867,69,10.72,0.00,0,0
2026-10-08 00:09:24,HEBO,offen,TIT,Ar3QBegnCQr6ZFyN9h637ar9JCxZRvdboiR1QzMrpump,3417.0,1.01973908589e-07,0.3068,0.429510,3168,273,36.22,0.00,0,0
2026-10-08 00:09:24,HEBO,offen,AVERY,8QFGVLXehnTv28eMdXZkhY5d84SVF58LAfRGx8zWpH9b,3353.8,3.46914054578e-08,0.1937,0.038734,3097,227,19.30,0.00,0,0
2026-10-08 00:09:24,HEBO,offen,APU,HoCeDUrd5BqfYmaRk2eiUpzshEvpwfYpgrJ4YKFCpump,2152.6,1.14299274473e-07,0.6385,0.127698,4067,257,25.32,0.00,0,0
2026-10-08 00:09:24,HEBO,offen,APU,E7eCZS2cq655qJ7uVx3dSHR2zK31kwNQsWS6P6Hpump,2152.4,1.57028968369e-06,2.4540,1.963227,18316,451,26.13,0.00,3,4
2026-10-08 00:09:24,HEBO,offen,COCKROACH,H4KUxsEgCp2yDpFvyDuGM5k6XevSKKrrKUxZ3Zr6nyJc,2147.6,8.32744912707e-06,1.2299,2.213863,81536,3403,18.67,0.00,1,15
2026-10-08 00:09:24,HEBO,offen,MDOG,F5zC2QoP6j2erxNyf4z6iNCi6X6AkburMC2Xofhxpump,1926.9,7.85729288524e-08,0.9213,0.184265,3252,1646,17.78,0.00,0,0
2026-10-08 00:09:24,HEBO,offen,SI,8ALHRuN5q4MHRaKPdiXi7cHyVWicZVwQx2TBTCH8GZ4h,1682.3,1.03645583324e-07,0.9787,0.195744,3141,56,22.59,0.00,0,0
2026-10-08 00:09:24,HEBO,offen,PHASEONE,GfawjB4Fxz389kECjrrnsdS8MKb9hMgALonJddGQasHL,548.1,3.56392162275e-08,0.6062,0.121235,905,90,20.69,0.00,0,0
2026-10-08 00:09:24,HEBO,offen,TITS,GLsHzxjtktCKzAA8LEEfXJ5UF2Jdsj161e5Duh3tkzga,534.8,5.26726948352e-08,0.9699,0.193980,1828,521,23.03,0.00,0,0
2026-10-08 00:09:24,HEBO,offen,AI,4AvWfTKcEFqwRjxBnoyWRY7wF7UV9cqH3492UFKHpump,511.1,4.08893733997e-08,0.5936,0.118729,1198,67,16.73,0.00,0,0
2026-10-08 00:09:24,HEBO,offen,INSTADOCS,AMj8gG4mXckBoaT5mGQDwriKUqJtEApNg2CuXw6Ypump,510.9,5.26460065227e-08,1.0979,0.219580,1588,23,19.72,0.00,0,0
2026-10-08 00:09:24,Troupe,offen,PUMP,pumpCmXqMfrsAkQ5r49WcJnRayYRqmXz6ae8H7H9Dfn,8752.2,5.36984873722e-05,1.1076,0.010015,43406259,315323,59.33,0.00,80,351
2026-10-08 00:09:24,Troupe,offen,homo,42AtRP5d3ySBj9iveMYeD23kkmN3HEZFwUzs1YKvkPA9,7099.7,2.14585508451e-08,0.0577,0.010116,256,145,3.18,0.00,0,0
2026-10-08 00:09:24,Troupe,offen,PUMPE,9fJAWKQpkY93hfuZxrHfh5wEh2AV9vjkWNQfzfbziHd2,6972.9,7.02082615701e-06,0.2541,0.304887,51855,2293,18.17,0.80,0,2
2026-10-08 00:09:24,Troupe,offen,HOLD,6REnZgtxhwdSAHczAp4J5PRsGQYQt7T3x4kEDyfs9U7y,6929.9,2.89066327486e-08,0.0166,0.003328,775,479,9.51,0.00,0,0
2026-10-08 00:09:24,Troupe,offen,THICC,3QEbHMK6ceYevtaCdLmBQMJgcPb9PJQpgyFBP6f6x6Rg,4274.5,1.33337723687e-08,0.0620,0.012401,1486,8,4.02,0.00,0,0
2026-10-08 00:09:24,Troupe,offen,CLAUSE,EWKyN7QHfJo41ikKqpo8R5gwEvryytKo9Vf7NF39U1GC,3098.2,1.83948859082e-08,0.0755,0.015106,2085,24,2.31,0.00,0,1
2026-10-08 00:09:24,Troupe,offen,TESTla,TESZBZpTRGUDriZQg72kYre1Vozyp2de7Z6o5JUtdRA,1445.1,0,0.0000,0.000000,6,40,3.55,0.04,0,2
2026-10-08 00:09:24,4DOV,offen,BOT,Aaan4fxwhKtUUPg2GSKq6natLV9oj9QQNf5xT4UE2gXr,8399.2,3.12411955057e-08,0.0367,0.007335,858,318,15.16,0.00,0,0
2026-10-08 00:09:24,4DOV,offen,PUDU,8HQgEcbhR5Xoh735zvndAocCLd7wdAYJfWHV55J8pump,6950.3,2.75772930831e-08,0.0131,0.005233,608,423,12.75,0.00,0,0
2026-10-08 00:09:24,4DOV,offen,Aiden,9dSMwFfPezQ8WPcW1uZV7ns4rcviEj2LssSAg75WBLXd,5511.1,4.82312973102e-07,0.0343,0.015428,12365,3150,17.06,0.00,2,0
2026-10-08 00:09:24,4DOV,offen,SPLICE,7bC8ugu1ZJn21MhA4ht483nX8brLNesa8R7XLimpFyhq,4754.6,7.4898794582e-07,0.0474,0.028411,16921,2702,23.24,0.03,8,3
2026-10-08 00:09:24,4DOV,offen,Ash,4jxyespUyvDxg1cN1NMCWErHGGyPrBdEzPiDobLBmttL,4436.9,4.01111295415e-08,0.1002,0.020043,1049,21,2.44,0.00,0,0
2026-10-08 00:09:24,4DOV,offen,www,GAwhcphCqCv5bKHmCiN4VDdNWfbXJL4npmkc8L3Q9S9H,4286.3,1.23948798383e-06,0.1186,0.047448,33380,6450,18.23,0.00,2,1
2026-10-08 00:09:24,4DOV,offen,ACTII,DYjM6f2R34Qp4jPE73HsdEVZwwcQFCsokpNYCqBUpump,4214.1,2.27741202049e-07,0.0431,0.012923,6396,1100,26.91,0.00,0,1
2026-10-08 00:09:24,4DOV,offen,BANANA,G7JkKqGb69cCWC2XkDXc8LG8qbifTkCKpsAcr6kApump,4098.0,3.25507823651e-08,0.0312,0.006232,825,192,18.37,0.00,0,0
2026-10-08 00:09:24,4DOV,offen,JITI,6YuVyHbjdwxiH1CLCSusP9yjXmsVvQfcTbSSPcFuXDew,3536.9,4.97331441953e-08,0.0422,0.008431,2028,803,19.87,0.00,0,0
2026-10-08 00:09:24,4DOV,offen,QINU,4unydQjvYdqR31pkuBYGu2nGst8r8j5XMW8KXRXtpump,3300.5,3.08289224104e-08,0.0185,0.007406,907,530,11.24,1.06,0,1
2026-10-08 00:09:24,4DOV,offen,NOLLA,CXw5hY3BMi87DTa99ekZgwxuvu7pQ2FUQVecs3SvJLD9,3120.7,2.95689537625e-08,0.0265,0.005291,726,326,15.30,0.00,0,0
2026-10-08 00:09:24,4DOV,offen,TRANNIE,BvLqum9qd4TWQ1c9WPmLYMvxxzoXUjsFycVffvjyq16,3039.8,2.64111052725e-08,0.1129,0.022575,482,118,12.72,0.00,0,0
2026-10-08 00:09:24,4DOV,offen,OTC,MukLDtJ8Cx9DxLbeyLRSWPSposTMWuwHANbuaudpump,2587.2,6.67763892074e-05,0.6265,0.014402,473967,18735,25.82,0.00,8,32
2026-10-08 00:09:24,4DOV,offen,TRADE,Euz6EjyubNjJmCkahGEfCXmnCwNVLunxc1LZWsmV3wKf,1610.5,3.02193554442e-08,0.0242,0.009669,767,196,16.45,0.00,0,0
2026-10-08 00:09:24,4DOV,offen,AUTON,39ahtL8ynzE4amH26J29C93PA5172V3ft9UuUcqQS8fz,1271.2,2.2513949506e-05,0.4522,0.361738,366885,6727,14.58,0.00,15,38
2026-10-08 00:09:24,4DOV,offen,Human,8nPoBHiBM6pybxMws9PA2JRb9BjkppBfqcZGmot4DMBC,439.3,2.76565706694e-06,0.6505,0.008866,48898,5774,23.47,0.00,5,10
2026-10-08 00:09:24,4DOV,offen,HSM,2856wfnQ27LH23yKeFHJ4XQpQ2bsw4sen8RqyW5Wpump,296.2,1.46843446148e-07,0.3233,0.129331,4530,772,19.92,0.00,4,4
2026-10-08 00:09:24,4DOV,offen,FRENS,41MjNbWHZeFmxwMHPwTfsJP3aPbvsvR5tsgnmhNKpump,8.3,1.2409017177e-06,0.9170,0.183405,16131,668,19.44,0.00,106,334
2026-10-08 00:09:24,Cooker,offen,SI,DEW9dSN6QpWyNthphCpMmAbZP1Q4cEKR9xQXAri98WDP,8924.2,0.000206412661664,0.6082,0.364897,1662275,54912,16.61,0.00,9,47
2026-10-08 00:09:24,Cooker,offen,HOOKED,C1mBfBoDkwWfd6uTFZp62ARHLjeVp3bDpCDMfMZtPngE,7470.5,4.79224973125e-05,0.4387,2.017942,763704,11320,20.95,0.00,15,59
2026-10-08 00:09:24,Gake,offen,CURVE,7ioeSgzfSKHMnpgfPpgRFsekMBGiu9oi6t6GeqYtNbbh,9613.0,1.63902828137e-06,0.4737,0.094746,107239,1085,15.61,0.06,0,0
2026-10-08 00:09:24,Gake,offen,SDOG,yFcTuQJCMsd1Asya15GZ7h4KGdxsujRLcUiTWWXpump,9426.4,3.70587002183e-07,0.0497,0.009931,10016,1645,19.45,0.00,2,2
2026-10-08 00:09:24,Gake,offen,OP,5PiBn5JdjJDnRGziiSfsu2affgBR3DyTTCR3CHpcode,9363.7,1.66822553143e-07,0.0459,0.009188,7193,1387,22.64,0.00,0,0
2026-10-08 00:09:24,Gake,offen,PURPS,purpFPo5voy6fEu8jxSCwVdMs1zyYEYAH6FBQvTYCZK,7081.5,2.34435323557e-06,0.8225,0.164491,30601,2252,33.91,0.00,0,1
2026-10-08 00:09:24,Pikalosi,offen,Miu,7LNFZcNigZay5U9e2sq6n2Z4iM8BC2Dd53L14pwvpump,7588.0,4.44700273543e-07,1.0655,0.213095,14528,795,21.45,0.00,0,0
2026-10-08 00:09:24,Dior,offen,OTC,MukLDtJ8Cx9DxLbeyLRSWPSposTMWuwHANbuaudpump,7913.9,6.67763892074e-05,0.9857,4.618605,473967,18735,25.82,0.00,8,32
2026-10-08 00:09:24,Dior,offen,TripleT,J8PSdNP3QewKq2Z1JJJFDMaqF7KcaiJhR7gbr5KZpump,7042.0,5.82669243939e-05,0.9403,0.376134,361890,22869,18.94,0.00,3,2
2026-10-08 00:09:24,Dior,offen,Kirkslop,8m5hzX9hprtWwPuVZL4daCZfggWYKc6fhSJDDpiqpump,6721.3,6.20134142326e-07,0.9438,0.566295,14354,396,28.14,0.00,0,0
2026-10-08 00:09:24,Dior,offen,COCKROACH,H4KUxsEgCp2yDpFvyDuGM5k6XevSKKrrKUxZ3Zr6nyJc,3560.5,8.32744912707e-06,0.9229,2.030454,81536,3403,18.67,0.00,1,15
2026-10-08 00:09:24,Dior,offen,CAESAR,8cp1WhUDxTbfX8nDe1kAB1ogPUyQvUSKgzFz365LbQyZ,2530.3,2.35492848702e-07,0.1175,0.329112,8107,1518,19.81,0.00,0,2
2026-10-08 00:09:24,Dior,offen,ClapCat,5BjfgmtfqvNpAWx1CnZynoWLWNMnrwHLhTFzQ81vkEc8,715.5,2.28371271736e-06,0.8354,1.002460,29479,868,26.66,0.00,12,5
2026-10-08 00:09:24,Dior,offen,ART,DEQKHY5YVPFiwcVhoUUE5gnkWj66LVPoPgLHAswqpump,647.8,2.69620336014e-07,0.1434,0.481716,7365,1595,23.53,0.00,9,7
2026-10-08 00:09:24,3zsr,offen,Sapijiju,8Fs2YLsayR4awLB79nMM3QCpG3pqvcAGP7hHb8fX4L2G,7413.0,1.31443259853e-07,1.2265,0.245298,4249,361,28.29,0.00,2,0
2026-10-08 00:09:24,3zsr,offen,EZRA,4qTqqkexQCEP2m8UrDWXACHpA8bEkGxpNJrDPMNcfHKQ,2749.7,3.36035412815e-08,1.0172,0.203449,3889,6,7.67,0.00,0,0
2026-10-08 00:09:24,3zsr,offen,ELONMUSK,5QmEgE9rK3aB1SDi7mK7rXPt2QHe7FRT69zbb2X2iSip,2749.5,3.25417741559e-08,0.9488,0.189759,3775,5,12.21,0.00,0,0
2026-10-08 00:09:24,3zsr,offen,HIGCAT,52sQ5kFhaTD6NsfN4oKreHZAwxrxgUo129ZCG3EBsVhv,2749.3,3.1820557474e-08,0.8978,0.179566,3726,6,6.49,0.00,0,0
2026-10-08 00:09:24,3zsr,offen,GIA,4FuWREkDYG1chHxHfgmUv3AN1iLPUi42Er6UboWUJKwU,2748.9,3.27271603271e-08,0.9169,0.183390,3795,10,9.39,0.00,0,0
2026-10-08 00:09:24,3zsr,offen,Sworddog,2QLpYwa5tzMjGBZWCmu9WHEPTNPH65w7xeFHSU1Hpump,2176.6,3.46515842909e-08,0.8747,0.174931,3910,14,12.90,0.00,0,0
2026-10-08 00:09:24,3zsr,offen,TRUMP,AYLh1Bgthdgego4EBAJQZtzXiQ6b1EbrPWES5V1vjhzV,2061.4,3.33964467778e-08,0.5386,0.053864,720,87,20.40,0.00,0,0
2026-10-08 00:09:24,3zsr,offen,RUGRUN,2VFjLcouktUNWRsZVkdiJ57nmRZR8HTJjKzDkZ3mbN8f,2034.1,3.3055079038e-08,0.9650,0.192991,3866,5,6.69,0.00,0,0
2026-10-08 00:09:24,3zsr,offen,HOUS,4pZQCY4HLpeYyJJ48yu7Z49B4G1Z7B1ZH3YdvVfNqKGn,2033.9,4.108836222e-08,0.9969,0.199373,4281,15,15.88,0.00,0,0
2026-10-08 00:09:24,C7bF,offen,Plague,3oTRLDrbymWupBmmUuNzRYTJm4cXpHHsmu5Uz3PF5uU3,919.9,3.12470927272e-08,0.4673,0.093456,3690,8,5.62,0.00,0,0
2026-10-08 00:09:24,C7bF,offen,SPSI,ERvSTRZsoEdM79d9Ajb2KMSnM1uPgamW3BoNgj21teCa,393.5,3.88958577801e-08,1.0442,0.208832,467,6,13.47,0.00,0,0
2026-10-08 00:09:24,77n6,offen,Ecat,5RUrbAftnTBptroKfpiJKyGF5v7aGsX9zYzNjSXjpump,2740.3,3.59767629536e-07,0.6441,0.257621,7453,275,25.42,0.57,0,0
2026-10-08 00:09:24,G7b2,offen,si.gov,7CTRbkV1tVuq1f59pRxT1Pb2W5AHG4gM9FMH4rGzKiXv,5214.4,3.0224456903e-06,1.3209,2.641833,28623,2131,12.94,0.00,0,3
2026-10-08 00:09:24,G7b2,offen,GTA6,4kjruqGHDsSqkMdFfCjV7Vb62HPFhtXyWc2t6JpQzDnz,4212.2,5.03816383335e-06,0.9873,0.789844,13828,10684,15.33,0.00,3,0
2026-10-08 00:09:24,G7b2,offen,SXSI,DQysBW79uHzZAWd2ahVQrf89CuSFqVzuNA3ijHbjVJfG,4203.4,1.59792929822e-06,0.6384,1.021379,23749,1227,28.56,0.00,1,3
2026-10-08 00:09:24,G7b2,offen,SI,DEW9dSN6QpWyNthphCpMmAbZP1Q4cEKR9xQXAri98WDP,4164.2,0.000206412661664,0.9006,2.363637,1662275,54912,16.61,0.00,9,47
2026-10-08 00:09:24,G7b2,offen,PLAGUE,CscZaq5twomhUkvCY8Jdd1tge32L4Yj9FbkFFEZQpump,2187.4,4.45534527694e-06,0.2662,0.798637,92695,6710,17.57,0.00,10,28
2026-10-08 00:09:24,7Cn1,offen,SI,DEW9dSN6QpWyNthphCpMmAbZP1Q4cEKR9xQXAri98WDP,3920.4,0.000206412661664,0.7951,0.427036,1662275,54912,16.61,0.00,9,47
2026-10-08 00:09:24,7Cn1,offen,si.gov,7CTRbkV1tVuq1f59pRxT1Pb2W5AHG4gM9FMH4rGzKiXv,3384.8,3.0224456903e-06,1.1083,1.362784,28623,2131,12.94,0.00,0,3
2026-10-08 00:09:24,7Cn1,offen,DARK,7KEPApdbBMByrmqihz3bht2uMhFQcatjfSFQCKq66kH3,224.9,4.29037242667e-05,1.3894,2.223022,711228,5427,12.82,0.02,75,259
2026-10-08 00:09:24,7Cn1,offen,CRAWL,BXoHJddsWJLHtAopeiSbKUSELsu8hSFMs8baGMDkpump,132.5,3.10092727199e-05,0.9918,0.793451,440494,7533,15.44,0.46,7,28
2026-10-08 00:09:24,7Cn1,offen,SpaceXSI,2GYMvnSv37djKecDshE8bYe2sRypcETeAF8G9h6un4J2,105.7,4.36286118508e-06,1.1354,0.227076,51005,2679,12.42,0.00,6,2
2026-10-08 00:09:24,Croco-AC7K,offen,AnyPS5,CWKbSd7jwMXXexP3pbwLAWMzr4HXAXTvt4R9pk2Vyyyc,182.9,3.91337622167e-06,1.0604,0.636238,36950,1809,19.38,0.00,13,54
2026-10-08 00:09:24,HoneyBadger-6kfX,offen,phubber,CBcjQNdtgb4SHwKDqKFxD3yPSk7pEMpKHQiMmZrgpump,1549.0,4.45843371533e-06,1.1320,2.263952,51890,3098,20.38,0.00,5,14
2026-10-08 00:09:24,HoneyBadger-6kfX,offen,pup,7HE2WmPoYE7uaA7DKh25N5cUwEcUoiyjwZU9ZeaQpump,995.3,8.31601873987e-08,0.8121,0.324822,2774,330,23.43,0.00,0,1
2026-10-08 00:09:24,8K7Z,offen,RARI,EFn88CiiFHhihqdr1Y11XBDxbbYarBf1ij92DsrigYwR,1206.7,1.47677192741e-05,1.1154,3.123083,164619,3535,20.59,0.00,7,19
2026-10-08 00:09:24,FKJE,offen,HOOKED,C1mBfBoDkwWfd6uTFZp62ARHLjeVp3bDpCDMfMZtPngE,1970.9,4.79224973125e-05,0.8070,0.484189,763704,11320,20.95,0.00,15,59
2026-10-08 00:09:24,2z7o,offen,desks,desks4HG9uksDrYFsRRdSLqYoXusNyEnGK8PZu9hKMG,21.0,2.14547838676e-07,1.1438,0.228767,9648,190,16.08,0.00,7,14
2026-10-08 00:09:24,54QZ,offen,MARVIN,EEGTUKdfRGdFqRNQZunXracQbgBEGj61GFSsidTEpBEs,712.4,3.60405130541e-08,0.8656,0.173125,628,8,17.78,0.00,0,0
2026-10-08 00:09:24,54QZ,offen,SXSI,6kLQP6SpZWY2281u8oWdKBPnTjgoAA6ZJSXZczt2gkwm,684.7,1.32089148985e-07,1.0545,0.128123,6359,269,20.75,0.00,1,0
2026-10-08 00:09:24,54QZ,offen,GOBLIN,E2itWssNNRVYSTd7U6Q7y5XVRVJM4eAxG7TGSv5epump,572.4,3.42801083643e-07,0.8802,0.812934,10589,590,23.01,0.00,2,1
2026-10-08 00:09:24,54QZ,offen,ZNEURO,3W25WcwSHckSbRFKUYePfpymN5npELnNUEQGHzC7pump,192.9,7.14515582407e-08,0.6971,0.269637,2081,71,33.34,0.00,1,3
2026-10-08 00:09:24,Loopierr,schatten,CatCollector,5AgD5tmarU5kgbqHqCgDEMcAHAQAm8muV67xkKs9urps,8040.4,3.62540545914e-08,0.1077,0.021544,141,35,4.00,0.00,0,0
2026-10-08 00:09:24,Loopierr,schatten,SGI,36yTNhb9rfogt4mWxFiTnBeeT9bNXrVdKymAJ3jbvTzM,7889.4,3.00370084718e-08,0.1882,0.037633,3679,6,0.36,0.00,0,0
2026-10-08 00:09:24,6ANG,schatten,ANTHROPIG,25DeVAVF86uAd2wcFewp7F1s6gjZei88Mj4xBzg3AP94,8601.5,1.10485759897e-07,0.4506,0.090113,5144,67,31.14,0.00,0,0
2026-10-08 00:09:24,HEBO,schatten,SI,4qCW74oX82oTeypDzFYYYZ6eJ6yPQVFeX196YpHszJFY,4722.6,2.19996914799e-08,0.4364,0.087277,2327,56,10.82,0.00,0,0
2026-10-08 00:09:24,HEBO,schatten,INCOME,E7mRvAbgZdA6dF7cgXZevkbjd9Yfy5q11XEFnWZfpump,4451.4,6.0863025974e-08,0.9720,0.194401,2265,1266,15.11,0.00,0,0
2026-10-08 00:09:24,HEBO,schatten,GPH,BtmRMRazMTY2KqpbZkdFGrGJSm8rwLG744DV8Webpump,3413.0,5.65744654945e-08,0.8018,0.160351,1719,68,26.13,0.00,0,1
2026-10-08 00:09:24,HEBO,schatten,pup,7HE2WmPoYE7uaA7DKh25N5cUwEcUoiyjwZU9ZeaQpump,3412.4,8.31601873987e-08,0.7620,0.152403,2774,330,23.43,0.00,0,1
2026-10-08 00:09:24,HEBO,schatten,ACTII,41QF43mQKs1Qm51xK7uQWjxRA9oZ6S5mBVYveR4wLfzx,539.9,4.71593161066e-08,0.7896,0.157921,1301,69,24.40,0.00,0,0
2026-10-08 00:09:24,HEBO,schatten,TITS,DPVNMLe7zXsrg8Y9rMyPmxBG31qqo3v9FyWChbKQpump,537.8,9.66999437219e-08,2.0422,0.326758,2947,46,27.67,0.00,0,0
2026-10-08 00:09:24,HEBO,schatten,TITS,C21p56TNF1Ec8BmyMkmLnwX56G3TzgYvzqMMVUPL7Fcm,535.0,2.70425630595e-08,0.6904,0.138086,586,118,14.15,0.00,0,0
2026-10-08 00:09:24,Troupe,schatten,CLAUSE,EWKyN7QHfJo41ikKqpo8R5gwEvryytKo9Vf7NF39U1GC,3098.1,1.83948859082e-08,0.0532,0.010641,2085,24,2.31,0.00,0,1
2026-10-08 00:09:24,4DOV,schatten,TRADE,Euz6EjyubNjJmCkahGEfCXmnCwNVLunxc1LZWsmV3wKf,1610.3,3.02193554442e-08,0.0225,0.004503,767,196,16.45,0.00,0,0
2026-10-08 00:09:24,Cooker,schatten,X7,CdhZy8wrRxNxoV8HtoByXKN7mvS46avtuZ1b39tKfx7,8703.4,3.14210316878e-06,0.3104,0.062084,55907,1756,22.04,0.00,0,3
2026-10-08 00:09:24,Cooker,schatten,9e9,HZ4qZQJ7yf6WR1D24GLRLJ3cKUfgtJEF3B7SdLMLvCPZ,7433.9,3.20234568043e-08,0.0372,0.014886,981,254,13.94,0.00,0,0
2026-10-08 00:09:24,Gake,schatten,MINEPAD,2EUKLvNQ63YCmjSDyJ14Tzj7ASeHGXgseYWrKAa2mine,9583.0,1.08580870381e-06,0.6402,0.108833,20620,782,23.43,0.00,11,5
2026-10-08 00:09:24,Gake,schatten,TERRA,JD3d8mxEJ91LHZSuwVLquFAKdo5PbEeLCUevjjDsPdRe,8300.5,8.57257140202e-08,0.0630,0.012606,2616,116,29.83,0.00,0,0
2026-10-08 00:09:24,Gake,schatten,SHITCOIN,4BxBot4K36N3ZZkpB9sqEocy5iBi8cUttK6s8YbHH9Jo,6792.6,7.21687679114e-08,0.0767,0.015342,2218,114,37.13,0.00,0,0
2026-10-08 00:09:24,Gake,schatten,FROGE,6R1F4sNySF4NKGdhW3UhESWuYYRu4Cehk5rn3mGP375R,6781.8,5.63881796716e-08,0.0531,0.010625,1953,344,24.79,0.00,0,0
2026-10-08 00:09:24,Gake,schatten,GENESIS,CSEd3Pi5WZL7w5vmwNjDVXv8poAqSv2Dn1as1erUpump,4135.9,6.88899819873e-08,0.0142,0.002850,2607,784,21.11,0.10,0,0
2026-10-08 00:09:24,Gake,schatten,OATH,2RSsw9tntE1RmoiPnNFiu93EzQu2eLnCAzvZiqMSoatH,4119.8,2.89240895717e-07,0.2595,0.051910,8255,263,24.93,0.00,2,0
2026-10-08 00:09:24,Gake,schatten,IMAGINE,EpFTb2XcGiMyGLykZ9VYmyPWz2AHEwAggqSbwJpypump,3747.7,2.01617571029e-06,0.7544,0.150882,25184,805,37.75,9.37,0,0
2026-10-08 00:09:24,Dior,schatten,CAESAR,8cp1WhUDxTbfX8nDe1kAB1ogPUyQvUSKgzFz365LbQyZ,2552.1,2.35492848702e-07,0.1020,0.020395,8107,1518,19.81,0.00,0,2
2026-10-08 00:09:24,Dior,schatten,ClapCat,5BjfgmtfqvNpAWx1CnZynoWLWNMnrwHLhTFzQ81vkEc8,723.2,2.28371271736e-06,0.6509,0.130188,29479,868,26.66,0.00,12,5
2026-10-08 00:09:24,koko,schatten,MAJOR,7AUzu756Pp3Cg3NByuKfcRSAFFt31kjC6U6R1npkiA1Q,5952.5,2.12500215401e-07,4.6520,0.930395,5311,170,29.68,0.00,0,1
2026-10-08 00:09:24,77n6,schatten,Ecat,5RUrbAftnTBptroKfpiJKyGF5v7aGsX9zYzNjSXjpump,2781.1,3.59767629536e-07,0.6645,0.132893,7453,275,25.42,0.57,0,0
2026-10-08 00:10:25,Loopierr,offen,GARP,FKPdKiZBYMU2MwHXKjyhgV6ozSh2APzvvr3ZBwFCfSHo,10814.1,2.52555551419e-08,0.0397,0.007936,523,145,7.95,0.00,0,0
2026-10-08 00:10:25,6ANG,offen,OpenSI,5ptkVdbpaPpEJPPVXE5CpJNCXEmAidyot5TQcDDawMzm,10541.7,3.79376557616e-07,0.9207,0.708318,10022,1192,22.36,0.00,0,0
2026-10-08 00:10:25,6ANG,offen,ANT,BTZK1B3pCoBDD1vy5e4bDBM4bwvvhkKUMTuKABkGWwGp,8602.7,3.39209057041e-07,0.8795,0.527708,9385,93,27.37,0.00,0,0
2026-10-08 00:10:25,6ANG,offen,ANTHROPIG,25DeVAVF86uAd2wcFewp7F1s6gjZei88Mj4xBzg3AP94,8602.5,1.10485759897e-07,0.4532,0.181274,5144,67,31.14,0.00,0,0
2026-10-08 00:10:25,6ANG,offen,STAR,StargWr5r6r8gZSjmEKGZ1dmvKWkj79r2z1xqjFstar,316.0,1.88485780271e-05,0.8480,0.169603,98572,899,54.00,0.00,0,0
2026-10-08 00:10:25,9LXM,offen,SGI,FcZcFjfNPJR9rycZS1FwkiEgQTW7ZWRjdSaBdJ6M9ha6,10396.7,6.24124611716e-08,0.0410,0.016390,4250,328,21.84,0.00,0,0
2026-10-08 00:10:25,HEBO,offen,SGI,FcZcFjfNPJR9rycZS1FwkiEgQTW7ZWRjdSaBdJ6M9ha6,10834.7,6.24124611716e-08,0.0527,0.060400,4250,328,21.84,0.00,0,0
2026-10-08 00:10:25,HEBO,offen,goon,HSUMi4rMgjrx7zRUabw3ogGu1pa5hmF2eVcXj9Apump,10628.7,6.52257206633e-07,0.7987,0.575449,16506,2875,18.35,0.00,1,2
2026-10-08 00:10:25,HEBO,offen,Tico,35ccP7zmf4THJsDn3UtozYcWm1U8nzhyHcTgK3ETpump,10563.5,3.35230555994e-08,0.5605,0.112105,3890,29,7.17,0.00,0,0
2026-10-08 00:10:25,HEBO,offen,SGI,Cb2pMbsRRvaeZoxpRqnTP6k6hLziSUf5pnqW9Jx5T3Wz,7975.1,1.50158051155e-07,0.3980,0.557224,7178,437,25.19,0.00,0,0
2026-10-08 00:10:25,HEBO,offen,ArmyX,F7y94q8QvGKNCrGt6E5pgQ7ABBkQK4QkqEBGs9Y5ZFFk,7950.6,3.41475964393e-08,0.1275,0.101961,3267,61,15.77,0.00,0,0
2026-10-08 00:10:25,HEBO,offen,ZUCKS,2eBJvNnn7guSjX1yuE7seuDY9pveDiHkfoyeBh2WZroS,7685.0,2.18785876303e-08,0.3346,0.048180,2368,30,7.97,0.00,0,0
2026-10-08 00:10:25,HEBO,offen,TRUMPTV,34w4t74EsbJyBBSyYBFyNo65Ft7Ax8BF3HrubL1mwbpL,7590.1,2.0188717939e-08,0.1548,0.030955,2246,92,5.45,0.00,0,0
2026-10-08 00:10:25,HEBO,offen,pill,DvdmEnztCmXwBnAbedD48XVGZJSxq31zNvnyftXdpump,6526.2,1.23969581491e-05,0.7078,1.840168,220827,5497,20.83,0.00,5,5
2026-10-08 00:10:25,HEBO,offen,PUMPCAT,G4vqe8KAcRGTb7Kc55n9sz43aR4ugTPdSeUnAXZhpump,6525.8,3.06544127767e-06,1.4532,0.290646,48848,1411,24.54,0.00,0,1
2026-10-08 00:10:25,HEBO,offen,CUPTOBER,EKgswaMnRSJHmyFZCbxscTAjiR2bH1oLXsftepUGsPtz,6362.7,4.8601275731e-08,0.5908,0.236327,5206,26,12.93,0.00,0,0
2026-10-08 00:10:25,HEBO,offen,Scronkfinkle,DaUFkgZjwJCsM9QDWCsxtZS2omgHS3Fn9GHgTX5wwpcX,5100.5,3.87052757609e-08,0.3808,0.228478,1035,98,19.39,0.00,0,0
2026-10-08 00:10:25,HEBO,offen,Eagle,E3pWKtfQk6LLZpRWVTjJwrMY4vFa9umLYDPxWJtZSTNK,5076.9,2.60446039977e-08,0.1376,0.124650,2748,75,12.69,0.00,0,0
2026-10-08 00:10:25,HEBO,offen,Inu,83LFceyzRNNRUThm4VzHx4jmVuf6xAggSp2UvhQx52Dy,4723.8,2.51013120094e-08,0.1446,0.028922,2522,118,11.76,0.00,0,0
2026-10-08 00:10:25,HEBO,offen,Caviar,F7ktJWjMtubD8zwv5xMb35g5hPTvGQSDMS8UGcwXpump,4456.2,1.02783691639e-07,0.6554,0.262167,3083,84,29.59,0.00,0,0
2026-10-08 00:10:25,HEBO,offen,TIT,3KM7dvpUk2Wm8qdXtZpBJHgic4bAaz1MTDHvUEjKpump,4430.8,2.25200378292e-07,0.5287,0.422931,6374,131,26.81,0.00,0,0
2026-10-08 00:10:25,HEBO,offen,MIM,6bJtwhtvzkthAYszQ3ZWkFJzSvbGSkbAz9yPcSiXaGK6,4430.2,1.44815627493e-07,1.1451,0.229026,4719,188,26.51,0.00,0,0
2026-10-08 00:10:25,HEBO,offen,Taste,93FWFR63nwQcq5zuXNmTits5BYcKFjmUZzccMvhmpump,4429.9,1.20790191542e-07,1.3457,0.538292,9853,38,23.38,0.00,0,0
2026-10-08 00:10:25,HEBO,offen,GPH,H1hFymzkRE7CAdxEuBWYknvsTCgoDXAqPKFU94iPpump,4424.1,4.57989228939e-08,0.8667,0.173344,867,69,10.72,0.00,0,0
2026-10-08 00:10:25,HEBO,offen,TIT,Ar3QBegnCQr6ZFyN9h637ar9JCxZRvdboiR1QzMrpump,3418.0,1.01973908589e-07,0.3068,0.429510,3168,273,36.22,0.00,0,0
2026-10-08 00:10:25,HEBO,offen,AVERY,8QFGVLXehnTv28eMdXZkhY5d84SVF58LAfRGx8zWpH9b,3354.8,3.46914054578e-08,0.1937,0.038734,3097,227,19.30,0.00,0,0
2026-10-08 00:10:25,HEBO,offen,APU,HoCeDUrd5BqfYmaRk2eiUpzshEvpwfYpgrJ4YKFCpump,2153.6,1.14299274473e-07,0.6385,0.127698,4067,257,25.32,0.00,0,0
2026-10-08 00:10:25,HEBO,offen,APU,E7eCZS2cq655qJ7uVx3dSHR2zK31kwNQsWS6P6Hpump,2153.4,1.58516165432e-06,2.4773,1.981820,18392,451,26.13,0.00,5,4
2026-10-08 00:10:25,HEBO,offen,COCKROACH,H4KUxsEgCp2yDpFvyDuGM5k6XevSKKrrKUxZ3Zr6nyJc,2148.6,8.34092949613e-06,1.2319,2.217447,81775,3401,18.67,0.00,1,15
2026-10-08 00:10:25,HEBO,offen,MDOG,F5zC2QoP6j2erxNyf4z6iNCi6X6AkburMC2Xofhxpump,1927.9,7.85729288524e-08,0.9213,0.184265,3252,1646,17.78,0.00,0,0
2026-10-08 00:10:25,HEBO,offen,SI,8ALHRuN5q4MHRaKPdiXi7cHyVWicZVwQx2TBTCH8GZ4h,1683.3,1.03645583324e-07,0.9787,0.195744,3141,56,22.59,0.00,0,0
2026-10-08 00:10:25,HEBO,offen,PHASEONE,GfawjB4Fxz389kECjrrnsdS8MKb9hMgALonJddGQasHL,549.1,3.56392162275e-08,0.6062,0.121235,905,90,20.69,0.00,0,0
2026-10-08 00:10:25,HEBO,offen,TITS,GLsHzxjtktCKzAA8LEEfXJ5UF2Jdsj161e5Duh3tkzga,535.9,5.26726948352e-08,0.9699,0.193980,1828,521,23.03,0.00,0,0
2026-10-08 00:10:25,HEBO,offen,AI,4AvWfTKcEFqwRjxBnoyWRY7wF7UV9cqH3492UFKHpump,512.1,4.08893733997e-08,0.5936,0.118729,1198,67,16.73,0.00,0,0
2026-10-08 00:10:25,HEBO,offen,INSTADOCS,AMj8gG4mXckBoaT5mGQDwriKUqJtEApNg2CuXw6Ypump,511.9,5.26460065227e-08,1.0979,0.219580,1588,23,19.72,0.00,0,0
2026-10-08 00:10:25,Troupe,offen,PUMP,pumpCmXqMfrsAkQ5r49WcJnRayYRqmXz6ae8H7H9Dfn,8753.2,5.38387891964e-05,1.1105,0.010041,43456584,315315,59.33,0.00,93,318
2026-10-08 00:10:25,Troupe,offen,homo,42AtRP5d3ySBj9iveMYeD23kkmN3HEZFwUzs1YKvkPA9,7100.7,2.14585508451e-08,0.0577,0.010116,256,145,3.18,0.00,0,0
2026-10-08 00:10:25,Troupe,offen,PUMPE,9fJAWKQpkY93hfuZxrHfh5wEh2AV9vjkWNQfzfbziHd2,6973.9,7.02082615701e-06,0.2541,0.304887,51855,2293,18.17,0.80,0,2
2026-10-08 00:10:25,Troupe,offen,HOLD,6REnZgtxhwdSAHczAp4J5PRsGQYQt7T3x4kEDyfs9U7y,6931.0,2.89066327486e-08,0.0166,0.003328,775,479,9.51,0.00,0,0
2026-10-08 00:10:25,Troupe,offen,THICC,3QEbHMK6ceYevtaCdLmBQMJgcPb9PJQpgyFBP6f6x6Rg,4275.5,1.33337723687e-08,0.0620,0.012401,1486,8,4.02,0.00,0,0
2026-10-08 00:10:25,Troupe,offen,CLAUSE,EWKyN7QHfJo41ikKqpo8R5gwEvryytKo9Vf7NF39U1GC,3099.2,1.83948859082e-08,0.0755,0.015106,2085,24,2.31,0.00,0,1
2026-10-08 00:10:25,Troupe,offen,TESTla,TESZBZpTRGUDriZQg72kYre1Vozyp2de7Z6o5JUtdRA,1446.1,0,0.0000,0.000000,6,40,3.55,0.04,0,2
2026-10-08 00:10:25,4DOV,offen,BOT,Aaan4fxwhKtUUPg2GSKq6natLV9oj9QQNf5xT4UE2gXr,8400.2,3.12411955057e-08,0.0367,0.007335,858,318,15.16,0.00,0,0
2026-10-08 00:10:25,4DOV,offen,PUDU,8HQgEcbhR5Xoh735zvndAocCLd7wdAYJfWHV55J8pump,6951.3,2.75772930831e-08,0.0131,0.005233,608,423,12.75,0.00,0,0
2026-10-08 00:10:25,4DOV,offen,Aiden,9dSMwFfPezQ8WPcW1uZV7ns4rcviEj2LssSAg75WBLXd,5512.1,4.83068802869e-07,0.0343,0.015452,12360,3149,17.06,0.00,3,1
2026-10-08 00:10:25,4DOV,offen,SPLICE,7bC8ugu1ZJn21MhA4ht483nX8brLNesa8R7XLimpFyhq,4755.7,7.4898794582e-07,0.0474,0.028411,17039,2702,23.24,0.03,8,3
2026-10-08 00:10:25,4DOV,offen,Ash,4jxyespUyvDxg1cN1NMCWErHGGyPrBdEzPiDobLBmttL,4438.0,4.01111295415e-08,0.1002,0.020043,1049,21,2.44,0.00,0,0
2026-10-08 00:10:25,4DOV,offen,www,GAwhcphCqCv5bKHmCiN4VDdNWfbXJL4npmkc8L3Q9S9H,4287.3,1.22275536126e-06,0.1170,0.046807,33376,6450,18.23,0.00,2,2
2026-10-08 00:10:25,4DOV,offen,ACTII,DYjM6f2R34Qp4jPE73HsdEVZwwcQFCsokpNYCqBUpump,4215.1,2.27741202049e-07,0.0431,0.012923,6396,1100,26.91,0.00,0,1
2026-10-08 00:10:25,4DOV,offen,BANANA,G7JkKqGb69cCWC2XkDXc8LG8qbifTkCKpsAcr6kApump,4099.0,3.25507823651e-08,0.0312,0.006232,825,192,18.37,0.00,0,0
2026-10-08 00:10:25,4DOV,offen,JITI,6YuVyHbjdwxiH1CLCSusP9yjXmsVvQfcTbSSPcFuXDew,3537.9,4.97331441953e-08,0.0422,0.008431,2028,803,19.87,0.00,0,0
2026-10-08 00:10:25,4DOV,offen,QINU,4unydQjvYdqR31pkuBYGu2nGst8r8j5XMW8KXRXtpump,3301.5,3.08289224104e-08,0.0185,0.007406,907,530,11.24,1.06,0,1
2026-10-08 00:10:25,4DOV,offen,NOLLA,CXw5hY3BMi87DTa99ekZgwxuvu7pQ2FUQVecs3SvJLD9,3121.7,2.95689537625e-08,0.0265,0.005291,726,326,15.30,0.00,0,0
2026-10-08 00:10:25,4DOV,offen,TRANNIE,BvLqum9qd4TWQ1c9WPmLYMvxxzoXUjsFycVffvjyq16,3040.8,2.64111052725e-08,0.1129,0.022575,482,118,12.72,0.00,0,0
2026-10-08 00:10:25,4DOV,offen,OTC,MukLDtJ8Cx9DxLbeyLRSWPSposTMWuwHANbuaudpump,2588.2,6.68722085374e-05,0.6274,0.014423,474310,18735,25.82,0.00,9,16
2026-10-08 00:10:25,4DOV,offen,TRADE,Euz6EjyubNjJmCkahGEfCXmnCwNVLunxc1LZWsmV3wKf,1611.5,3.02193554442e-08,0.0242,0.009669,767,196,16.45,0.00,0,0
2026-10-08 00:10:25,4DOV,offen,AUTON,39ahtL8ynzE4amH26J29C93PA5172V3ft9UuUcqQS8fz,1272.2,2.2513949506e-05,0.4522,0.361738,367134,6727,14.58,0.00,15,30
2026-10-08 00:10:25,4DOV,offen,Human,8nPoBHiBM6pybxMws9PA2JRb9BjkppBfqcZGmot4DMBC,440.3,2.70916974347e-06,0.6372,0.008685,46018,5773,23.47,0.00,4,20
2026-10-08 00:10:25,4DOV,offen,HSM,2856wfnQ27LH23yKeFHJ4XQpQ2bsw4sen8RqyW5Wpump,297.2,1.46332951532e-07,0.3222,0.128881,4535,772,19.92,0.00,5,4
2026-10-08 00:10:25,4DOV,offen,FRENS,41MjNbWHZeFmxwMHPwTfsJP3aPbvsvR5tsgnmhNKpump,9.3,1.15612460375e-06,0.8544,0.170875,15083,652,19.96,0.00,103,361
2026-10-08 00:10:25,Cooker,offen,SI,DEW9dSN6QpWyNthphCpMmAbZP1Q4cEKR9xQXAri98WDP,8925.2,0.000206418366942,0.6082,0.364907,1662271,54911,16.61,0.00,6,40
2026-10-08 00:10:25,Cooker,offen,HOOKED,C1mBfBoDkwWfd6uTFZp62ARHLjeVp3bDpCDMfMZtPngE,7471.5,4.78346912004e-05,0.4379,2.014244,761020,11316,20.95,0.00,13,58
2026-10-08 00:10:25,Gake,offen,CURVE,7ioeSgzfSKHMnpgfPpgRFsekMBGiu9oi6t6GeqYtNbbh,9614.0,1.63902828137e-06,0.4737,0.094746,107239,1085,15.61,0.06,0,0
2026-10-08 00:10:25,Gake,offen,SDOG,yFcTuQJCMsd1Asya15GZ7h4KGdxsujRLcUiTWWXpump,9427.4,3.70587002183e-07,0.0497,0.009931,10016,1645,19.45,0.00,2,2
2026-10-08 00:10:25,Gake,offen,OP,5PiBn5JdjJDnRGziiSfsu2affgBR3DyTTCR3CHpcode,9364.8,1.66822553143e-07,0.0459,0.009188,7193,1387,22.64,0.00,0,0
2026-10-08 00:10:25,Gake,offen,PURPS,purpFPo5voy6fEu8jxSCwVdMs1zyYEYAH6FBQvTYCZK,7082.5,2.34435323557e-06,0.8225,0.164491,30601,2252,33.91,0.00,0,1
2026-10-08 00:10:25,Pikalosi,offen,Miu,7LNFZcNigZay5U9e2sq6n2Z4iM8BC2Dd53L14pwvpump,7589.0,4.44700273543e-07,1.0655,0.213095,14528,795,21.45,0.00,0,0
2026-10-08 00:10:25,Dior,offen,OTC,MukLDtJ8Cx9DxLbeyLRSWPSposTMWuwHANbuaudpump,7914.9,6.68722085374e-05,0.9871,4.625233,474310,18735,25.82,0.00,9,16
2026-10-08 00:10:25,Dior,offen,TripleT,J8PSdNP3QewKq2Z1JJJFDMaqF7KcaiJhR7gbr5KZpump,7043.0,5.86998457239e-05,0.9473,0.378929,362096,22869,18.94,0.00,4,1
2026-10-08 00:10:25,Dior,offen,Kirkslop,8m5hzX9hprtWwPuVZL4daCZfggWYKc6fhSJDDpiqpump,6722.3,6.20134142326e-07,0.9438,0.566295,14354,396,28.14,0.00,0,0
2026-10-08 00:10:25,Dior,offen,COCKROACH,H4KUxsEgCp2yDpFvyDuGM5k6XevSKKrrKUxZ3Zr6nyJc,3561.6,8.34092949613e-06,0.9244,2.033741,81775,3401,18.67,0.00,1,15
2026-10-08 00:10:25,Dior,offen,CAESAR,8cp1WhUDxTbfX8nDe1kAB1ogPUyQvUSKgzFz365LbQyZ,2531.3,2.33603967455e-07,0.1166,0.326473,8083,1518,19.81,0.00,0,3
2026-10-08 00:10:25,Dior,offen,ClapCat,5BjfgmtfqvNpAWx1CnZynoWLWNMnrwHLhTFzQ81vkEc8,716.5,2.28371271736e-06,0.8354,1.002460,29479,868,26.66,0.00,12,5
2026-10-08 00:10:25,Dior,offen,ART,DEQKHY5YVPFiwcVhoUUE5gnkWj66LVPoPgLHAswqpump,648.8,2.66029085276e-07,0.1415,0.475300,7365,1594,23.53,0.00,8,8
2026-10-08 00:10:25,3zsr,offen,Sapijiju,8Fs2YLsayR4awLB79nMM3QCpG3pqvcAGP7hHb8fX4L2G,7414.0,1.31443259853e-07,1.2265,0.245298,4249,361,28.29,0.00,2,0
2026-10-08 00:10:25,3zsr,offen,EZRA,4qTqqkexQCEP2m8UrDWXACHpA8bEkGxpNJrDPMNcfHKQ,2750.7,3.36035412815e-08,1.0172,0.203449,3889,6,7.67,0.00,0,0
2026-10-08 00:10:25,3zsr,offen,ELONMUSK,5QmEgE9rK3aB1SDi7mK7rXPt2QHe7FRT69zbb2X2iSip,2750.5,3.25417741559e-08,0.9488,0.189759,3775,5,12.21,0.00,0,0
2026-10-08 00:10:25,3zsr,offen,HIGCAT,52sQ5kFhaTD6NsfN4oKreHZAwxrxgUo129ZCG3EBsVhv,2750.3,3.1820557474e-08,0.8978,0.179566,3726,6,6.49,0.00,0,0
2026-10-08 00:10:25,3zsr,offen,GIA,4FuWREkDYG1chHxHfgmUv3AN1iLPUi42Er6UboWUJKwU,2750.0,3.27271603271e-08,0.9169,0.183390,3795,10,9.39,0.00,0,0
2026-10-08 00:10:25,3zsr,offen,Sworddog,2QLpYwa5tzMjGBZWCmu9WHEPTNPH65w7xeFHSU1Hpump,2177.6,3.46515842909e-08,0.8747,0.174931,3910,14,12.90,0.00,0,0
2026-10-08 00:10:25,3zsr,offen,TRUMP,AYLh1Bgthdgego4EBAJQZtzXiQ6b1EbrPWES5V1vjhzV,2062.4,3.33964467778e-08,0.5386,0.053864,720,87,20.40,0.00,0,0
2026-10-08 00:10:25,3zsr,offen,RUGRUN,2VFjLcouktUNWRsZVkdiJ57nmRZR8HTJjKzDkZ3mbN8f,2035.1,3.3055079038e-08,0.9650,0.192991,3866,5,6.69,0.00,0,0
2026-10-08 00:10:25,3zsr,offen,HOUS,4pZQCY4HLpeYyJJ48yu7Z49B4G1Z7B1ZH3YdvVfNqKGn,2034.9,4.108836222e-08,0.9969,0.199373,4281,15,15.88,0.00,0,0
2026-10-08 00:10:25,C7bF,offen,Plague,3oTRLDrbymWupBmmUuNzRYTJm4cXpHHsmu5Uz3PF5uU3,920.9,3.12470927272e-08,0.4673,0.093456,3690,8,5.62,0.00,0,0
2026-10-08 00:10:25,C7bF,offen,SPSI,ERvSTRZsoEdM79d9Ajb2KMSnM1uPgamW3BoNgj21teCa,394.5,3.88958577801e-08,1.0442,0.208832,467,6,13.47,0.00,0,0
2026-10-08 00:10:25,77n6,offen,Ecat,5RUrbAftnTBptroKfpiJKyGF5v7aGsX9zYzNjSXjpump,2741.4,3.59767629536e-07,0.6441,0.257621,7453,275,25.42,0.57,0,0
2026-10-08 00:10:25,G7b2,offen,si.gov,7CTRbkV1tVuq1f59pRxT1Pb2W5AHG4gM9FMH4rGzKiXv,5215.4,3.0224456903e-06,1.3209,2.641833,28623,2131,12.94,0.00,0,3
2026-10-08 00:10:25,G7b2,offen,GTA6,4kjruqGHDsSqkMdFfCjV7Vb62HPFhtXyWc2t6JpQzDnz,4213.2,5.03816383335e-06,0.9873,0.789844,13828,10684,15.33,0.00,3,0
2026-10-08 00:10:25,G7b2,offen,SXSI,DQysBW79uHzZAWd2ahVQrf89CuSFqVzuNA3ijHbjVJfG,4204.4,1.59792929822e-06,0.6384,1.021379,23749,1227,28.56,0.00,1,3
2026-10-08 00:10:25,G7b2,offen,SI,DEW9dSN6QpWyNthphCpMmAbZP1Q4cEKR9xQXAri98WDP,4165.2,0.000206418366942,0.9007,2.363703,1662271,54911,16.61,0.00,6,40
2026-10-08 00:10:25,G7b2,offen,PLAGUE,CscZaq5twomhUkvCY8Jdd1tge32L4Yj9FbkFFEZQpump,2188.4,4.50345945091e-06,0.2691,0.807262,92584,6710,17.57,0.00,12,28
2026-10-08 00:10:25,7Cn1,offen,SI,DEW9dSN6QpWyNthphCpMmAbZP1Q4cEKR9xQXAri98WDP,3921.4,0.000206418366942,0.7951,0.427048,1662271,54911,16.61,0.00,6,40
2026-10-08 00:10:25,7Cn1,offen,si.gov,7CTRbkV1tVuq1f59pRxT1Pb2W5AHG4gM9FMH4rGzKiXv,3385.8,3.0224456903e-06,1.1083,1.362784,28623,2131,12.94,0.00,0,3
2026-10-08 00:10:25,7Cn1,offen,DARK,7KEPApdbBMByrmqihz3bht2uMhFQcatjfSFQCKq66kH3,225.9,4.07042569654e-05,1.3182,2.109058,699647,5422,12.82,0.02,68,268
2026-10-08 00:10:25,7Cn1,offen,CRAWL,BXoHJddsWJLHtAopeiSbKUSELsu8hSFMs8baGMDkpump,133.5,3.0747831127e-05,0.9835,0.786761,439316,7533,15.44,0.46,6,30
2026-10-08 00:10:25,7Cn1,offen,SpaceXSI,2GYMvnSv37djKecDshE8bYe2sRypcETeAF8G9h6un4J2,106.7,4.36286118508e-06,1.1354,0.227076,51005,2679,12.42,0.00,6,2
2026-10-08 00:10:25,Croco-AC7K,offen,AnyPS5,CWKbSd7jwMXXexP3pbwLAWMzr4HXAXTvt4R9pk2Vyyyc,184.0,3.97991488e-06,1.0784,0.647056,37554,1811,19.38,0.00,13,54
2026-10-08 00:10:25,HoneyBadger-6kfX,offen,phubber,CBcjQNdtgb4SHwKDqKFxD3yPSk7pEMpKHQiMmZrgpump,1550.0,4.46833847408e-06,1.1345,2.268981,51901,3098,20.38,0.00,4,13
2026-10-08 00:10:25,HoneyBadger-6kfX,offen,pup,7HE2WmPoYE7uaA7DKh25N5cUwEcUoiyjwZU9ZeaQpump,996.3,8.31601873987e-08,0.8121,0.324822,2774,330,23.43,0.00,0,0
2026-10-08 00:10:25,8K7Z,offen,RARI,EFn88CiiFHhihqdr1Y11XBDxbbYarBf1ij92DsrigYwR,1207.7,1.47374452773e-05,1.1131,3.116681,161755,3536,20.59,0.00,7,18
2026-10-08 00:10:25,FKJE,offen,HOOKED,C1mBfBoDkwWfd6uTFZp62ARHLjeVp3bDpCDMfMZtPngE,1971.9,4.78346912004e-05,0.8055,0.483302,761020,11316,20.95,0.00,13,58
2026-10-08 00:10:25,2z7o,offen,desks,desks4HG9uksDrYFsRRdSLqYoXusNyEnGK8PZu9hKMG,22.0,2.14153318883e-07,1.1417,0.228347,9640,189,16.08,0.00,4,13
2026-10-08 00:10:25,54QZ,offen,MARVIN,EEGTUKdfRGdFqRNQZunXracQbgBEGj61GFSsidTEpBEs,713.4,3.60405130541e-08,0.8656,0.173125,628,8,17.78,0.00,0,0
2026-10-08 00:10:25,54QZ,offen,SXSI,6kLQP6SpZWY2281u8oWdKBPnTjgoAA6ZJSXZczt2gkwm,685.7,1.32089148985e-07,1.0545,0.128123,6359,269,20.75,0.00,1,0
2026-10-08 00:10:25,54QZ,offen,GOBLIN,E2itWssNNRVYSTd7U6Q7y5XVRVJM4eAxG7TGSv5epump,573.4,3.42801083643e-07,0.8802,0.812934,10589,590,23.01,0.00,2,1
2026-10-08 00:10:25,54QZ,offen,ZNEURO,3W25WcwSHckSbRFKUYePfpymN5npELnNUEQGHzC7pump,193.9,7.14515582407e-08,0.6971,0.269637,2081,71,33.34,0.00,1,3
2026-10-08 00:10:25,Loopierr,schatten,CatCollector,5AgD5tmarU5kgbqHqCgDEMcAHAQAm8muV67xkKs9urps,8041.4,3.62540545914e-08,0.1077,0.021544,141,35,4.00,0.00,0,0
2026-10-08 00:10:25,Loopierr,schatten,SGI,36yTNhb9rfogt4mWxFiTnBeeT9bNXrVdKymAJ3jbvTzM,7890.4,3.00370084718e-08,0.1882,0.037633,3679,6,0.36,0.00,0,0
2026-10-08 00:10:25,6ANG,schatten,ANTHROPIG,25DeVAVF86uAd2wcFewp7F1s6gjZei88Mj4xBzg3AP94,8602.5,1.10485759897e-07,0.4506,0.090113,5144,67,31.14,0.00,0,0
2026-10-08 00:10:25,HEBO,schatten,SI,4qCW74oX82oTeypDzFYYYZ6eJ6yPQVFeX196YpHszJFY,4723.7,2.19996914799e-08,0.4364,0.087277,2327,56,10.82,0.00,0,0
2026-10-08 00:10:25,HEBO,schatten,INCOME,E7mRvAbgZdA6dF7cgXZevkbjd9Yfy5q11XEFnWZfpump,4452.4,6.0863025974e-08,0.9720,0.194401,2265,1266,15.11,0.00,0,0
2026-10-08 00:10:25,HEBO,schatten,GPH,BtmRMRazMTY2KqpbZkdFGrGJSm8rwLG744DV8Webpump,3414.0,5.65744654945e-08,0.8018,0.160351,1719,68,26.13,0.00,0,1
2026-10-08 00:10:25,HEBO,schatten,pup,7HE2WmPoYE7uaA7DKh25N5cUwEcUoiyjwZU9ZeaQpump,3413.5,8.31601873987e-08,0.7620,0.152403,2774,330,23.43,0.00,0,0
2026-10-08 00:10:25,HEBO,schatten,ACTII,41QF43mQKs1Qm51xK7uQWjxRA9oZ6S5mBVYveR4wLfzx,540.9,4.71593161066e-08,0.7896,0.157921,1301,69,24.40,0.00,0,0
2026-10-08 00:10:25,HEBO,schatten,TITS,DPVNMLe7zXsrg8Y9rMyPmxBG31qqo3v9FyWChbKQpump,538.8,9.66999437219e-08,2.0422,0.326758,2947,47,27.67,0.00,0,0
2026-10-08 00:10:25,HEBO,schatten,TITS,C21p56TNF1Ec8BmyMkmLnwX56G3TzgYvzqMMVUPL7Fcm,536.0,2.70425630595e-08,0.6904,0.138086,586,118,14.15,0.00,0,0
2026-10-08 00:10:25,Troupe,schatten,CLAUSE,EWKyN7QHfJo41ikKqpo8R5gwEvryytKo9Vf7NF39U1GC,3099.1,1.83948859082e-08,0.0532,0.010641,2085,24,2.31,0.00,0,1
2026-10-08 00:10:25,4DOV,schatten,TRADE,Euz6EjyubNjJmCkahGEfCXmnCwNVLunxc1LZWsmV3wKf,1611.3,3.02193554442e-08,0.0225,0.004503,767,196,16.45,0.00,0,0
2026-10-08 00:10:25,Cooker,schatten,X7,CdhZy8wrRxNxoV8HtoByXKN7mvS46avtuZ1b39tKfx7,8704.4,3.14210316878e-06,0.3104,0.062084,55907,1756,22.04,0.00,0,3
2026-10-08 00:10:25,Cooker,schatten,9e9,HZ4qZQJ7yf6WR1D24GLRLJ3cKUfgtJEF3B7SdLMLvCPZ,7434.9,3.20234568043e-08,0.0372,0.014886,981,254,13.94,0.00,0,0
2026-10-08 00:10:25,Gake,schatten,MINEPAD,2EUKLvNQ63YCmjSDyJ14Tzj7ASeHGXgseYWrKAa2mine,9584.0,1.08580870381e-06,0.6402,0.108833,20620,782,23.43,0.00,0,0
2026-10-08 00:10:25,Gake,schatten,TERRA,JD3d8mxEJ91LHZSuwVLquFAKdo5PbEeLCUevjjDsPdRe,8301.5,8.57257140202e-08,0.0630,0.012606,2616,116,29.83,0.00,0,0
2026-10-08 00:10:25,Gake,schatten,SHITCOIN,4BxBot4K36N3ZZkpB9sqEocy5iBi8cUttK6s8YbHH9Jo,6793.6,7.21687679114e-08,0.0767,0.015342,2218,114,37.13,0.00,0,0
2026-10-08 00:10:25,Gake,schatten,FROGE,6R1F4sNySF4NKGdhW3UhESWuYYRu4Cehk5rn3mGP375R,6782.9,5.63881796716e-08,0.0531,0.010625,1953,344,24.79,0.00,0,0
2026-10-08 00:10:25,Gake,schatten,GENESIS,CSEd3Pi5WZL7w5vmwNjDVXv8poAqSv2Dn1as1erUpump,4136.9,6.88899819873e-08,0.0142,0.002850,2607,784,21.11,0.10,0,0
2026-10-08 00:10:25,Gake,schatten,OATH,2RSsw9tntE1RmoiPnNFiu93EzQu2eLnCAzvZiqMSoatH,4120.8,2.89240895717e-07,0.2595,0.051910,8255,263,24.93,0.00,2,0
2026-10-08 00:10:25,Gake,schatten,IMAGINE,EpFTb2XcGiMyGLykZ9VYmyPWz2AHEwAggqSbwJpypump,3748.7,2.00297244426e-06,0.7495,0.149894,25099,803,37.75,9.37,0,2
2026-10-08 00:10:25,Dior,schatten,CAESAR,8cp1WhUDxTbfX8nDe1kAB1ogPUyQvUSKgzFz365LbQyZ,2553.2,2.33603967455e-07,0.1012,0.020231,8083,1518,19.81,0.00,0,3
2026-10-08 00:10:25,Dior,schatten,ClapCat,5BjfgmtfqvNpAWx1CnZynoWLWNMnrwHLhTFzQ81vkEc8,724.3,2.28371271736e-06,0.6509,0.130188,29479,868,26.66,0.00,12,5
2026-10-08 00:10:25,koko,schatten,MAJOR,7AUzu756Pp3Cg3NByuKfcRSAFFt31kjC6U6R1npkiA1Q,5953.5,2.12500215401e-07,4.6520,0.930395,5311,170,29.68,0.00,0,1
2026-10-08 00:10:25,77n6,schatten,Ecat,5RUrbAftnTBptroKfpiJKyGF5v7aGsX9zYzNjSXjpump,2782.1,3.59767629536e-07,0.6645,0.132893,7453,275,25.42,0.57,0,0
2026-10-08 00:11:25,Loopierr,offen,GARP,FKPdKiZBYMU2MwHXKjyhgV6ozSh2APzvvr3ZBwFCfSHo,10815.1,2.52555551419e-08,0.0397,0.007936,523,145,7.95,0.00,0,0
2026-10-08 00:11:25,6ANG,offen,OpenSI,5ptkVdbpaPpEJPPVXE5CpJNCXEmAidyot5TQcDDawMzm,10542.7,3.79376557616e-07,0.9207,0.708318,10022,1192,22.36,0.00,0,0
2026-10-08 00:11:25,6ANG,offen,ANT,BTZK1B3pCoBDD1vy5e4bDBM4bwvvhkKUMTuKABkGWwGp,8603.8,3.39209057041e-07,0.8795,0.527708,9385,93,27.37,0.00,0,0
2026-10-08 00:11:25,6ANG,offen,ANTHROPIG,25DeVAVF86uAd2wcFewp7F1s6gjZei88Mj4xBzg3AP94,8603.5,1.10485759897e-07,0.4532,0.181274,5144,67,31.14,0.00,0,0
2026-10-08 00:11:25,6ANG,offen,STAR,StargWr5r6r8gZSjmEKGZ1dmvKWkj79r2z1xqjFstar,317.0,1.88485780271e-05,0.8480,0.169603,98572,899,54.00,0.00,0,0
2026-10-08 00:11:25,9LXM,offen,SGI,FcZcFjfNPJR9rycZS1FwkiEgQTW7ZWRjdSaBdJ6M9ha6,10397.7,6.24124611716e-08,0.0410,0.016390,4250,328,21.84,0.00,0,0
2026-10-08 00:11:25,HEBO,offen,SGI,FcZcFjfNPJR9rycZS1FwkiEgQTW7ZWRjdSaBdJ6M9ha6,10835.7,6.24124611716e-08,0.0527,0.060400,4250,328,21.84,0.00,0,0
2026-10-08 00:11:25,HEBO,offen,goon,HSUMi4rMgjrx7zRUabw3ogGu1pa5hmF2eVcXj9Apump,10629.7,6.50182293441e-07,0.7961,0.573619,16655,2875,18.35,0.00,2,4
2026-10-08 00:11:25,HEBO,offen,Tico,35ccP7zmf4THJsDn3UtozYcWm1U8nzhyHcTgK3ETpump,10564.5,3.35230555994e-08,0.5605,0.112105,3890,29,7.17,0.00,0,0
2026-10-08 00:11:25,HEBO,offen,SGI,Cb2pMbsRRvaeZoxpRqnTP6k6hLziSUf5pnqW9Jx5T3Wz,7976.1,1.50158051155e-07,0.3980,0.557224,7178,437,25.19,0.00,0,0
2026-10-08 00:11:25,HEBO,offen,ArmyX,F7y94q8QvGKNCrGt6E5pgQ7ABBkQK4QkqEBGs9Y5ZFFk,7951.6,3.41475964393e-08,0.1275,0.101961,3267,61,15.77,0.00,0,0
2026-10-08 00:11:25,HEBO,offen,ZUCKS,2eBJvNnn7guSjX1yuE7seuDY9pveDiHkfoyeBh2WZroS,7686.0,2.18785876303e-08,0.3346,0.048180,2368,30,7.97,0.00,0,0
2026-10-08 00:11:25,HEBO,offen,TRUMPTV,34w4t74EsbJyBBSyYBFyNo65Ft7Ax8BF3HrubL1mwbpL,7591.1,2.0188717939e-08,0.1548,0.030955,2246,92,5.45,0.00,0,0
2026-10-08 00:11:25,HEBO,offen,pill,DvdmEnztCmXwBnAbedD48XVGZJSxq31zNvnyftXdpump,6527.2,1.26999096575e-05,0.7251,1.885137,220954,5500,20.83,0.00,5,5
2026-10-08 00:11:25,HEBO,offen,PUMPCAT,G4vqe8KAcRGTb7Kc55n9sz43aR4ugTPdSeUnAXZhpump,6526.8,3.08068410573e-06,1.4605,0.292091,48823,1411,24.54,0.00,0,1
2026-10-08 00:11:25,HEBO,offen,CUPTOBER,EKgswaMnRSJHmyFZCbxscTAjiR2bH1oLXsftepUGsPtz,6363.7,4.8601275731e-08,0.5908,0.236327,5206,26,12.93,0.00,0,0
2026-10-08 00:11:25,HEBO,offen,Scronkfinkle,DaUFkgZjwJCsM9QDWCsxtZS2omgHS3Fn9GHgTX5wwpcX,5101.5,3.87052757609e-08,0.3808,0.228478,1035,98,19.39,0.00,0,0
2026-10-08 00:11:25,HEBO,offen,Eagle,E3pWKtfQk6LLZpRWVTjJwrMY4vFa9umLYDPxWJtZSTNK,5077.9,2.60446039977e-08,0.1376,0.124650,2748,75,12.69,0.00,0,0
2026-10-08 00:11:25,HEBO,offen,Inu,83LFceyzRNNRUThm4VzHx4jmVuf6xAggSp2UvhQx52Dy,4724.8,2.51013120094e-08,0.1446,0.028922,2522,118,11.76,0.00,0,0
2026-10-08 00:11:25,HEBO,offen,Caviar,F7ktJWjMtubD8zwv5xMb35g5hPTvGQSDMS8UGcwXpump,4457.2,1.02783691639e-07,0.6554,0.262167,3083,84,29.59,0.00,0,0
2026-10-08 00:11:25,HEBO,offen,TIT,3KM7dvpUk2Wm8qdXtZpBJHgic4bAaz1MTDHvUEjKpump,4431.8,2.25200378292e-07,0.5287,0.422931,6374,131,26.81,0.00,0,0
2026-10-08 00:11:25,HEBO,offen,MIM,6bJtwhtvzkthAYszQ3ZWkFJzSvbGSkbAz9yPcSiXaGK6,4431.2,1.44815627493e-07,1.1451,0.229026,4719,188,26.51,0.00,0,0
2026-10-08 00:11:25,HEBO,offen,Taste,93FWFR63nwQcq5zuXNmTits5BYcKFjmUZzccMvhmpump,4430.9,1.20790191542e-07,1.3457,0.538292,9853,38,23.38,0.00,0,0
2026-10-08 00:11:25,HEBO,offen,GPH,H1hFymzkRE7CAdxEuBWYknvsTCgoDXAqPKFU94iPpump,4425.1,4.57989228939e-08,0.8667,0.173344,867,69,10.72,0.00,0,0
2026-10-08 00:11:25,HEBO,offen,TIT,Ar3QBegnCQr6ZFyN9h637ar9JCxZRvdboiR1QzMrpump,3419.0,1.01973908589e-07,0.3068,0.429510,3168,273,36.22,0.00,0,0
2026-10-08 00:11:25,HEBO,offen,AVERY,8QFGVLXehnTv28eMdXZkhY5d84SVF58LAfRGx8zWpH9b,3355.8,3.46914054578e-08,0.1937,0.038734,3097,227,19.30,0.00,0,0
2026-10-08 00:11:25,HEBO,offen,APU,HoCeDUrd5BqfYmaRk2eiUpzshEvpwfYpgrJ4YKFCpump,2154.6,1.14299274473e-07,0.6385,0.127698,4067,257,25.32,0.00,0,0
2026-10-08 00:11:25,HEBO,offen,APU,E7eCZS2cq655qJ7uVx3dSHR2zK31kwNQsWS6P6Hpump,2154.4,1.58891147909e-06,2.4831,1.986508,18413,452,26.13,0.00,5,5
2026-10-08 00:11:25,HEBO,offen,COCKROACH,H4KUxsEgCp2yDpFvyDuGM5k6XevSKKrrKUxZ3Zr6nyJc,2149.7,8.34092949613e-06,1.2319,2.217447,81666,3401,18.67,0.00,1,15
2026-10-08 00:11:25,HEBO,offen,MDOG,F5zC2QoP6j2erxNyf4z6iNCi6X6AkburMC2Xofhxpump,1928.9,7.85729288524e-08,0.9213,0.184265,3252,1646,17.78,0.00,0,0
2026-10-08 00:11:25,HEBO,offen,SI,8ALHRuN5q4MHRaKPdiXi7cHyVWicZVwQx2TBTCH8GZ4h,1684.3,1.03645583324e-07,0.9787,0.195744,3141,56,22.59,0.00,0,0
2026-10-08 00:11:25,HEBO,offen,PHASEONE,GfawjB4Fxz389kECjrrnsdS8MKb9hMgALonJddGQasHL,550.1,3.56392162275e-08,0.6062,0.121235,905,90,20.69,0.00,0,0
2026-10-08 00:11:25,HEBO,offen,TITS,GLsHzxjtktCKzAA8LEEfXJ5UF2Jdsj161e5Duh3tkzga,536.9,5.26726948352e-08,0.9699,0.193980,1828,521,23.03,0.00,0,0
2026-10-08 00:11:25,HEBO,offen,AI,4AvWfTKcEFqwRjxBnoyWRY7wF7UV9cqH3492UFKHpump,513.1,4.08893733997e-08,0.5936,0.118729,1198,67,16.73,0.00,0,0
2026-10-08 00:11:25,HEBO,offen,INSTADOCS,AMj8gG4mXckBoaT5mGQDwriKUqJtEApNg2CuXw6Ypump,512.9,5.26460065227e-08,1.0979,0.219580,1588,23,19.72,0.00,0,0
2026-10-08 00:11:25,Troupe,offen,PUMP,pumpCmXqMfrsAkQ5r49WcJnRayYRqmXz6ae8H7H9Dfn,8754.3,5.38352763611e-05,1.1104,0.010040,43507173,315310,59.33,0.00,77,283
2026-10-08 00:11:25,Troupe,offen,homo,42AtRP5d3ySBj9iveMYeD23kkmN3HEZFwUzs1YKvkPA9,7101.7,2.14585508451e-08,0.0577,0.010116,256,145,3.18,0.00,0,0
2026-10-08 00:11:25,Troupe,offen,PUMPE,9fJAWKQpkY93hfuZxrHfh5wEh2AV9vjkWNQfzfbziHd2,6974.9,7.02082615701e-06,0.2541,0.304887,51855,2293,18.17,0.80,0,2
2026-10-08 00:11:25,Troupe,offen,HOLD,6REnZgtxhwdSAHczAp4J5PRsGQYQt7T3x4kEDyfs9U7y,6932.0,2.89066327486e-08,0.0166,0.003328,775,479,9.51,0.00,0,0
2026-10-08 00:11:25,Troupe,offen,THICC,3QEbHMK6ceYevtaCdLmBQMJgcPb9PJQpgyFBP6f6x6Rg,4276.5,1.33337723687e-08,0.0620,0.012401,1486,8,4.02,0.00,0,0
2026-10-08 00:11:25,Troupe,offen,CLAUSE,EWKyN7QHfJo41ikKqpo8R5gwEvryytKo9Vf7NF39U1GC,3100.2,1.83948859082e-08,0.0755,0.015106,2085,24,2.31,0.00,0,1
2026-10-08 00:11:25,Troupe,offen,TESTla,TESZBZpTRGUDriZQg72kYre1Vozyp2de7Z6o5JUtdRA,1447.1,0,0.0000,0.000000,6,40,3.55,0.04,0,2
2026-10-08 00:11:25,4DOV,offen,BOT,Aaan4fxwhKtUUPg2GSKq6natLV9oj9QQNf5xT4UE2gXr,8401.2,3.12411955057e-08,0.0367,0.007335,858,318,15.16,0.00,0,0
2026-10-08 00:11:25,4DOV,offen,PUDU,8HQgEcbhR5Xoh735zvndAocCLd7wdAYJfWHV55J8pump,6952.3,2.75772930831e-08,0.0131,0.005233,608,423,12.75,0.00,0,0
2026-10-08 00:11:25,4DOV,offen,Aiden,9dSMwFfPezQ8WPcW1uZV7ns4rcviEj2LssSAg75WBLXd,5513.1,4.84713647e-07,0.0345,0.015505,12410,3150,17.06,0.00,4,1
2026-10-08 00:11:25,4DOV,offen,SPLICE,7bC8ugu1ZJn21MhA4ht483nX8brLNesa8R7XLimpFyhq,4756.7,7.61658897962e-07,0.0482,0.028892,17047,2702,23.24,0.03,8,2
2026-10-08 00:11:25,4DOV,offen,Ash,4jxyespUyvDxg1cN1NMCWErHGGyPrBdEzPiDobLBmttL,4439.0,4.01111295415e-08,0.1002,0.020043,1049,21,2.44,0.00,0,0
2026-10-08 00:11:25,4DOV,offen,www,GAwhcphCqCv5bKHmCiN4VDdNWfbXJL4npmkc8L3Q9S9H,4288.3,1.22275536126e-06,0.1170,0.046807,33376,6450,18.23,0.00,2,2
2026-10-08 00:11:25,4DOV,offen,ACTII,DYjM6f2R34Qp4jPE73HsdEVZwwcQFCsokpNYCqBUpump,4216.1,2.27741202049e-07,0.0431,0.012923,6396,1100,26.91,0.00,0,1
2026-10-08 00:11:25,4DOV,offen,BANANA,G7JkKqGb69cCWC2XkDXc8LG8qbifTkCKpsAcr6kApump,4100.0,3.25507823651e-08,0.0312,0.006232,825,192,18.37,0.00,0,0
2026-10-08 00:11:25,4DOV,offen,JITI,6YuVyHbjdwxiH1CLCSusP9yjXmsVvQfcTbSSPcFuXDew,3538.9,4.97331441953e-08,0.0422,0.008431,2028,803,19.87,0.00,0,0
2026-10-08 00:11:25,4DOV,offen,QINU,4unydQjvYdqR31pkuBYGu2nGst8r8j5XMW8KXRXtpump,3302.5,3.08289224104e-08,0.0185,0.007406,907,530,11.24,1.06,0,1
2026-10-08 00:11:25,4DOV,offen,NOLLA,CXw5hY3BMi87DTa99ekZgwxuvu7pQ2FUQVecs3SvJLD9,3122.7,2.95689537625e-08,0.0265,0.005291,726,326,15.30,0.00,0,0
2026-10-08 00:11:25,4DOV,offen,TRANNIE,BvLqum9qd4TWQ1c9WPmLYMvxxzoXUjsFycVffvjyq16,3041.8,2.64111052725e-08,0.1129,0.022575,482,118,12.72,0.00,0,0
2026-10-08 00:11:25,4DOV,offen,OTC,MukLDtJ8Cx9DxLbeyLRSWPSposTMWuwHANbuaudpump,2589.2,6.70578060144e-05,0.6291,0.014463,474877,18737,25.82,0.00,11,13
2026-10-08 00:11:25,4DOV,offen,TRADE,Euz6EjyubNjJmCkahGEfCXmnCwNVLunxc1LZWsmV3wKf,1612.5,3.02193554442e-08,0.0242,0.009669,767,196,16.45,0.00,0,0
2026-10-08 00:11:25,4DOV,offen,AUTON,39ahtL8ynzE4amH26J29C93PA5172V3ft9UuUcqQS8fz,1273.2,2.24185134415e-05,0.4503,0.360205,367616,6726,14.58,0.00,11,24
2026-10-08 00:11:25,4DOV,offen,Human,8nPoBHiBM6pybxMws9PA2JRb9BjkppBfqcZGmot4DMBC,441.3,2.70652559979e-06,0.6366,0.008677,45674,5774,23.47,0.00,3,19
2026-10-08 00:11:25,4DOV,offen,HSM,2856wfnQ27LH23yKeFHJ4XQpQ2bsw4sen8RqyW5Wpump,298.2,1.43329230197e-07,0.3156,0.126236,4535,772,19.92,0.00,3,3
2026-10-08 00:11:25,4DOV,offen,FRENS,41MjNbWHZeFmxwMHPwTfsJP3aPbvsvR5tsgnmhNKpump,10.3,1.10672574556e-06,0.8179,0.163574,14761,652,19.96,0.00,102,314
2026-10-08 00:11:25,Cooker,offen,SI,DEW9dSN6QpWyNthphCpMmAbZP1Q4cEKR9xQXAri98WDP,8926.2,0.000206772767949,0.6092,0.365533,1662821,54907,16.61,0.00,9,43
2026-10-08 00:11:25,Cooker,offen,HOOKED,C1mBfBoDkwWfd6uTFZp62ARHLjeVp3bDpCDMfMZtPngE,7472.5,4.82743875494e-05,0.4419,2.032759,761736,11319,20.95,0.00,13,56
2026-10-08 00:11:25,Gake,offen,CURVE,7ioeSgzfSKHMnpgfPpgRFsekMBGiu9oi6t6GeqYtNbbh,9615.1,1.63902828137e-06,0.4737,0.094746,107239,1085,15.61,0.06,0,0
2026-10-08 00:11:25,Gake,offen,SDOG,yFcTuQJCMsd1Asya15GZ7h4KGdxsujRLcUiTWWXpump,9428.4,3.70587002183e-07,0.0497,0.009931,10016,1645,19.45,0.00,2,2
2026-10-08 00:11:25,Gake,offen,OP,5PiBn5JdjJDnRGziiSfsu2affgBR3DyTTCR3CHpcode,9365.8,1.66822553143e-07,0.0459,0.009188,7193,1387,22.64,0.00,0,0
2026-10-08 00:11:25,Gake,offen,PURPS,purpFPo5voy6fEu8jxSCwVdMs1zyYEYAH6FBQvTYCZK,7083.5,2.34435323557e-06,0.8225,0.164491,30601,2252,33.91,0.00,0,1
2026-10-08 00:11:25,Pikalosi,offen,Miu,7LNFZcNigZay5U9e2sq6n2Z4iM8BC2Dd53L14pwvpump,7590.0,4.44700273543e-07,1.0655,0.213095,14528,795,21.45,0.00,0,0
2026-10-08 00:11:25,Dior,offen,OTC,MukLDtJ8Cx9DxLbeyLRSWPSposTMWuwHANbuaudpump,7915.9,6.70578060144e-05,0.9899,4.638070,474877,18737,25.82,0.00,11,13
2026-10-08 00:11:25,Dior,offen,TripleT,J8PSdNP3QewKq2Z1JJJFDMaqF7KcaiJhR7gbr5KZpump,7044.0,5.86998457239e-05,0.9473,0.378929,362096,22869,18.94,0.00,4,1
2026-10-08 00:11:25,Dior,offen,Kirkslop,8m5hzX9hprtWwPuVZL4daCZfggWYKc6fhSJDDpiqpump,6723.3,6.20134142326e-07,0.9438,0.566295,14354,396,28.14,0.00,0,0
2026-10-08 00:11:25,Dior,offen,COCKROACH,H4KUxsEgCp2yDpFvyDuGM5k6XevSKKrrKUxZ3Zr6nyJc,3562.6,8.34092949613e-06,0.9244,2.033741,81666,3401,18.67,0.00,1,15
2026-10-08 00:11:25,Dior,offen,CAESAR,8cp1WhUDxTbfX8nDe1kAB1ogPUyQvUSKgzFz365LbQyZ,2532.3,2.29127765014e-07,0.1144,0.320217,7943,1515,19.81,0.00,0,5
2026-10-08 00:11:25,Dior,offen,ClapCat,5BjfgmtfqvNpAWx1CnZynoWLWNMnrwHLhTFzQ81vkEc8,717.5,2.31241840864e-06,0.8459,1.015061,29488,868,26.66,0.00,0,0
2026-10-08 00:11:25,Dior,offen,ART,DEQKHY5YVPFiwcVhoUUE5gnkWj66LVPoPgLHAswqpump,649.8,2.66029085276e-07,0.1415,0.475300,7358,1594,23.53,0.00,7,6
2026-10-08 00:11:25,3zsr,offen,Sapijiju,8Fs2YLsayR4awLB79nMM3QCpG3pqvcAGP7hHb8fX4L2G,7415.0,1.31443259853e-07,1.2265,0.245298,4249,361,28.29,0.00,2,0
2026-10-08 00:11:25,3zsr,offen,EZRA,4qTqqkexQCEP2m8UrDWXACHpA8bEkGxpNJrDPMNcfHKQ,2751.7,3.36035412815e-08,1.0172,0.203449,3889,6,7.67,0.00,0,0
2026-10-08 00:11:25,3zsr,offen,ELONMUSK,5QmEgE9rK3aB1SDi7mK7rXPt2QHe7FRT69zbb2X2iSip,2751.5,3.25417741559e-08,0.9488,0.189759,3775,5,12.21,0.00,0,0
2026-10-08 00:11:25,3zsr,offen,HIGCAT,52sQ5kFhaTD6NsfN4oKreHZAwxrxgUo129ZCG3EBsVhv,2751.3,3.1820557474e-08,0.8978,0.179566,3726,6,6.49,0.00,0,0
2026-10-08 00:11:25,3zsr,offen,GIA,4FuWREkDYG1chHxHfgmUv3AN1iLPUi42Er6UboWUJKwU,2751.0,3.27271603271e-08,0.9169,0.183390,3795,10,9.39,0.00,0,0
2026-10-08 00:11:25,3zsr,offen,Sworddog,2QLpYwa5tzMjGBZWCmu9WHEPTNPH65w7xeFHSU1Hpump,2178.6,3.46515842909e-08,0.8747,0.174931,3910,14,12.90,0.00,0,0
2026-10-08 00:11:25,3zsr,offen,TRUMP,AYLh1Bgthdgego4EBAJQZtzXiQ6b1EbrPWES5V1vjhzV,2063.4,3.33964467778e-08,0.5386,0.053864,720,87,20.40,0.00,0,0
2026-10-08 00:11:25,3zsr,offen,RUGRUN,2VFjLcouktUNWRsZVkdiJ57nmRZR8HTJjKzDkZ3mbN8f,2036.1,3.3055079038e-08,0.9650,0.192991,3866,5,6.69,0.00,0,0
2026-10-08 00:11:25,3zsr,offen,HOUS,4pZQCY4HLpeYyJJ48yu7Z49B4G1Z7B1ZH3YdvVfNqKGn,2035.9,4.108836222e-08,0.9969,0.199373,4281,15,15.88,0.00,0,0
2026-10-08 00:11:25,C7bF,offen,Plague,3oTRLDrbymWupBmmUuNzRYTJm4cXpHHsmu5Uz3PF5uU3,921.9,3.12470927272e-08,0.4673,0.093456,3690,8,5.62,0.00,0,0
2026-10-08 00:11:25,C7bF,offen,SPSI,ERvSTRZsoEdM79d9Ajb2KMSnM1uPgamW3BoNgj21teCa,395.5,3.88958577801e-08,1.0442,0.208832,467,6,13.47,0.00,0,0
2026-10-08 00:11:25,77n6,offen,Ecat,5RUrbAftnTBptroKfpiJKyGF5v7aGsX9zYzNjSXjpump,2742.4,3.59767629536e-07,0.6441,0.257621,7453,275,25.42,0.57,0,0
2026-10-08 00:11:25,G7b2,offen,si.gov,7CTRbkV1tVuq1f59pRxT1Pb2W5AHG4gM9FMH4rGzKiXv,5216.4,3.0224456903e-06,1.3209,2.641833,28623,2131,12.94,0.00,0,3
2026-10-08 00:11:25,G7b2,offen,GTA6,4kjruqGHDsSqkMdFfCjV7Vb62HPFhtXyWc2t6JpQzDnz,4214.2,5.03816383335e-06,0.9873,0.789844,13828,10684,15.33,0.00,3,0
2026-10-08 00:11:25,G7b2,offen,SXSI,DQysBW79uHzZAWd2ahVQrf89CuSFqVzuNA3ijHbjVJfG,4205.5,1.59792929822e-06,0.6384,1.021379,23749,1227,28.56,0.00,1,0
2026-10-08 00:11:25,G7b2,offen,SI,DEW9dSN6QpWyNthphCpMmAbZP1Q4cEKR9xQXAri98WDP,4166.3,0.000206772767949,0.9022,2.367761,1662821,54907,16.61,0.00,9,43
2026-10-08 00:11:25,G7b2,offen,PLAGUE,CscZaq5twomhUkvCY8Jdd1tge32L4Yj9FbkFFEZQpump,2189.4,4.50345945091e-06,0.2691,0.807262,92579,6709,17.57,0.00,11,24
2026-10-08 00:11:25,7Cn1,offen,SI,DEW9dSN6QpWyNthphCpMmAbZP1Q4cEKR9xQXAri98WDP,3922.4,0.000206772767949,0.7965,0.427781,1662821,54907,16.61,0.00,9,43
2026-10-08 00:11:25,7Cn1,offen,si.gov,7CTRbkV1tVuq1f59pRxT1Pb2W5AHG4gM9FMH4rGzKiXv,3386.8,3.0224456903e-06,1.1083,1.362784,28623,2131,12.94,0.00,0,3
2026-10-08 00:11:25,7Cn1,offen,DARK,7KEPApdbBMByrmqihz3bht2uMhFQcatjfSFQCKq66kH3,227.0,4.04733169245e-05,1.3107,2.097092,694668,5424,12.52,0.02,61,235
2026-10-08 00:11:25,7Cn1,offen,CRAWL,BXoHJddsWJLHtAopeiSbKUSELsu8hSFMs8baGMDkpump,134.5,3.06057229891e-05,0.9789,0.783125,439025,7534,15.44,0.46,7,22
2026-10-08 00:11:25,7Cn1,offen,SpaceXSI,2GYMvnSv37djKecDshE8bYe2sRypcETeAF8G9h6un4J2,107.7,4.18694343731e-06,1.0896,0.217920,50706,2679,12.42,0.00,5,3
2026-10-08 00:11:25,Croco-AC7K,offen,AnyPS5,CWKbSd7jwMXXexP3pbwLAWMzr4HXAXTvt4R9pk2Vyyyc,185.0,4.018769507e-06,1.0890,0.653373,37499,1811,19.38,0.00,14,55
2026-10-08 00:11:25,HoneyBadger-6kfX,offen,phubber,CBcjQNdtgb4SHwKDqKFxD3yPSk7pEMpKHQiMmZrgpump,1551.1,4.41466028356e-06,1.1209,2.241724,51907,3098,20.38,0.00,4,13
2026-10-08 00:11:25,HoneyBadger-6kfX,offen,pup,7HE2WmPoYE7uaA7DKh25N5cUwEcUoiyjwZU9ZeaQpump,997.3,8.31601873987e-08,0.8121,0.324822,2774,330,23.43,0.00,0,0
2026-10-08 00:11:25,8K7Z,offen,RARI,EFn88CiiFHhihqdr1Y11XBDxbbYarBf1ij92DsrigYwR,1208.7,1.45006105476e-05,1.0952,3.066595,161913,3535,20.59,0.00,7,19
2026-10-08 00:11:25,FKJE,offen,HOOKED,C1mBfBoDkwWfd6uTFZp62ARHLjeVp3bDpCDMfMZtPngE,1972.9,4.82743875494e-05,0.8129,0.487745,761736,11319,20.95,0.00,13,56
2026-10-08 00:11:25,2z7o,offen,desks,desks4HG9uksDrYFsRRdSLqYoXusNyEnGK8PZu9hKMG,23.1,2.16009461662e-07,1.1516,0.230326,9720,191,16.08,0.00,6,10
2026-10-08 00:11:25,54QZ,offen,MARVIN,EEGTUKdfRGdFqRNQZunXracQbgBEGj61GFSsidTEpBEs,714.4,3.60405130541e-08,0.8656,0.173125,628,8,17.78,0.00,0,0
2026-10-08 00:11:25,54QZ,offen,SXSI,6kLQP6SpZWY2281u8oWdKBPnTjgoAA6ZJSXZczt2gkwm,686.7,1.32089148985e-07,1.0545,0.128123,6359,269,20.75,0.00,1,0
2026-10-08 00:11:25,54QZ,offen,GOBLIN,E2itWssNNRVYSTd7U6Q7y5XVRVJM4eAxG7TGSv5epump,574.4,3.42801083643e-07,0.8802,0.812934,10589,590,23.01,0.00,2,1
2026-10-08 00:11:25,54QZ,offen,ZNEURO,3W25WcwSHckSbRFKUYePfpymN5npELnNUEQGHzC7pump,194.9,7.14515582407e-08,0.6971,0.269637,2081,71,33.34,0.00,1,3
2026-10-08 00:11:25,Loopierr,schatten,CatCollector,5AgD5tmarU5kgbqHqCgDEMcAHAQAm8muV67xkKs9urps,8042.4,3.62540545914e-08,0.1077,0.021544,141,35,4.00,0.00,0,0
2026-10-08 00:11:25,Loopierr,schatten,SGI,36yTNhb9rfogt4mWxFiTnBeeT9bNXrVdKymAJ3jbvTzM,7891.4,3.00370084718e-08,0.1882,0.037633,3679,6,0.36,0.00,0,0
2026-10-08 00:11:25,6ANG,schatten,ANTHROPIG,25DeVAVF86uAd2wcFewp7F1s6gjZei88Mj4xBzg3AP94,8603.6,1.10485759897e-07,0.4506,0.090113,5144,67,31.14,0.00,0,0
2026-10-08 00:11:25,HEBO,schatten,SI,4qCW74oX82oTeypDzFYYYZ6eJ6yPQVFeX196YpHszJFY,4724.7,2.19996914799e-08,0.4364,0.087277,2327,56,10.82,0.00,0,0
2026-10-08 00:11:25,HEBO,schatten,INCOME,E7mRvAbgZdA6dF7cgXZevkbjd9Yfy5q11XEFnWZfpump,4453.4,6.0863025974e-08,0.9720,0.194401,2265,1266,15.11,0.00,0,0
2026-10-08 00:11:25,HEBO,schatten,GPH,BtmRMRazMTY2KqpbZkdFGrGJSm8rwLG744DV8Webpump,3415.0,5.65744654945e-08,0.8018,0.160351,1719,68,26.13,0.00,0,0
2026-10-08 00:11:25,HEBO,schatten,pup,7HE2WmPoYE7uaA7DKh25N5cUwEcUoiyjwZU9ZeaQpump,3414.5,8.31601873987e-08,0.7620,0.152403,2774,330,23.43,0.00,0,0
2026-10-08 00:11:25,HEBO,schatten,ACTII,41QF43mQKs1Qm51xK7uQWjxRA9oZ6S5mBVYveR4wLfzx,541.9,4.71593161066e-08,0.7896,0.157921,1301,69,24.40,0.00,0,0
2026-10-08 00:11:25,HEBO,schatten,TITS,DPVNMLe7zXsrg8Y9rMyPmxBG31qqo3v9FyWChbKQpump,539.8,9.66999437219e-08,2.0422,0.326758,2947,47,27.67,0.00,0,0
2026-10-08 00:11:25,HEBO,schatten,TITS,C21p56TNF1Ec8BmyMkmLnwX56G3TzgYvzqMMVUPL7Fcm,537.0,2.70425630595e-08,0.6904,0.138086,586,118,14.15,0.00,0,0
2026-10-08 00:11:25,Troupe,schatten,CLAUSE,EWKyN7QHfJo41ikKqpo8R5gwEvryytKo9Vf7NF39U1GC,3100.2,1.83948859082e-08,0.0532,0.010641,2085,24,2.31,0.00,0,1
2026-10-08 00:11:25,4DOV,schatten,TRADE,Euz6EjyubNjJmCkahGEfCXmnCwNVLunxc1LZWsmV3wKf,1612.3,3.02193554442e-08,0.0225,0.004503,767,196,16.45,0.00,0,0
2026-10-08 00:11:25,Cooker,schatten,X7,CdhZy8wrRxNxoV8HtoByXKN7mvS46avtuZ1b39tKfx7,8705.4,3.16196599789e-06,0.3124,0.062476,55940,1756,22.04,0.00,0,3
2026-10-08 00:11:25,Cooker,schatten,9e9,HZ4qZQJ7yf6WR1D24GLRLJ3cKUfgtJEF3B7SdLMLvCPZ,7435.9,3.20234568043e-08,0.0372,0.014886,981,254,13.94,0.00,0,0
2026-10-08 00:11:25,Gake,schatten,MINEPAD,2EUKLvNQ63YCmjSDyJ14Tzj7ASeHGXgseYWrKAa2mine,9585.0,1.08580870381e-06,0.6402,0.108833,20620,782,23.43,0.00,0,0
2026-10-08 00:11:25,Gake,schatten,TERRA,JD3d8mxEJ91LHZSuwVLquFAKdo5PbEeLCUevjjDsPdRe,8302.5,8.57257140202e-08,0.0630,0.012606,2616,116,29.83,0.00,0,0
2026-10-08 00:11:25,Gake,schatten,SHITCOIN,4BxBot4K36N3ZZkpB9sqEocy5iBi8cUttK6s8YbHH9Jo,6794.7,7.21687679114e-08,0.0767,0.015342,2218,114,37.13,0.00,0,0
2026-10-08 00:11:25,Gake,schatten,FROGE,6R1F4sNySF4NKGdhW3UhESWuYYRu4Cehk5rn3mGP375R,6783.9,5.63881796716e-08,0.0531,0.010625,1953,344,24.79,0.00,0,0
2026-10-08 00:11:25,Gake,schatten,GENESIS,CSEd3Pi5WZL7w5vmwNjDVXv8poAqSv2Dn1as1erUpump,4137.9,6.88899819873e-08,0.0142,0.002850,2607,784,21.11,0.10,0,0
2026-10-08 00:11:25,Gake,schatten,OATH,2RSsw9tntE1RmoiPnNFiu93EzQu2eLnCAzvZiqMSoatH,4121.8,3.06236773505e-07,0.2748,0.054960,8640,264,24.93,0.00,1,0
2026-10-08 00:11:25,Gake,schatten,IMAGINE,EpFTb2XcGiMyGLykZ9VYmyPWz2AHEwAggqSbwJpypump,3749.7,2.00297244426e-06,0.7495,0.149894,25099,803,37.75,9.37,0,2
2026-10-08 00:11:25,Dior,schatten,CAESAR,8cp1WhUDxTbfX8nDe1kAB1ogPUyQvUSKgzFz365LbQyZ,2554.2,2.29127765014e-07,0.0992,0.019843,7943,1515,19.81,0.00,0,5
2026-10-08 00:11:25,Dior,schatten,ClapCat,5BjfgmtfqvNpAWx1CnZynoWLWNMnrwHLhTFzQ81vkEc8,725.3,2.31241840864e-06,0.6591,0.131824,29488,868,26.66,0.00,0,0
2026-10-08 00:11:25,koko,schatten,MAJOR,7AUzu756Pp3Cg3NByuKfcRSAFFt31kjC6U6R1npkiA1Q,5954.5,2.12500215401e-07,4.6520,0.930395,5311,170,29.68,0.00,0,0
2026-10-08 00:11:25,77n6,schatten,Ecat,5RUrbAftnTBptroKfpiJKyGF5v7aGsX9zYzNjSXjpump,2783.1,3.59767629536e-07,0.6645,0.132893,7453,275,25.42,0.57,0,0
2026-10-08 00:12:26,Loopierr,offen,GARP,FKPdKiZBYMU2MwHXKjyhgV6ozSh2APzvvr3ZBwFCfSHo,10816.1,2.52653417775e-08,0.0397,0.007939,523,145,7.95,0.00,0,0
2026-10-08 00:12:26,6ANG,offen,OpenSI,5ptkVdbpaPpEJPPVXE5CpJNCXEmAidyot5TQcDDawMzm,10543.7,3.79381262794e-07,0.9207,0.708327,10022,1192,22.36,0.00,0,1
2026-10-08 00:12:26,6ANG,offen,ANT,BTZK1B3pCoBDD1vy5e4bDBM4bwvvhkKUMTuKABkGWwGp,8604.8,3.39340502e-07,0.8799,0.527913,9385,93,27.37,0.00,0,0
2026-10-08 00:12:26,6ANG,offen,ANTHROPIG,25DeVAVF86uAd2wcFewp7F1s6gjZei88Mj4xBzg3AP94,8604.5,1.10528573601e-07,0.4534,0.181344,5144,67,31.14,0.00,0,0
2026-10-08 00:12:26,6ANG,offen,STAR,StargWr5r6r8gZSjmEKGZ1dmvKWkj79r2z1xqjFstar,318.0,1.88558819316e-05,0.8483,0.169669,98572,899,54.00,0.00,0,0
2026-10-08 00:12:26,9LXM,offen,SGI,FcZcFjfNPJR9rycZS1FwkiEgQTW7ZWRjdSaBdJ6M9ha6,10398.7,6.2436646267e-08,0.0410,0.016397,4250,328,21.84,0.00,0,0
2026-10-08 00:12:26,HEBO,offen,SGI,FcZcFjfNPJR9rycZS1FwkiEgQTW7ZWRjdSaBdJ6M9ha6,10836.7,6.2436646267e-08,0.0527,0.060423,4250,328,21.84,0.00,0,0
2026-10-08 00:12:26,HEBO,offen,goon,HSUMi4rMgjrx7zRUabw3ogGu1pa5hmF2eVcXj9Apump,10630.7,6.59554544169e-07,0.8076,0.581887,16656,2875,18.35,0.00,2,4
2026-10-08 00:12:26,HEBO,offen,Tico,35ccP7zmf4THJsDn3UtozYcWm1U8nzhyHcTgK3ETpump,10565.5,3.35360459267e-08,0.5607,0.112148,3890,29,7.17,0.00,0,0
2026-10-08 00:12:26,HEBO,offen,SGI,Cb2pMbsRRvaeZoxpRqnTP6k6hLziSUf5pnqW9Jx5T3Wz,7977.1,1.50216238041e-07,0.3982,0.557440,7178,437,25.19,0.00,0,0
2026-10-08 00:12:26,HEBO,offen,ArmyX,F7y94q8QvGKNCrGt6E5pgQ7ABBkQK4QkqEBGs9Y5ZFFk,7952.6,3.41608287788e-08,0.1275,0.102000,3267,61,15.77,0.00,0,0
2026-10-08 00:12:26,HEBO,offen,ZUCKS,2eBJvNnn7guSjX1yuE7seuDY9pveDiHkfoyeBh2WZroS,7687.0,2.18870656765e-08,0.3347,0.048199,2368,30,7.97,0.00,0,0
2026-10-08 00:12:26,HEBO,offen,TRUMPTV,34w4t74EsbJyBBSyYBFyNo65Ft7Ax8BF3HrubL1mwbpL,7592.1,2.01965411535e-08,0.1548,0.030967,2246,92,5.45,0.00,0,0
2026-10-08 00:12:26,HEBO,offen,pill,DvdmEnztCmXwBnAbedD48XVGZJSxq31zNvnyftXdpump,6528.2,1.19526906654e-05,0.6824,1.774222,220786,5492,20.83,0.00,2,2
2026-10-08 00:12:26,HEBO,offen,PUMPCAT,G4vqe8KAcRGTb7Kc55n9sz43aR4ugTPdSeUnAXZhpump,6527.8,3.08187788398e-06,1.4610,0.292204,48823,1411,24.54,0.00,0,1
2026-10-08 00:12:26,HEBO,offen,CUPTOBER,EKgswaMnRSJHmyFZCbxscTAjiR2bH1oLXsftepUGsPtz,6364.7,4.8620108933e-08,0.5910,0.236418,5206,26,12.93,0.00,0,0
2026-10-08 00:12:26,HEBO,offen,Scronkfinkle,DaUFkgZjwJCsM9QDWCsxtZS2omgHS3Fn9GHgTX5wwpcX,5102.5,3.86258866423e-08,0.3800,0.228010,1029,97,19.39,0.00,0,1
2026-10-08 00:12:26,HEBO,offen,Eagle,E3pWKtfQk6LLZpRWVTjJwrMY4vFa9umLYDPxWJtZSTNK,5079.0,2.6054696393e-08,0.1377,0.124698,2748,75,12.69,0.00,0,0
2026-10-08 00:12:26,HEBO,offen,Inu,83LFceyzRNNRUThm4VzHx4jmVuf6xAggSp2UvhQx52Dy,4725.9,2.5111038875e-08,0.1447,0.028933,2522,118,11.76,0.00,0,0
2026-10-08 00:12:26,HEBO,offen,Caviar,F7ktJWjMtubD8zwv5xMb35g5hPTvGQSDMS8UGcwXpump,4458.2,1.02823520759e-07,0.6557,0.262269,3083,84,29.59,0.00,0,0
2026-10-08 00:12:26,HEBO,offen,TIT,3KM7dvpUk2Wm8qdXtZpBJHgic4bAaz1MTDHvUEjKpump,4432.8,2.25287644401e-07,0.5289,0.423095,6374,131,26.81,0.00,0,0
2026-10-08 00:12:26,HEBO,offen,MIM,6bJtwhtvzkthAYszQ3ZWkFJzSvbGSkbAz9yPcSiXaGK6,4432.2,1.44871744168e-07,1.1456,0.229115,4719,188,26.51,0.00,0,0
2026-10-08 00:12:26,HEBO,offen,Taste,93FWFR63nwQcq5zuXNmTits5BYcKFjmUZzccMvhmpump,4431.9,1.20836998257e-07,1.3463,0.538501,9853,38,23.38,0.00,0,0
2026-10-08 00:12:26,HEBO,offen,GPH,H1hFymzkRE7CAdxEuBWYknvsTCgoDXAqPKFU94iPpump,4426.2,4.58166701722e-08,0.8671,0.173411,867,69,10.72,0.00,0,0
2026-10-08 00:12:26,HEBO,offen,TIT,Ar3QBegnCQr6ZFyN9h637ar9JCxZRvdboiR1QzMrpump,3420.0,1.02013423914e-07,0.3069,0.429677,3168,273,36.22,0.00,0,0
2026-10-08 00:12:26,HEBO,offen,AVERY,8QFGVLXehnTv28eMdXZkhY5d84SVF58LAfRGx8zWpH9b,3356.8,3.47048485256e-08,0.1937,0.038749,3097,227,19.30,0.00,0,0
2026-10-08 00:12:26,HEBO,offen,APU,HoCeDUrd5BqfYmaRk2eiUpzshEvpwfYpgrJ4YKFCpump,2155.7,1.1434356593e-07,0.6387,0.127747,4067,257,25.32,0.00,0,0
2026-10-08 00:12:26,HEBO,offen,APU,E7eCZS2cq655qJ7uVx3dSHR2zK31kwNQsWS6P6Hpump,2155.4,1.59076825445e-06,2.4860,1.988830,18404,452,26.13,0.00,5,5
2026-10-08 00:12:26,HEBO,offen,COCKROACH,H4KUxsEgCp2yDpFvyDuGM5k6XevSKKrrKUxZ3Zr6nyJc,2150.7,8.32914800587e-06,1.2302,2.214315,81215,3401,18.67,0.00,2,10
2026-10-08 00:12:26,HEBO,offen,MDOG,F5zC2QoP6j2erxNyf4z6iNCi6X6AkburMC2Xofhxpump,1930.0,7.8603376198e-08,0.9217,0.184337,3252,1646,17.78,0.00,0,0
2026-10-08 00:12:26,HEBO,offen,SI,8ALHRuN5q4MHRaKPdiXi7cHyVWicZVwQx2TBTCH8GZ4h,1685.3,1.0368574643e-07,0.9791,0.195819,3141,56,22.59,0.00,0,0
2026-10-08 00:12:26,HEBO,offen,PHASEONE,GfawjB4Fxz389kECjrrnsdS8MKb9hMgALonJddGQasHL,551.1,3.56530265761e-08,0.6064,0.121282,905,90,20.69,0.00,0,0
2026-10-08 00:12:26,HEBO,offen,TITS,GLsHzxjtktCKzAA8LEEfXJ5UF2Jdsj161e5Duh3tkzga,537.9,5.26931057295e-08,0.9703,0.194055,1828,521,23.03,0.00,0,0
2026-10-08 00:12:26,HEBO,offen,AI,4AvWfTKcEFqwRjxBnoyWRY7wF7UV9cqH3492UFKHpump,514.1,4.09052182067e-08,0.5939,0.118775,1198,67,16.73,0.00,0,0
2026-10-08 00:12:26,HEBO,offen,INSTADOCS,AMj8gG4mXckBoaT5mGQDwriKUqJtEApNg2CuXw6Ypump,513.9,5.26664070752e-08,1.0983,0.219665,1588,23,19.72,0.00,0,0
2026-10-08 00:12:26,Troupe,offen,PUMP,pumpCmXqMfrsAkQ5r49WcJnRayYRqmXz6ae8H7H9Dfn,8755.3,5.36757075257e-05,1.1072,0.010011,43419291,315307,59.33,0.00,91,471
2026-10-08 00:12:26,Troupe,offen,homo,42AtRP5d3ySBj9iveMYeD23kkmN3HEZFwUzs1YKvkPA9,7102.7,2.14668661252e-08,0.0577,0.010120,256,145,3.18,0.00,0,0
2026-10-08 00:12:26,Troupe,offen,PUMPE,9fJAWKQpkY93hfuZxrHfh5wEh2AV9vjkWNQfzfbziHd2,6975.9,7.02354675715e-06,0.2542,0.305005,51855,2293,18.17,0.80,0,0
2026-10-08 00:12:26,Troupe,offen,HOLD,6REnZgtxhwdSAHczAp4J5PRsGQYQt7T3x4kEDyfs9U7y,6933.0,2.89178341923e-08,0.0166,0.003330,775,479,9.51,0.00,0,0
2026-10-08 00:12:26,Troupe,offen,THICC,3QEbHMK6ceYevtaCdLmBQMJgcPb9PJQpgyFBP6f6x6Rg,4277.5,1.33389392625e-08,0.0620,0.012406,1486,8,4.02,0.00,0,0
2026-10-08 00:12:26,Troupe,offen,CLAUSE,EWKyN7QHfJo41ikKqpo8R5gwEvryytKo9Vf7NF39U1GC,3101.3,1.84020140051e-08,0.0756,0.015112,2085,24,2.31,0.00,0,1
2026-10-08 00:12:26,Troupe,offen,TESTla,TESZBZpTRGUDriZQg72kYre1Vozyp2de7Z6o5JUtdRA,1448.1,0,0.0000,0.000000,6,40,3.55,0.04,0,2
2026-10-08 00:12:26,4DOV,offen,BOT,Aaan4fxwhKtUUPg2GSKq6natLV9oj9QQNf5xT4UE2gXr,8402.2,3.12533016024e-08,0.0367,0.007337,858,318,15.16,0.00,0,0
2026-10-08 00:12:26,4DOV,offen,PUDU,8HQgEcbhR5Xoh735zvndAocCLd7wdAYJfWHV55J8pump,6953.3,2.7587979402e-08,0.0131,0.005235,608,423,12.75,0.00,0,0
2026-10-08 00:12:26,4DOV,offen,Aiden,9dSMwFfPezQ8WPcW1uZV7ns4rcviEj2LssSAg75WBLXd,5514.2,4.8490147561e-07,0.0345,0.015511,12410,3150,17.06,0.00,4,1
2026-10-08 00:12:26,4DOV,offen,SPLICE,7bC8ugu1ZJn21MhA4ht483nX8brLNesa8R7XLimpFyhq,4757.7,7.55489248642e-07,0.0478,0.028658,17066,2703,23.24,0.03,6,2
2026-10-08 00:12:26,4DOV,offen,Ash,4jxyespUyvDxg1cN1NMCWErHGGyPrBdEzPiDobLBmttL,4440.0,4.01266727756e-08,0.1003,0.020051,1049,21,2.44,0.00,0,0
2026-10-08 00:12:26,4DOV,offen,www,GAwhcphCqCv5bKHmCiN4VDdNWfbXJL4npmkc8L3Q9S9H,4289.3,1.24120497744e-06,0.1188,0.047513,33391,6450,18.23,0.00,2,2
2026-10-08 00:12:26,4DOV,offen,ACTII,DYjM6f2R34Qp4jPE73HsdEVZwwcQFCsokpNYCqBUpump,4217.1,2.27829452738e-07,0.0431,0.012928,6396,1100,26.91,0.00,0,1
2026-10-08 00:12:26,4DOV,offen,BANANA,G7JkKqGb69cCWC2XkDXc8LG8qbifTkCKpsAcr6kApump,4101.0,3.25633959323e-08,0.0312,0.006234,825,192,18.37,0.00,0,0
2026-10-08 00:12:26,4DOV,offen,JITI,6YuVyHbjdwxiH1CLCSusP9yjXmsVvQfcTbSSPcFuXDew,3539.9,4.97524160011e-08,0.0422,0.008434,2028,803,19.87,0.00,0,0
2026-10-08 00:12:26,4DOV,offen,QINU,4unydQjvYdqR31pkuBYGu2nGst8r8j5XMW8KXRXtpump,3303.6,3.08408687495e-08,0.0185,0.007408,907,530,11.24,1.06,0,1
2026-10-08 00:12:26,4DOV,offen,NOLLA,CXw5hY3BMi87DTa99ekZgwxuvu7pQ2FUQVecs3SvJLD9,3123.7,2.95804118584e-08,0.0265,0.005293,726,326,15.30,0.00,0,0
2026-10-08 00:12:26,4DOV,offen,TRANNIE,BvLqum9qd4TWQ1c9WPmLYMvxxzoXUjsFycVffvjyq16,3042.8,2.64213396887e-08,0.1129,0.022584,482,118,12.72,0.00,0,0
2026-10-08 00:12:26,4DOV,offen,OTC,MukLDtJ8Cx9DxLbeyLRSWPSposTMWuwHANbuaudpump,2590.2,6.66223589638e-05,0.6250,0.014369,474877,18737,25.82,0.00,8,14
2026-10-08 00:12:26,4DOV,offen,TRADE,Euz6EjyubNjJmCkahGEfCXmnCwNVLunxc1LZWsmV3wKf,1613.5,3.02310655736e-08,0.0242,0.009672,767,196,16.45,0.00,0,0
2026-10-08 00:12:26,4DOV,offen,AUTON,39ahtL8ynzE4amH26J29C93PA5172V3ft9UuUcqQS8fz,1274.2,2.24184391726e-05,0.4503,0.360204,366277,6724,14.58,0.00,8,22
2026-10-08 00:12:26,4DOV,offen,Human,8nPoBHiBM6pybxMws9PA2JRb9BjkppBfqcZGmot4DMBC,442.3,2.71318267147e-06,0.6381,0.008698,45669,5774,23.47,0.00,2,17
2026-10-08 00:12:26,4DOV,offen,HSM,2856wfnQ27LH23yKeFHJ4XQpQ2bsw4sen8RqyW5Wpump,299.2,1.41354700776e-07,0.3112,0.124496,4436,772,19.28,0.00,2,3
2026-10-08 00:12:26,4DOV,offen,FRENS,41MjNbWHZeFmxwMHPwTfsJP3aPbvsvR5tsgnmhNKpump,11.3,1.36694123404e-06,1.0102,0.202034,16821,663,19.93,0.00,106,292
2026-10-08 00:12:26,Cooker,offen,SI,DEW9dSN6QpWyNthphCpMmAbZP1Q4cEKR9xQXAri98WDP,8927.2,0.00020685299165,0.6095,0.365675,1662426,54905,16.61,0.00,11,36
2026-10-08 00:12:26,Cooker,offen,HOOKED,C1mBfBoDkwWfd6uTFZp62ARHLjeVp3bDpCDMfMZtPngE,7473.5,4.8147893546e-05,0.4407,2.027433,762937,11319,20.95,0.00,12,26
2026-10-08 00:12:26,Gake,offen,CURVE,7ioeSgzfSKHMnpgfPpgRFsekMBGiu9oi6t6GeqYtNbbh,9616.1,1.63966341184e-06,0.4739,0.094783,107239,1085,15.61,0.06,0,0
2026-10-08 00:12:26,Gake,offen,SDOG,yFcTuQJCMsd1Asya15GZ7h4KGdxsujRLcUiTWWXpump,9429.4,3.70308140134e-07,0.0496,0.009924,10020,1644,19.45,0.00,2,3
2026-10-08 00:12:26,Gake,offen,OP,5PiBn5JdjJDnRGziiSfsu2affgBR3DyTTCR3CHpcode,9366.8,1.66887197596e-07,0.0460,0.009192,7193,1387,22.64,0.00,0,0
2026-10-08 00:12:26,Gake,offen,PURPS,purpFPo5voy6fEu8jxSCwVdMs1zyYEYAH6FBQvTYCZK,7084.6,2.34526168247e-06,0.8228,0.164554,30601,2252,33.91,0.00,0,1
2026-10-08 00:12:26,Pikalosi,offen,Miu,7LNFZcNigZay5U9e2sq6n2Z4iM8BC2Dd53L14pwvpump,7591.0,4.448725968e-07,1.0659,0.213177,14528,795,21.45,0.00,0,0
2026-10-08 00:12:26,Dior,offen,OTC,MukLDtJ8Cx9DxLbeyLRSWPSposTMWuwHANbuaudpump,7916.9,6.66223589638e-05,0.9834,4.607952,474877,18737,25.82,0.00,8,14
2026-10-08 00:12:26,Dior,offen,TripleT,J8PSdNP3QewKq2Z1JJJFDMaqF7KcaiJhR7gbr5KZpump,7045.1,5.86050440875e-05,0.9458,0.378317,362298,22869,18.94,0.00,4,0
2026-10-08 00:12:26,Dior,offen,Kirkslop,8m5hzX9hprtWwPuVZL4daCZfggWYKc6fhSJDDpiqpump,6724.4,6.20374446956e-07,0.9442,0.566514,14354,396,28.14,0.00,0,0
2026-10-08 00:12:26,Dior,offen,COCKROACH,H4KUxsEgCp2yDpFvyDuGM5k6XevSKKrrKUxZ3Zr6nyJc,3563.6,8.32914800587e-06,0.9231,2.030868,81215,3401,18.67,0.00,2,10
2026-10-08 00:12:26,Dior,offen,CAESAR,8cp1WhUDxTbfX8nDe1kAB1ogPUyQvUSKgzFz365LbQyZ,2533.3,2.29251865524e-07,0.1144,0.320390,7972,1516,19.81,0.00,1,5
2026-10-08 00:12:26,Dior,offen,ClapCat,5BjfgmtfqvNpAWx1CnZynoWLWNMnrwHLhTFzQ81vkEc8,718.5,2.31331448066e-06,0.8462,1.015454,29488,868,26.66,0.00,0,0
2026-10-08 00:12:26,Dior,offen,ART,DEQKHY5YVPFiwcVhoUUE5gnkWj66LVPoPgLHAswqpump,650.8,2.63961907377e-07,0.1404,0.471606,7331,1592,23.53,0.00,7,8
2026-10-08 00:12:26,3zsr,offen,Sapijiju,8Fs2YLsayR4awLB79nMM3QCpG3pqvcAGP7hHb8fX4L2G,7416.0,1.31494194678e-07,1.2270,0.245393,4249,361,28.29,0.00,0,0
2026-10-08 00:12:26,3zsr,offen,EZRA,4qTqqkexQCEP2m8UrDWXACHpA8bEkGxpNJrDPMNcfHKQ,2752.8,3.36165627973e-08,1.0176,0.203528,3889,6,7.67,0.00,0,0
2026-10-08 00:12:26,3zsr,offen,ELONMUSK,5QmEgE9rK3aB1SDi7mK7rXPt2QHe7FRT69zbb2X2iSip,2752.5,3.25543842325e-08,0.9492,0.189832,3775,5,12.21,0.00,0,0
2026-10-08 00:12:26,3zsr,offen,HIGCAT,52sQ5kFhaTD6NsfN4oKreHZAwxrxgUo129ZCG3EBsVhv,2752.3,3.1832888076e-08,0.8982,0.179635,3726,6,6.49,0.00,0,0
2026-10-08 00:12:26,3zsr,offen,GIA,4FuWREkDYG1chHxHfgmUv3AN1iLPUi42Er6UboWUJKwU,2752.0,3.27398422416e-08,0.9173,0.183461,3795,10,9.39,0.00,0,0
2026-10-08 00:12:26,3zsr,offen,Sworddog,2QLpYwa5tzMjGBZWCmu9WHEPTNPH65w7xeFHSU1Hpump,2179.6,3.46650119279e-08,0.8750,0.174999,3910,14,12.90,0.00,0,0
2026-10-08 00:12:26,3zsr,offen,TRUMP,AYLh1Bgthdgego4EBAJQZtzXiQ6b1EbrPWES5V1vjhzV,2064.4,3.34093880436e-08,0.5388,0.053885,720,87,20.40,0.00,0,0
2026-10-08 00:12:26,3zsr,offen,RUGRUN,2VFjLcouktUNWRsZVkdiJ57nmRZR8HTJjKzDkZ3mbN8f,2037.1,3.30678880224e-08,0.9653,0.193065,3866,5,6.69,0.00,0,0
2026-10-08 00:12:26,3zsr,offen,HOUS,4pZQCY4HLpeYyJJ48yu7Z49B4G1Z7B1ZH3YdvVfNqKGn,2036.9,4.11042841359e-08,0.9973,0.199450,4281,15,15.88,0.00,0,0
2026-10-08 00:12:26,C7bF,offen,Plague,3oTRLDrbymWupBmmUuNzRYTJm4cXpHHsmu5Uz3PF5uU3,923.0,3.12592011091e-08,0.4675,0.093493,3690,8,5.62,0.00,0,0
2026-10-08 00:12:26,C7bF,offen,SPSI,ERvSTRZsoEdM79d9Ajb2KMSnM1uPgamW3BoNgj21teCa,396.5,3.89109300912e-08,1.0446,0.208913,467,6,13.47,0.00,0,0
2026-10-08 00:12:26,77n6,offen,Ecat,5RUrbAftnTBptroKfpiJKyGF5v7aGsX9zYzNjSXjpump,2743.4,3.5990704103e-07,0.6443,0.257720,7453,275,25.42,0.57,0,0
2026-10-08 00:12:26,G7b2,offen,si.gov,7CTRbkV1tVuq1f59pRxT1Pb2W5AHG4gM9FMH4rGzKiXv,5217.4,3.03261548147e-06,1.3254,2.650723,28616,2130,12.94,0.00,1,4
2026-10-08 00:12:26,G7b2,offen,GTA6,4kjruqGHDsSqkMdFfCjV7Vb62HPFhtXyWc2t6JpQzDnz,4215.2,5.04011614336e-06,0.9877,0.790150,13828,10684,15.33,0.00,0,0
2026-10-08 00:12:26,G7b2,offen,SXSI,DQysBW79uHzZAWd2ahVQrf89CuSFqVzuNA3ijHbjVJfG,4206.5,1.51094791466e-06,0.6036,0.965781,23501,1226,28.56,0.00,0,3
2026-10-08 00:12:26,G7b2,offen,SI,DEW9dSN6QpWyNthphCpMmAbZP1Q4cEKR9xQXAri98WDP,4167.3,0.00020685299165,0.9026,2.368679,1662426,54905,16.61,0.00,11,36
2026-10-08 00:12:26,G7b2,offen,PLAGUE,CscZaq5twomhUkvCY8Jdd1tge32L4Yj9FbkFFEZQpump,2190.5,4.50520456069e-06,0.2692,0.807575,92575,6708,17.57,0.00,11,21
2026-10-08 00:12:26,7Cn1,offen,SI,DEW9dSN6QpWyNthphCpMmAbZP1Q4cEKR9xQXAri98WDP,3923.4,0.00020685299165,0.7968,0.427947,1662426,54905,16.61,0.00,11,36
2026-10-08 00:12:26,7Cn1,offen,si.gov,7CTRbkV1tVuq1f59pRxT1Pb2W5AHG4gM9FMH4rGzKiXv,3387.8,3.03261548147e-06,1.1120,1.367369,28616,2130,12.94,0.00,1,4
2026-10-08 00:12:26,7Cn1,offen,DARK,7KEPApdbBMByrmqihz3bht2uMhFQcatjfSFQCKq66kH3,228.0,4.19008777578e-05,1.3569,2.171060,711288,5429,12.52,0.02,61,198
2026-10-08 00:12:26,7Cn1,offen,CRAWL,BXoHJddsWJLHtAopeiSbKUSELsu8hSFMs8baGMDkpump,135.5,3.08561620703e-05,0.9869,0.789533,439587,7532,15.44,0.46,5,23
2026-10-08 00:12:26,7Cn1,offen,SpaceXSI,2GYMvnSv37djKecDshE8bYe2sRypcETeAF8G9h6un4J2,108.8,4.30431947349e-06,1.1201,0.224029,50610,2677,12.42,0.00,7,7
2026-10-08 00:12:26,Croco-AC7K,offen,AnyPS5,CWKbSd7jwMXXexP3pbwLAWMzr4HXAXTvt4R9pk2Vyyyc,186.0,3.92749182947e-06,1.0642,0.638533,37218,1811,19.38,0.00,14,50
2026-10-08 00:12:26,HoneyBadger-6kfX,offen,phubber,CBcjQNdtgb4SHwKDqKFxD3yPSk7pEMpKHQiMmZrgpump,1552.1,4.50744478785e-06,1.1444,2.288839,52083,3098,20.38,0.00,5,8
2026-10-08 00:12:26,HoneyBadger-6kfX,offen,pup,7HE2WmPoYE7uaA7DKh25N5cUwEcUoiyjwZU9ZeaQpump,998.3,8.55882052149e-08,0.8358,0.334305,2771,330,23.43,0.00,1,0
2026-10-08 00:12:26,8K7Z,offen,RARI,EFn88CiiFHhihqdr1Y11XBDxbbYarBf1ij92DsrigYwR,1209.7,1.36020437553e-05,1.0273,2.876566,158527,3534,20.59,0.00,8,24
2026-10-08 00:12:26,FKJE,offen,HOOKED,C1mBfBoDkwWfd6uTFZp62ARHLjeVp3bDpCDMfMZtPngE,1973.9,4.8147893546e-05,0.8108,0.486467,762937,11319,20.95,0.00,12,26
2026-10-08 00:12:26,2z7o,offen,desks,desks4HG9uksDrYFsRRdSLqYoXusNyEnGK8PZu9hKMG,24.1,2.18040853237e-07,1.1625,0.232492,9740,192,16.08,0.00,6,9
2026-10-08 00:12:26,54QZ,offen,MARVIN,EEGTUKdfRGdFqRNQZunXracQbgBEGj61GFSsidTEpBEs,715.4,3.60544789069e-08,0.8660,0.173192,628,8,17.78,0.00,0,0
2026-10-08 00:12:26,54QZ,offen,SXSI,6kLQP6SpZWY2281u8oWdKBPnTjgoAA6ZJSXZczt2gkwm,687.7,1.32140334095e-07,1.0549,0.128172,6359,269,20.75,0.00,1,0
2026-10-08 00:12:26,54QZ,offen,GOBLIN,E2itWssNNRVYSTd7U6Q7y5XVRVJM4eAxG7TGSv5epump,575.5,3.42933920527e-07,0.8805,0.813249,10589,590,23.01,0.00,2,1
2026-10-08 00:12:26,54QZ,offen,ZNEURO,3W25WcwSHckSbRFKUYePfpymN5npELnNUEQGHzC7pump,196.0,7.14792460248e-08,0.6974,0.269742,2081,71,33.34,0.00,1,3
2026-10-08 00:12:26,Loopierr,schatten,CatCollector,5AgD5tmarU5kgbqHqCgDEMcAHAQAm8muV67xkKs9urps,8043.4,3.62681031925e-08,0.1078,0.021553,141,35,4.00,0.00,0,0
2026-10-08 00:12:26,Loopierr,schatten,SGI,36yTNhb9rfogt4mWxFiTnBeeT9bNXrVdKymAJ3jbvTzM,7892.5,3.00486479409e-08,0.1882,0.037647,3679,6,0.36,0.00,0,0
2026-10-08 00:12:26,6ANG,schatten,ANTHROPIG,25DeVAVF86uAd2wcFewp7F1s6gjZei88Mj4xBzg3AP94,8604.6,1.10528573601e-07,0.4507,0.090148,5144,67,31.14,0.00,0,0
2026-10-08 00:12:26,HEBO,schatten,SI,4qCW74oX82oTeypDzFYYYZ6eJ6yPQVFeX196YpHszJFY,4725.7,2.20082164543e-08,0.4366,0.087310,2327,56,10.82,0.00,0,0
2026-10-08 00:12:26,HEBO,schatten,INCOME,E7mRvAbgZdA6dF7cgXZevkbjd9Yfy5q11XEFnWZfpump,4454.4,6.08866106566e-08,0.9724,0.194476,2265,1266,15.11,0.00,0,0
2026-10-08 00:12:26,HEBO,schatten,GPH,BtmRMRazMTY2KqpbZkdFGrGJSm8rwLG744DV8Webpump,3416.0,5.65963883416e-08,0.8021,0.160413,1719,68,26.13,0.00,0,0
2026-10-08 00:12:26,HEBO,schatten,pup,7HE2WmPoYE7uaA7DKh25N5cUwEcUoiyjwZU9ZeaQpump,3415.5,8.55882052149e-08,0.7843,0.156853,2771,330,23.43,0.00,1,0
2026-10-08 00:12:26,HEBO,schatten,ACTII,41QF43mQKs1Qm51xK7uQWjxRA9oZ6S5mBVYveR4wLfzx,542.9,4.71775905431e-08,0.7899,0.157982,1301,69,24.40,0.00,0,0
2026-10-08 00:12:26,HEBO,schatten,TITS,DPVNMLe7zXsrg8Y9rMyPmxBG31qqo3v9FyWChbKQpump,540.8,9.67374153633e-08,2.0430,0.326885,2947,47,27.67,0.00,0,0
2026-10-08 00:12:26,HEBO,schatten,TITS,C21p56TNF1Ec8BmyMkmLnwX56G3TzgYvzqMMVUPL7Fcm,538.0,2.70530421682e-08,0.6907,0.138140,586,118,14.15,0.00,0,0
2026-10-08 00:12:26,Troupe,schatten,CLAUSE,EWKyN7QHfJo41ikKqpo8R5gwEvryytKo9Vf7NF39U1GC,3101.2,1.84020140051e-08,0.0532,0.010645,2085,24,2.31,0.00,0,1
2026-10-08 00:12:26,4DOV,schatten,TRADE,Euz6EjyubNjJmCkahGEfCXmnCwNVLunxc1LZWsmV3wKf,1613.3,3.02310655736e-08,0.0225,0.004505,767,196,16.45,0.00,0,0
2026-10-08 00:12:26,Cooker,schatten,X7,CdhZy8wrRxNxoV8HtoByXKN7mvS46avtuZ1b39tKfx7,8706.4,3.16319127323e-06,0.3125,0.062500,55940,1756,22.04,0.00,0,3
2026-10-08 00:12:26,Cooker,schatten,9e9,HZ4qZQJ7yf6WR1D24GLRLJ3cKUfgtJEF3B7SdLMLvCPZ,7436.9,3.20358660306e-08,0.0372,0.014892,981,254,13.94,0.00,0,0
2026-10-08 00:12:26,Gake,schatten,MINEPAD,2EUKLvNQ63YCmjSDyJ14Tzj7ASeHGXgseYWrKAa2mine,9586.0,1.08613963384e-06,0.6404,0.108866,20620,782,23.43,0.00,11,6
2026-10-08 00:12:26,Gake,schatten,TERRA,JD3d8mxEJ91LHZSuwVLquFAKdo5PbEeLCUevjjDsPdRe,8303.5,8.57589331006e-08,0.0631,0.012611,2616,116,29.83,0.00,0,0
2026-10-08 00:12:26,Gake,schatten,SHITCOIN,4BxBot4K36N3ZZkpB9sqEocy5iBi8cUttK6s8YbHH9Jo,6795.7,7.21967336173e-08,0.0767,0.015348,2218,114,37.13,0.00,0,0
2026-10-08 00:12:26,Gake,schatten,FROGE,6R1F4sNySF4NKGdhW3UhESWuYYRu4Cehk5rn3mGP375R,6784.9,5.64100303321e-08,0.0531,0.010629,1953,344,24.79,0.00,0,0
2026-10-08 00:12:26,Gake,schatten,GENESIS,CSEd3Pi5WZL7w5vmwNjDVXv8poAqSv2Dn1as1erUpump,4138.9,6.89166771497e-08,0.0143,0.002851,2607,784,21.11,0.10,0,0
2026-10-08 00:12:26,Gake,schatten,OATH,2RSsw9tntE1RmoiPnNFiu93EzQu2eLnCAzvZiqMSoatH,4122.8,3.21382388424e-07,0.2884,0.057678,8655,264,24.93,0.00,2,0
2026-10-08 00:12:26,Gake,schatten,IMAGINE,EpFTb2XcGiMyGLykZ9VYmyPWz2AHEwAggqSbwJpypump,3750.7,2.00374860464e-06,0.7498,0.149952,25099,803,37.75,9.37,0,2
2026-10-08 00:12:26,Dior,schatten,CAESAR,8cp1WhUDxTbfX8nDe1kAB1ogPUyQvUSKgzFz365LbQyZ,2555.2,2.29251865524e-07,0.0993,0.019854,7972,1516,19.81,0.00,1,5
2026-10-08 00:12:26,Dior,schatten,ClapCat,5BjfgmtfqvNpAWx1CnZynoWLWNMnrwHLhTFzQ81vkEc8,726.3,2.31331448066e-06,0.6594,0.131875,29488,868,26.66,0.00,0,0
2026-10-08 00:12:26,koko,schatten,MAJOR,7AUzu756Pp3Cg3NByuKfcRSAFFt31kjC6U6R1npkiA1Q,5955.5,2.12582560143e-07,4.6538,0.930756,5311,170,29.68,0.00,0,0
2026-10-08 00:12:26,77n6,schatten,Ecat,5RUrbAftnTBptroKfpiJKyGF5v7aGsX9zYzNjSXjpump,2784.2,3.5990704103e-07,0.6647,0.132944,7453,275,25.42,0.57,0,0
2026-10-08 00:13:27,Loopierr,offen,GARP,FKPdKiZBYMU2MwHXKjyhgV6ozSh2APzvvr3ZBwFCfSHo,10817.1,2.52653417775e-08,0.0397,0.007939,523,145,7.95,0.00,0,0
2026-10-08 00:13:27,6ANG,offen,OpenSI,5ptkVdbpaPpEJPPVXE5CpJNCXEmAidyot5TQcDDawMzm,10544.7,3.79381262794e-07,0.9207,0.708327,10014,1192,22.36,0.00,1,0
2026-10-08 00:13:27,6ANG,offen,ANT,BTZK1B3pCoBDD1vy5e4bDBM4bwvvhkKUMTuKABkGWwGp,8605.8,3.39340502e-07,0.8799,0.527913,9385,93,27.37,0.00,0,0
2026-10-08 00:13:27,6ANG,offen,ANTHROPIG,25DeVAVF86uAd2wcFewp7F1s6gjZei88Mj4xBzg3AP94,8605.6,1.10528573601e-07,0.4534,0.181344,5144,67,31.14,0.00,0,0
2026-10-08 00:13:27,6ANG,offen,STAR,StargWr5r6r8gZSjmEKGZ1dmvKWkj79r2z1xqjFstar,319.0,1.88558819316e-05,0.8483,0.169669,98572,899,54.00,0.00,0,0
2026-10-08 00:13:27,9LXM,offen,SGI,FcZcFjfNPJR9rycZS1FwkiEgQTW7ZWRjdSaBdJ6M9ha6,10399.7,6.2436646267e-08,0.0410,0.016397,4250,328,21.84,0.00,0,0
2026-10-08 00:13:27,HEBO,offen,SGI,FcZcFjfNPJR9rycZS1FwkiEgQTW7ZWRjdSaBdJ6M9ha6,10837.7,6.2436646267e-08,0.0527,0.060423,4250,328,21.84,0.00,0,0
2026-10-08 00:13:27,HEBO,offen,goon,HSUMi4rMgjrx7zRUabw3ogGu1pa5hmF2eVcXj9Apump,10631.7,6.59554544169e-07,0.8076,0.581887,16656,2875,18.35,0.00,2,4
2026-10-08 00:13:27,HEBO,offen,Tico,35ccP7zmf4THJsDn3UtozYcWm1U8nzhyHcTgK3ETpump,10566.5,3.35360459267e-08,0.5607,0.112148,3890,29,7.17,0.00,0,0
2026-10-08 00:13:27,HEBO,offen,SGI,Cb2pMbsRRvaeZoxpRqnTP6k6hLziSUf5pnqW9Jx5T3Wz,7978.1,1.50216238041e-07,0.3982,0.557440,7178,437,25.19,0.00,0,0
2026-10-08 00:13:27,HEBO,offen,ArmyX,F7y94q8QvGKNCrGt6E5pgQ7ABBkQK4QkqEBGs9Y5ZFFk,7953.6,3.41608287788e-08,0.1275,0.102000,3267,61,15.77,0.00,0,0
2026-10-08 00:13:27,HEBO,offen,ZUCKS,2eBJvNnn7guSjX1yuE7seuDY9pveDiHkfoyeBh2WZroS,7688.0,2.18870656765e-08,0.3347,0.048199,2368,30,7.97,0.00,0,0
2026-10-08 00:13:27,HEBO,offen,TRUMPTV,34w4t74EsbJyBBSyYBFyNo65Ft7Ax8BF3HrubL1mwbpL,7593.1,2.01965411535e-08,0.1548,0.030967,2246,92,5.45,0.00,0,0
2026-10-08 00:13:27,HEBO,offen,pill,DvdmEnztCmXwBnAbedD48XVGZJSxq31zNvnyftXdpump,6529.2,1.27545477003e-05,0.7282,1.893248,220754,5498,20.83,0.00,3,2
2026-10-08 00:13:27,HEBO,offen,PUMPCAT,G4vqe8KAcRGTb7Kc55n9sz43aR4ugTPdSeUnAXZhpump,6528.8,3.08187788398e-06,1.4610,0.292204,48823,1411,24.54,0.00,0,1
2026-10-08 00:13:27,HEBO,offen,CUPTOBER,EKgswaMnRSJHmyFZCbxscTAjiR2bH1oLXsftepUGsPtz,6365.8,4.8620108933e-08,0.5910,0.236418,5206,26,12.93,0.00,0,0
2026-10-08 00:13:27,HEBO,offen,Scronkfinkle,DaUFkgZjwJCsM9QDWCsxtZS2omgHS3Fn9GHgTX5wwpcX,5103.5,3.86258866423e-08,0.3800,0.228010,1029,97,19.39,0.00,0,1
2026-10-08 00:13:27,HEBO,offen,Eagle,E3pWKtfQk6LLZpRWVTjJwrMY4vFa9umLYDPxWJtZSTNK,5080.0,2.6054696393e-08,0.1377,0.124698,2748,75,12.69,0.00,0,0
2026-10-08 00:13:27,HEBO,offen,Inu,83LFceyzRNNRUThm4VzHx4jmVuf6xAggSp2UvhQx52Dy,4726.9,2.5111038875e-08,0.1447,0.028933,2522,118,11.76,0.00,0,0
2026-10-08 00:13:27,HEBO,offen,Caviar,F7ktJWjMtubD8zwv5xMb35g5hPTvGQSDMS8UGcwXpump,4459.2,1.02823520759e-07,0.6557,0.262269,3083,84,29.59,0.00,0,0
2026-10-08 00:13:27,HEBO,offen,TIT,3KM7dvpUk2Wm8qdXtZpBJHgic4bAaz1MTDHvUEjKpump,4433.8,2.25287644401e-07,0.5289,0.423095,6374,131,26.81,0.00,0,0
2026-10-08 00:13:27,HEBO,offen,MIM,6bJtwhtvzkthAYszQ3ZWkFJzSvbGSkbAz9yPcSiXaGK6,4433.2,1.44871744168e-07,1.1456,0.229115,4719,188,26.51,0.00,0,0
2026-10-08 00:13:27,HEBO,offen,Taste,93FWFR63nwQcq5zuXNmTits5BYcKFjmUZzccMvhmpump,4432.9,1.20836998257e-07,1.3463,0.538501,9853,38,23.38,0.00,0,0
2026-10-08 00:13:27,HEBO,offen,GPH,H1hFymzkRE7CAdxEuBWYknvsTCgoDXAqPKFU94iPpump,4427.2,4.58166701722e-08,0.8671,0.173411,867,69,10.72,0.00,0,0
2026-10-08 00:13:27,HEBO,offen,TIT,Ar3QBegnCQr6ZFyN9h637ar9JCxZRvdboiR1QzMrpump,3421.0,1.02013423914e-07,0.3069,0.429677,3168,273,36.22,0.00,0,0
2026-10-08 00:13:27,HEBO,offen,AVERY,8QFGVLXehnTv28eMdXZkhY5d84SVF58LAfRGx8zWpH9b,3357.8,3.47048485256e-08,0.1937,0.038749,3097,227,19.30,0.00,0,0
2026-10-08 00:13:27,HEBO,offen,APU,HoCeDUrd5BqfYmaRk2eiUpzshEvpwfYpgrJ4YKFCpump,2156.7,1.1434356593e-07,0.6387,0.127747,4067,257,25.32,0.00,0,0
2026-10-08 00:13:27,HEBO,offen,APU,E7eCZS2cq655qJ7uVx3dSHR2zK31kwNQsWS6P6Hpump,2156.4,1.58903835705e-06,2.4833,1.986667,18393,453,26.13,0.00,5,5
2026-10-08 00:13:27,HEBO,offen,COCKROACH,H4KUxsEgCp2yDpFvyDuGM5k6XevSKKrrKUxZ3Zr6nyJc,2151.7,8.2714200577e-06,1.2216,2.198968,81092,3401,18.67,0.00,1,10
2026-10-08 00:13:27,HEBO,offen,MDOG,F5zC2QoP6j2erxNyf4z6iNCi6X6AkburMC2Xofhxpump,1931.0,7.8603376198e-08,0.9217,0.184337,3252,1646,17.78,0.00,0,0
2026-10-08 00:13:27,HEBO,offen,SI,8ALHRuN5q4MHRaKPdiXi7cHyVWicZVwQx2TBTCH8GZ4h,1686.3,1.0368574643e-07,0.9791,0.195819,3141,56,22.59,0.00,0,0
2026-10-08 00:13:27,HEBO,offen,PHASEONE,GfawjB4Fxz389kECjrrnsdS8MKb9hMgALonJddGQasHL,552.1,3.56530265761e-08,0.6064,0.121282,905,90,20.69,0.00,0,0
2026-10-08 00:13:27,HEBO,offen,TITS,GLsHzxjtktCKzAA8LEEfXJ5UF2Jdsj161e5Duh3tkzga,538.9,5.32898651207e-08,0.9813,0.196253,1826,521,23.03,0.00,0,0
2026-10-08 00:13:27,HEBO,offen,AI,4AvWfTKcEFqwRjxBnoyWRY7wF7UV9cqH3492UFKHpump,515.1,4.09052182067e-08,0.5939,0.118775,1198,67,16.73,0.00,0,0
2026-10-08 00:13:27,HEBO,offen,INSTADOCS,AMj8gG4mXckBoaT5mGQDwriKUqJtEApNg2CuXw6Ypump,514.9,5.26664070752e-08,1.0983,0.219665,1588,23,19.72,0.00,0,0
2026-10-08 00:13:27,Troupe,offen,PUMP,pumpCmXqMfrsAkQ5r49WcJnRayYRqmXz6ae8H7H9Dfn,8756.3,5.35322518647e-05,1.1042,0.009984,43499490,315309,59.33,0.00,107,485
2026-10-08 00:13:27,Troupe,offen,homo,42AtRP5d3ySBj9iveMYeD23kkmN3HEZFwUzs1YKvkPA9,7103.7,2.14668661252e-08,0.0577,0.010120,256,145,3.18,0.00,0,0
2026-10-08 00:13:27,Troupe,offen,PUMPE,9fJAWKQpkY93hfuZxrHfh5wEh2AV9vjkWNQfzfbziHd2,6976.9,7.02354675715e-06,0.2542,0.305005,51855,2293,18.17,0.80,0,0
2026-10-08 00:13:27,Troupe,offen,HOLD,6REnZgtxhwdSAHczAp4J5PRsGQYQt7T3x4kEDyfs9U7y,6934.0,2.89178341923e-08,0.0166,0.003330,775,479,9.51,0.00,0,0
2026-10-08 00:13:27,Troupe,offen,THICC,3QEbHMK6ceYevtaCdLmBQMJgcPb9PJQpgyFBP6f6x6Rg,4278.5,1.33389392625e-08,0.0620,0.012406,1486,8,4.02,0.00,0,0
2026-10-08 00:13:27,Troupe,offen,CLAUSE,EWKyN7QHfJo41ikKqpo8R5gwEvryytKo9Vf7NF39U1GC,3102.3,1.84020140051e-08,0.0756,0.015112,2085,24,2.31,0.00,0,0
2026-10-08 00:13:27,Troupe,offen,TESTla,TESZBZpTRGUDriZQg72kYre1Vozyp2de7Z6o5JUtdRA,1449.1,0,0.0000,0.000000,6,40,3.55,0.04,0,0
2026-10-08 00:13:27,4DOV,offen,BOT,Aaan4fxwhKtUUPg2GSKq6natLV9oj9QQNf5xT4UE2gXr,8403.3,3.12533016024e-08,0.0367,0.007337,858,318,15.16,0.00,0,0
2026-10-08 00:13:27,4DOV,offen,PUDU,8HQgEcbhR5Xoh735zvndAocCLd7wdAYJfWHV55J8pump,6954.3,2.7587979402e-08,0.0131,0.005235,608,423,12.75,0.00,0,0
2026-10-08 00:13:27,4DOV,offen,Aiden,9dSMwFfPezQ8WPcW1uZV7ns4rcviEj2LssSAg75WBLXd,5515.2,4.8490147561e-07,0.0345,0.015511,12410,3150,17.06,0.00,4,1
2026-10-08 00:13:27,4DOV,offen,SPLICE,7bC8ugu1ZJn21MhA4ht483nX8brLNesa8R7XLimpFyhq,4758.7,7.43605977141e-07,0.0470,0.028207,17018,2702,23.24,0.03,6,1
2026-10-08 00:13:27,4DOV,offen,Ash,4jxyespUyvDxg1cN1NMCWErHGGyPrBdEzPiDobLBmttL,4441.0,4.01266727756e-08,0.1003,0.020051,1049,21,2.44,0.00,0,0
2026-10-08 00:13:27,4DOV,offen,www,GAwhcphCqCv5bKHmCiN4VDdNWfbXJL4npmkc8L3Q9S9H,4290.4,1.24120497744e-06,0.1188,0.047513,33391,6450,18.23,0.00,2,2
2026-10-08 00:13:27,4DOV,offen,ACTII,DYjM6f2R34Qp4jPE73HsdEVZwwcQFCsokpNYCqBUpump,4218.1,2.27829452738e-07,0.0431,0.012928,6396,1100,26.91,0.00,0,1
2026-10-08 00:13:27,4DOV,offen,BANANA,G7JkKqGb69cCWC2XkDXc8LG8qbifTkCKpsAcr6kApump,4102.0,3.25633959323e-08,0.0312,0.006234,825,192,18.37,0.00,0,0
2026-10-08 00:13:27,4DOV,offen,JITI,6YuVyHbjdwxiH1CLCSusP9yjXmsVvQfcTbSSPcFuXDew,3541.0,4.97524160011e-08,0.0422,0.008434,2028,803,19.87,0.00,0,0
2026-10-08 00:13:27,4DOV,offen,QINU,4unydQjvYdqR31pkuBYGu2nGst8r8j5XMW8KXRXtpump,3304.6,3.08408687495e-08,0.0185,0.007408,907,530,11.24,1.06,0,1
2026-10-08 00:13:27,4DOV,offen,NOLLA,CXw5hY3BMi87DTa99ekZgwxuvu7pQ2FUQVecs3SvJLD9,3124.7,2.95804118584e-08,0.0265,0.005293,726,326,15.30,0.00,0,0
2026-10-08 00:13:27,4DOV,offen,TRANNIE,BvLqum9qd4TWQ1c9WPmLYMvxxzoXUjsFycVffvjyq16,3043.8,2.64213396887e-08,0.1129,0.022584,482,118,12.72,0.00,0,0
2026-10-08 00:13:27,4DOV,offen,OTC,MukLDtJ8Cx9DxLbeyLRSWPSposTMWuwHANbuaudpump,2591.2,6.66223589638e-05,0.6250,0.014369,474896,18737,25.82,0.00,5,5
2026-10-08 00:13:27,4DOV,offen,TRADE,Euz6EjyubNjJmCkahGEfCXmnCwNVLunxc1LZWsmV3wKf,1614.5,3.02310655736e-08,0.0242,0.009672,767,196,16.45,0.00,0,0
2026-10-08 00:13:27,4DOV,offen,AUTON,39ahtL8ynzE4amH26J29C93PA5172V3ft9UuUcqQS8fz,1275.2,2.23902691521e-05,0.4497,0.359751,366138,6722,14.58,0.00,8,20
2026-10-08 00:13:27,4DOV,offen,Human,8nPoBHiBM6pybxMws9PA2JRb9BjkppBfqcZGmot4DMBC,443.3,2.68817010174e-06,0.6322,0.008618,45594,5773,23.47,0.00,1,19
2026-10-08 00:13:27,4DOV,offen,HSM,2856wfnQ27LH23yKeFHJ4XQpQ2bsw4sen8RqyW5Wpump,300.2,1.41354700776e-07,0.3112,0.124496,4423,772,19.28,0.00,3,2
2026-10-08 00:13:27,4DOV,offen,FRENS,41MjNbWHZeFmxwMHPwTfsJP3aPbvsvR5tsgnmhNKpump,12.3,1.59527900597e-06,1.1789,0.235782,18015,659,19.84,0.00,91,259
2026-10-08 00:13:27,Cooker,offen,SI,DEW9dSN6QpWyNthphCpMmAbZP1Q4cEKR9xQXAri98WDP,8928.2,0.000206852992347,0.6095,0.365675,1662966,54905,16.61,0.00,9,26
2026-10-08 00:13:27,Cooker,offen,HOOKED,C1mBfBoDkwWfd6uTFZp62ARHLjeVp3bDpCDMfMZtPngE,7474.5,4.88354162484e-05,0.4470,2.056383,767345,11317,20.95,0.00,11,36
2026-10-08 00:13:27,Gake,offen,CURVE,7ioeSgzfSKHMnpgfPpgRFsekMBGiu9oi6t6GeqYtNbbh,9617.1,1.63966341184e-06,0.4739,0.094783,107239,1085,15.61,0.06,0,0
2026-10-08 00:13:27,Gake,offen,SDOG,yFcTuQJCMsd1Asya15GZ7h4KGdxsujRLcUiTWWXpump,9430.4,3.76139747425e-07,0.0504,0.010080,10057,1644,19.45,0.00,0,3
2026-10-08 00:13:27,Gake,offen,OP,5PiBn5JdjJDnRGziiSfsu2affgBR3DyTTCR3CHpcode,9367.8,1.66887197596e-07,0.0460,0.009192,7193,1387,22.64,0.00,0,0
2026-10-08 00:13:27,Gake,offen,PURPS,purpFPo5voy6fEu8jxSCwVdMs1zyYEYAH6FBQvTYCZK,7085.6,2.34526168247e-06,0.8228,0.164554,30601,2252,33.91,0.00,0,1
2026-10-08 00:13:27,Pikalosi,offen,Miu,7LNFZcNigZay5U9e2sq6n2Z4iM8BC2Dd53L14pwvpump,7592.1,4.448725968e-07,1.0659,0.213177,14528,795,21.45,0.00,0,0
2026-10-08 00:13:27,Dior,offen,OTC,MukLDtJ8Cx9DxLbeyLRSWPSposTMWuwHANbuaudpump,7917.9,6.66223589638e-05,0.9834,4.607952,474896,18737,25.82,0.00,5,5
2026-10-08 00:13:27,Dior,offen,TripleT,J8PSdNP3QewKq2Z1JJJFDMaqF7KcaiJhR7gbr5KZpump,7046.1,5.86050440875e-05,0.9458,0.378317,362298,22869,18.94,0.00,4,0
2026-10-08 00:13:27,Dior,offen,Kirkslop,8m5hzX9hprtWwPuVZL4daCZfggWYKc6fhSJDDpiqpump,6725.4,6.20374446956e-07,0.9442,0.566514,14354,396,28.14,0.00,0,0
2026-10-08 00:13:27,Dior,offen,COCKROACH,H4KUxsEgCp2yDpFvyDuGM5k6XevSKKrrKUxZ3Zr6nyJc,3564.6,8.2714200577e-06,0.9167,2.016793,81092,3401,18.67,0.00,1,10
2026-10-08 00:13:27,Dior,offen,CAESAR,8cp1WhUDxTbfX8nDe1kAB1ogPUyQvUSKgzFz365LbQyZ,2534.3,2.26408106589e-07,0.1130,0.316416,7946,1516,19.81,0.00,1,5
2026-10-08 00:13:27,Dior,offen,ClapCat,5BjfgmtfqvNpAWx1CnZynoWLWNMnrwHLhTFzQ81vkEc8,719.5,2.31408088075e-06,0.8465,1.015791,29492,868,26.66,0.00,1,0
2026-10-08 00:13:27,Dior,offen,ART,DEQKHY5YVPFiwcVhoUUE5gnkWj66LVPoPgLHAswqpump,651.8,2.63360848706e-07,0.1401,0.470532,7311,1591,23.53,0.00,7,7
2026-10-08 00:13:27,3zsr,offen,Sapijiju,8Fs2YLsayR4awLB79nMM3QCpG3pqvcAGP7hHb8fX4L2G,7417.0,1.31494194678e-07,1.2270,0.245393,4249,361,28.29,0.00,0,0
2026-10-08 00:13:27,3zsr,offen,EZRA,4qTqqkexQCEP2m8UrDWXACHpA8bEkGxpNJrDPMNcfHKQ,2753.8,3.36165627973e-08,1.0176,0.203528,3889,6,7.67,0.00,0,0
2026-10-08 00:13:27,3zsr,offen,ELONMUSK,5QmEgE9rK3aB1SDi7mK7rXPt2QHe7FRT69zbb2X2iSip,2753.6,3.25543842325e-08,0.9492,0.189832,3775,5,12.21,0.00,0,0
2026-10-08 00:13:27,3zsr,offen,HIGCAT,52sQ5kFhaTD6NsfN4oKreHZAwxrxgUo129ZCG3EBsVhv,2753.3,3.1832888076e-08,0.8982,0.179635,3726,6,6.49,0.00,0,0
2026-10-08 00:13:27,3zsr,offen,GIA,4FuWREkDYG1chHxHfgmUv3AN1iLPUi42Er6UboWUJKwU,2753.0,3.27398422416e-08,0.9173,0.183461,3795,10,9.39,0.00,0,0
2026-10-08 00:13:27,3zsr,offen,Sworddog,2QLpYwa5tzMjGBZWCmu9WHEPTNPH65w7xeFHSU1Hpump,2180.7,3.46650119279e-08,0.8750,0.174999,3910,14,12.90,0.00,0,0
2026-10-08 00:13:27,3zsr,offen,TRUMP,AYLh1Bgthdgego4EBAJQZtzXiQ6b1EbrPWES5V1vjhzV,2065.4,3.34093880436e-08,0.5388,0.053885,720,87,20.40,0.00,0,0
2026-10-08 00:13:27,3zsr,offen,RUGRUN,2VFjLcouktUNWRsZVkdiJ57nmRZR8HTJjKzDkZ3mbN8f,2038.1,3.30678880224e-08,0.9653,0.193065,3866,5,6.69,0.00,0,0
2026-10-08 00:13:27,3zsr,offen,HOUS,4pZQCY4HLpeYyJJ48yu7Z49B4G1Z7B1ZH3YdvVfNqKGn,2037.9,4.11042841359e-08,0.9973,0.199450,4281,15,15.88,0.00,0,0
2026-10-08 00:13:27,C7bF,offen,Plague,3oTRLDrbymWupBmmUuNzRYTJm4cXpHHsmu5Uz3PF5uU3,924.0,3.12592011091e-08,0.4675,0.093493,3690,8,5.62,0.00,0,0
2026-10-08 00:13:27,C7bF,offen,SPSI,ERvSTRZsoEdM79d9Ajb2KMSnM1uPgamW3BoNgj21teCa,397.5,3.89109300912e-08,1.0446,0.208913,467,6,13.47,0.00,0,0
2026-10-08 00:13:27,77n6,offen,Ecat,5RUrbAftnTBptroKfpiJKyGF5v7aGsX9zYzNjSXjpump,2744.4,3.5990704103e-07,0.6443,0.257720,7453,275,25.42,0.57,0,0
2026-10-08 00:13:27,G7b2,offen,si.gov,7CTRbkV1tVuq1f59pRxT1Pb2W5AHG4gM9FMH4rGzKiXv,5218.4,3.03261548147e-06,1.3254,2.650723,28616,2130,12.94,0.00,1,1
2026-10-08 00:13:27,G7b2,offen,GTA6,4kjruqGHDsSqkMdFfCjV7Vb62HPFhtXyWc2t6JpQzDnz,4216.2,5.23691230944e-06,1.0263,0.821002,13828,10684,15.33,0.00,0,0
2026-10-08 00:13:27,G7b2,offen,SXSI,DQysBW79uHzZAWd2ahVQrf89CuSFqVzuNA3ijHbjVJfG,4207.5,1.51094791466e-06,0.6036,0.965781,23501,1226,28.56,0.00,0,3
2026-10-08 00:13:27,G7b2,offen,SI,DEW9dSN6QpWyNthphCpMmAbZP1Q4cEKR9xQXAri98WDP,4168.3,0.000206852992347,0.9026,2.368679,1662966,54905,16.61,0.00,9,26
2026-10-08 00:13:27,G7b2,offen,PLAGUE,CscZaq5twomhUkvCY8Jdd1tge32L4Yj9FbkFFEZQpump,2191.5,4.60493703924e-06,0.2752,0.825452,93582,6708,17.57,0.00,9,10
2026-10-08 00:13:27,7Cn1,offen,SI,DEW9dSN6QpWyNthphCpMmAbZP1Q4cEKR9xQXAri98WDP,3924.4,0.000206852992347,0.7968,0.427947,1662966,54905,16.61,0.00,9,26
2026-10-08 00:13:27,7Cn1,offen,si.gov,7CTRbkV1tVuq1f59pRxT1Pb2W5AHG4gM9FMH4rGzKiXv,3388.8,3.03261548147e-06,1.1120,1.367369,28616,2130,12.94,0.00,1,1
2026-10-08 00:13:27,7Cn1,offen,DARK,7KEPApdbBMByrmqihz3bht2uMhFQcatjfSFQCKq66kH3,229.0,4.20190550454e-05,1.3607,2.177183,712750,5435,12.52,0.02,61,204
2026-10-08 00:13:27,7Cn1,offen,CRAWL,BXoHJddsWJLHtAopeiSbKUSELsu8hSFMs8baGMDkpump,136.5,3.102809852e-05,0.9924,0.793933,439751,7532,15.44,0.46,5,19
2026-10-08 00:13:27,7Cn1,offen,SpaceXSI,2GYMvnSv37djKecDshE8bYe2sRypcETeAF8G9h6un4J2,109.8,4.30262508308e-06,1.1197,0.223941,50604,2676,12.42,0.00,5,8
2026-10-08 00:13:27,Croco-AC7K,offen,AnyPS5,CWKbSd7jwMXXexP3pbwLAWMzr4HXAXTvt4R9pk2Vyyyc,187.0,3.73760235475e-06,1.0128,0.607660,36235,1808,19.38,0.00,17,41
2026-10-08 00:13:27,HoneyBadger-6kfX,offen,phubber,CBcjQNdtgb4SHwKDqKFxD3yPSk7pEMpKHQiMmZrgpump,1553.1,4.44894799131e-06,1.1296,2.259135,52072,3096,20.38,0.00,4,4
2026-10-08 00:13:27,HoneyBadger-6kfX,offen,pup,7HE2WmPoYE7uaA7DKh25N5cUwEcUoiyjwZU9ZeaQpump,999.4,8.55882052149e-08,0.8358,0.334305,2771,330,23.43,0.00,1,0
2026-10-08 00:13:27,8K7Z,offen,RARI,EFn88CiiFHhihqdr1Y11XBDxbbYarBf1ij92DsrigYwR,1210.8,1.3428463562e-05,1.0142,2.839857,156318,3532,20.59,0.00,10,28
2026-10-08 00:13:27,FKJE,offen,HOOKED,C1mBfBoDkwWfd6uTFZp62ARHLjeVp3bDpCDMfMZtPngE,1974.9,4.88354162484e-05,0.8224,0.493413,767345,11317,20.95,0.00,11,36
2026-10-08 00:13:27,2z7o,offen,desks,desks4HG9uksDrYFsRRdSLqYoXusNyEnGK8PZu9hKMG,25.1,2.03814566679e-07,1.0866,0.217323,9401,189,16.08,0.00,4,10
2026-10-08 00:13:27,54QZ,offen,MARVIN,EEGTUKdfRGdFqRNQZunXracQbgBEGj61GFSsidTEpBEs,716.4,3.60544789069e-08,0.8660,0.173192,628,8,17.78,0.00,0,0
2026-10-08 00:13:27,54QZ,offen,SXSI,6kLQP6SpZWY2281u8oWdKBPnTjgoAA6ZJSXZczt2gkwm,688.8,1.32140334095e-07,1.0549,0.128172,6359,269,20.75,0.00,0,0
2026-10-08 00:13:27,54QZ,offen,GOBLIN,E2itWssNNRVYSTd7U6Q7y5XVRVJM4eAxG7TGSv5epump,576.5,3.42933920527e-07,0.8805,0.813249,10589,590,23.01,0.00,0,0
2026-10-08 00:13:27,54QZ,offen,ZNEURO,3W25WcwSHckSbRFKUYePfpymN5npELnNUEQGHzC7pump,197.0,7.14792460248e-08,0.6974,0.269742,2081,71,33.34,0.00,0,0
2026-10-08 00:13:27,Loopierr,schatten,CatCollector,5AgD5tmarU5kgbqHqCgDEMcAHAQAm8muV67xkKs9urps,8044.4,3.62681031925e-08,0.1078,0.021553,141,35,4.00,0.00,0,0
2026-10-08 00:13:27,Loopierr,schatten,SGI,36yTNhb9rfogt4mWxFiTnBeeT9bNXrVdKymAJ3jbvTzM,7893.5,3.00486479409e-08,0.1882,0.037647,3679,6,0.36,0.00,0,0
2026-10-08 00:13:27,6ANG,schatten,ANTHROPIG,25DeVAVF86uAd2wcFewp7F1s6gjZei88Mj4xBzg3AP94,8605.6,1.10528573601e-07,0.4507,0.090148,5144,67,31.14,0.00,0,0
2026-10-08 00:13:27,HEBO,schatten,SI,4qCW74oX82oTeypDzFYYYZ6eJ6yPQVFeX196YpHszJFY,4726.7,2.20082164543e-08,0.4366,0.087310,2327,56,10.82,0.00,0,0
2026-10-08 00:13:27,HEBO,schatten,INCOME,E7mRvAbgZdA6dF7cgXZevkbjd9Yfy5q11XEFnWZfpump,4455.4,6.08866106566e-08,0.9724,0.194476,2265,1266,15.11,0.00,0,0
2026-10-08 00:13:27,HEBO,schatten,GPH,BtmRMRazMTY2KqpbZkdFGrGJSm8rwLG744DV8Webpump,3417.0,5.65963883416e-08,0.8021,0.160413,1719,68,26.13,0.00,0,0
2026-10-08 00:13:27,HEBO,schatten,pup,7HE2WmPoYE7uaA7DKh25N5cUwEcUoiyjwZU9ZeaQpump,3416.5,8.55882052149e-08,0.7843,0.156853,2771,330,23.43,0.00,1,0
2026-10-08 00:13:27,HEBO,schatten,ACTII,41QF43mQKs1Qm51xK7uQWjxRA9oZ6S5mBVYveR4wLfzx,543.9,4.71775905431e-08,0.7899,0.157982,1301,69,24.40,0.00,0,0
2026-10-08 00:13:27,HEBO,schatten,TITS,DPVNMLe7zXsrg8Y9rMyPmxBG31qqo3v9FyWChbKQpump,541.8,9.67374153633e-08,2.0430,0.326885,2947,47,27.67,0.00,0,0
2026-10-08 00:13:27,HEBO,schatten,TITS,C21p56TNF1Ec8BmyMkmLnwX56G3TzgYvzqMMVUPL7Fcm,539.0,2.70530421682e-08,0.6907,0.138140,586,118,14.15,0.00,0,0
2026-10-08 00:13:27,Troupe,schatten,CLAUSE,EWKyN7QHfJo41ikKqpo8R5gwEvryytKo9Vf7NF39U1GC,3102.2,1.84020140051e-08,0.0532,0.010645,2085,24,2.31,0.00,0,0
2026-10-08 00:13:27,4DOV,schatten,TRADE,Euz6EjyubNjJmCkahGEfCXmnCwNVLunxc1LZWsmV3wKf,1614.3,3.02310655736e-08,0.0225,0.004505,767,196,16.45,0.00,0,0
2026-10-08 00:13:27,Cooker,schatten,X7,CdhZy8wrRxNxoV8HtoByXKN7mvS46avtuZ1b39tKfx7,8707.4,3.16196156653e-06,0.3124,0.062476,55913,1755,22.04,0.00,0,3
2026-10-08 00:13:27,Cooker,schatten,9e9,HZ4qZQJ7yf6WR1D24GLRLJ3cKUfgtJEF3B7SdLMLvCPZ,7438.0,3.20358660306e-08,0.0372,0.014892,981,254,13.94,0.00,0,0
2026-10-08 00:13:27,Gake,schatten,MINEPAD,2EUKLvNQ63YCmjSDyJ14Tzj7ASeHGXgseYWrKAa2mine,9587.0,1.08613963384e-06,0.6404,0.108866,20623,781,23.43,0.00,1,1
2026-10-08 00:13:27,Gake,schatten,TERRA,JD3d8mxEJ91LHZSuwVLquFAKdo5PbEeLCUevjjDsPdRe,8304.5,8.57589331006e-08,0.0631,0.012611,2616,116,29.83,0.00,0,0
2026-10-08 00:13:27,Gake,schatten,SHITCOIN,4BxBot4K36N3ZZkpB9sqEocy5iBi8cUttK6s8YbHH9Jo,6796.7,7.21967336173e-08,0.0767,0.015348,2218,114,37.13,0.00,0,0
2026-10-08 00:13:27,Gake,schatten,FROGE,6R1F4sNySF4NKGdhW3UhESWuYYRu4Cehk5rn3mGP375R,6785.9,5.64100303321e-08,0.0531,0.010629,1953,344,24.79,0.00,0,0
2026-10-08 00:13:27,Gake,schatten,GENESIS,CSEd3Pi5WZL7w5vmwNjDVXv8poAqSv2Dn1as1erUpump,4140.0,6.89166771497e-08,0.0143,0.002851,2607,784,21.11,0.10,0,0
2026-10-08 00:13:27,Gake,schatten,OATH,2RSsw9tntE1RmoiPnNFiu93EzQu2eLnCAzvZiqMSoatH,4123.8,3.1030184949e-07,0.2784,0.055690,8662,263,24.93,0.00,2,1
2026-10-08 00:13:27,Gake,schatten,IMAGINE,EpFTb2XcGiMyGLykZ9VYmyPWz2AHEwAggqSbwJpypump,3751.7,2.00374860464e-06,0.7498,0.149952,25099,803,37.75,9.37,0,2
2026-10-08 00:13:27,Dior,schatten,CAESAR,8cp1WhUDxTbfX8nDe1kAB1ogPUyQvUSKgzFz365LbQyZ,2556.2,2.26408106589e-07,0.0980,0.019608,7946,1516,19.81,0.00,1,5
2026-10-08 00:13:27,Dior,schatten,ClapCat,5BjfgmtfqvNpAWx1CnZynoWLWNMnrwHLhTFzQ81vkEc8,727.3,2.31408088075e-06,0.6596,0.131919,29492,868,26.66,0.00,1,0
2026-10-08 00:13:27,koko,schatten,MAJOR,7AUzu756Pp3Cg3NByuKfcRSAFFt31kjC6U6R1npkiA1Q,5956.5,2.12582560143e-07,4.6538,0.930756,5311,170,29.68,0.00,0,0
2026-10-08 00:13:27,77n6,schatten,Ecat,5RUrbAftnTBptroKfpiJKyGF5v7aGsX9zYzNjSXjpump,2785.2,3.5990704103e-07,0.6647,0.132944,7453,275,25.42,0.57,0,0
