zeit,trader,art,symbol,mint,minuten_seit_kauf,preis_sol,vielfaches,wert_sol,liquiditaet,holder,top10_pct,dev_pct,netto_kaeufer_5m,verkaeufe_5m
2026-10-06 00:00:56,Loopierr,offen,GARP,FKPdKiZBYMU2MwHXKjyhgV6ozSh2APzvvr3ZBwFCfSHo,7924.7,2.46141467836e-08,0.0387,0.007735,521,148,7.76,0.00,0,0
2026-10-06 00:00:56,6ANG,offen,OpenSI,5ptkVdbpaPpEJPPVXE5CpJNCXEmAidyot5TQcDDawMzm,7652.3,4.74952792315e-07,1.1527,0.886765,11804,1206,23.58,0.00,0,0
2026-10-06 00:00:56,6ANG,offen,ANT,BTZK1B3pCoBDD1vy5e4bDBM4bwvvhkKUMTuKABkGWwGp,5713.3,2.52940255196e-07,0.6558,0.393500,8409,79,25.43,0.00,0,0
2026-10-06 00:00:56,6ANG,offen,ANTHROPIG,25DeVAVF86uAd2wcFewp7F1s6gjZei88Mj4xBzg3AP94,5713.1,1.05946611886e-07,0.4346,0.173826,5094,68,31.13,0.00,0,0
2026-10-06 00:00:56,9LXM,offen,SGI,FcZcFjfNPJR9rycZS1FwkiEgQTW7ZWRjdSaBdJ6M9ha6,7507.3,6.99050414894e-08,0.0459,0.018358,4725,349,19.50,0.00,0,0
2026-10-06 00:00:56,HEBO,offen,SGI,FcZcFjfNPJR9rycZS1FwkiEgQTW7ZWRjdSaBdJ6M9ha6,7945.2,6.99050414894e-08,0.0590,0.067651,4725,349,19.50,0.00,0,0
2026-10-06 00:00:56,HEBO,offen,goon,HSUMi4rMgjrx7zRUabw3ogGu1pa5hmF2eVcXj9Apump,7739.3,3.83633370345e-07,0.4697,0.338458,12082,2925,15.24,0.00,1,4
2026-10-06 00:00:56,HEBO,offen,Tico,35ccP7zmf4THJsDn3UtozYcWm1U8nzhyHcTgK3ETpump,7674.0,3.21501264183e-08,0.5376,0.107513,3877,30,7.18,0.00,0,0
2026-10-06 00:00:56,HEBO,offen,SGI,Cb2pMbsRRvaeZoxpRqnTP6k6hLziSUf5pnqW9Jx5T3Wz,5085.6,1.61529130445e-07,0.4282,0.599422,7585,463,26.36,0.00,0,0
2026-10-06 00:00:56,HEBO,offen,ArmyX,F7y94q8QvGKNCrGt6E5pgQ7ABBkQK4QkqEBGs9Y5ZFFk,5061.1,3.80093253738e-08,0.1419,0.113491,3522,70,17.45,0.00,0,0
2026-10-06 00:00:56,HEBO,offen,BLOBBY,6tr6DHikJCo7Fi5bu65LoC7itWZezz6aZny36H8Kh5Q1,4858.1,3.87623795389e-08,0.1090,0.109000,3578,241,22.04,0.00,0,0
2026-10-06 00:00:56,HEBO,offen,BLOBBY,AsoVfPHWY5YHCpc4aMzUcMENVRaC9Rjje94BpkxcW2VE,4814.8,4.77587647445e-08,0.6730,0.134599,1429,140,15.75,0.00,0,0
2026-10-06 00:00:56,HEBO,offen,ZUCKS,2eBJvNnn7guSjX1yuE7seuDY9pveDiHkfoyeBh2WZroS,4795.5,2.18506399273e-08,0.3342,0.048118,2392,37,7.97,0.00,0,0
2026-10-06 00:00:56,HEBO,offen,TRUMPTV,34w4t74EsbJyBBSyYBFyNo65Ft7Ax8BF3HrubL1mwbpL,4700.6,1.96019065421e-08,0.1503,0.030055,2266,95,5.45,0.00,0,0
2026-10-06 00:00:56,HEBO,offen,pill,DvdmEnztCmXwBnAbedD48XVGZJSxq31zNvnyftXdpump,3636.7,1.42472580814e-05,0.7453,1.639552,257138,5613,19.45,0.00,6,6
2026-10-06 00:00:56,HEBO,offen,PUMPCAT,G4vqe8KAcRGTb7Kc55n9sz43aR4ugTPdSeUnAXZhpump,3636.4,3.28998904297e-06,1.5597,0.311936,53111,1251,24.45,0.00,1,2
2026-10-06 00:00:56,HEBO,offen,CUPTOBER,EKgswaMnRSJHmyFZCbxscTAjiR2bH1oLXsftepUGsPtz,3473.3,4.86220893005e-08,0.5911,0.236428,5471,31,11.81,0.00,0,0
2026-10-06 00:00:56,HEBO,offen,Scronkfinkle,DaUFkgZjwJCsM9QDWCsxtZS2omgHS3Fn9GHgTX5wwpcX,2211.0,3.98525685652e-08,0.3921,0.235251,1122,104,19.39,0.00,0,0
2026-10-06 00:00:56,HEBO,offen,Eagle,E3pWKtfQk6LLZpRWVTjJwrMY4vFa9umLYDPxWJtZSTNK,2187.5,3.29127499282e-08,0.1739,0.157520,3151,91,16.39,0.00,0,0
2026-10-06 00:00:56,HEBO,offen,Inu,83LFceyzRNNRUThm4VzHx4jmVuf6xAggSp2UvhQx52Dy,1834.4,2.78536524224e-08,0.1605,0.032093,2808,129,12.84,0.00,0,0
2026-10-06 00:00:56,HEBO,offen,Caviar,F7ktJWjMtubD8zwv5xMb35g5hPTvGQSDMS8UGcwXpump,1566.8,1.17699387824e-07,0.7505,0.300212,3818,91,29.59,0.00,0,0
2026-10-06 00:00:56,HEBO,offen,APU,HoCeDUrd5BqfYmaRk2eiUpzshEvpwfYpgrJ4YKFCpump,1561.2,3.92295822289e-07,0.9347,0.186948,10728,290,27.64,0.00,0,0
2026-10-06 00:00:56,HEBO,offen,TIT,3KM7dvpUk2Wm8qdXtZpBJHgic4bAaz1MTDHvUEjKpump,1541.3,3.65476559419e-07,0.8109,0.486553,9430,152,28.08,0.00,0,0
2026-10-06 00:00:56,HEBO,offen,MIM,6bJtwhtvzkthAYszQ3ZWkFJzSvbGSkbAz9yPcSiXaGK6,1540.7,1.81842824349e-07,1.4379,0.287584,5801,218,25.55,0.00,0,0
2026-10-06 00:00:56,HEBO,offen,Taste,93FWFR63nwQcq5zuXNmTits5BYcKFjmUZzccMvhmpump,1540.4,1.86979796218e-07,2.0832,0.833261,12483,62,25.43,0.00,0,1
2026-10-06 00:00:56,HEBO,offen,GPH,H1hFymzkRE7CAdxEuBWYknvsTCgoDXAqPKFU94iPpump,1534.7,4.98984540588e-08,0.9443,0.188860,899,71,17.96,0.00,0,0
2026-10-06 00:00:56,HEBO,offen,APP,6MnQ921sqsShymdoqPv2RfhL5g2Hk2hoqPvgpDGcpump,529.0,5.66888575415e-07,1.1287,0.677205,10014,385,30.22,0.00,3,0
2026-10-06 00:00:56,HEBO,offen,TIT,Ar3QBegnCQr6ZFyN9h637ar9JCxZRvdboiR1QzMrpump,528.5,2.56198325092e-07,0.5638,0.563758,6273,438,31.59,0.00,1,2
2026-10-06 00:00:56,HEBO,offen,AVERY,8QFGVLXehnTv28eMdXZkhY5d84SVF58LAfRGx8zWpH9b,465.4,6.84382197388e-08,0.3821,0.076414,4394,307,26.43,0.00,12,4
2026-10-06 00:00:56,Troupe,offen,PUMP,pumpCmXqMfrsAkQ5r49WcJnRayYRqmXz6ae8H7H9Dfn,5863.8,5.35683845473e-05,1.1049,0.009991,43445958,307065,59.30,0.00,95,526
2026-10-06 00:00:56,Troupe,offen,homo,42AtRP5d3ySBj9iveMYeD23kkmN3HEZFwUzs1YKvkPA9,4211.2,2.17392923345e-08,0.0585,0.010249,290,150,4.19,0.00,0,0
2026-10-06 00:00:56,Troupe,offen,PUMPE,9fJAWKQpkY93hfuZxrHfh5wEh2AV9vjkWNQfzfbziHd2,4084.5,1.45671716229e-05,0.5272,0.632595,84471,2399,18.17,0.80,1,2
2026-10-06 00:00:56,Troupe,offen,HOLD,6REnZgtxhwdSAHczAp4J5PRsGQYQt7T3x4kEDyfs9U7y,4041.5,3.01611354954e-08,0.0174,0.003473,857,489,12.14,0.00,0,0
2026-10-06 00:00:56,Troupe,offen,THICC,3QEbHMK6ceYevtaCdLmBQMJgcPb9PJQpgyFBP6f6x6Rg,1386.0,1.37387868322e-08,0.0639,0.012778,1524,8,3.94,0.00,0,0
2026-10-06 00:00:56,Troupe,offen,CLAUSE,EWKyN7QHfJo41ikKqpo8R5gwEvryytKo9Vf7NF39U1GC,209.8,1.96279901681e-08,0.0806,0.016118,2233,39,5.36,0.00,0,0
2026-10-06 00:00:56,4DOV,offen,BOT,Aaan4fxwhKtUUPg2GSKq6natLV9oj9QQNf5xT4UE2gXr,5510.8,3.12382805202e-08,0.0367,0.007334,895,332,15.16,0.00,0,0
2026-10-06 00:00:56,4DOV,offen,PUDU,8HQgEcbhR5Xoh735zvndAocCLd7wdAYJfWHV55J8pump,4061.9,3.07704795179e-08,0.0146,0.005839,893,441,13.13,0.00,0,0
2026-10-06 00:00:56,4DOV,offen,Agency,7VertkgF9KLhxxJXHX6uaWuoYZTP9LdGj2bWmVXVpump,3333.9,6.63461193294e-05,0.8175,0.413856,909466,13003,22.00,0.00,172,417
2026-10-06 00:00:56,4DOV,offen,Aiden,9dSMwFfPezQ8WPcW1uZV7ns4rcviEj2LssSAg75WBLXd,2622.7,6.89709533379e-07,0.0490,0.022062,18425,3495,20.60,0.00,6,8
2026-10-06 00:00:56,4DOV,offen,CRAWL,BXoHJddsWJLHtAopeiSbKUSELsu8hSFMs8baGMDkpump,2120.4,3.21731785751e-05,0.8649,0.908115,461348,7570,14.14,0.00,52,540
2026-10-06 00:00:56,4DOV,offen,Ash,F5WvFdG9sCfhv3bVYAMJNWiwpx5e3X2uvpXDtLtdsDJs,1913.2,2.99001510407e-06,0.4153,0.498328,59713,3609,17.63,0.16,29,35
2026-10-06 00:00:56,4DOV,offen,SPLICE,7bC8ugu1ZJn21MhA4ht483nX8brLNesa8R7XLimpFyhq,1866.2,1.43325674979e-06,0.0906,0.054368,24866,2997,19.53,0.03,4,5
2026-10-06 00:00:56,4DOV,offen,Ash,4jxyespUyvDxg1cN1NMCWErHGGyPrBdEzPiDobLBmttL,1548.5,3.87379922821e-08,0.0968,0.019357,1055,24,2.58,0.00,0,0
2026-10-06 00:00:56,4DOV,offen,Human,8nPoBHiBM6pybxMws9PA2JRb9BjkppBfqcZGmot4DMBC,1430.6,8.07717334399e-06,0.5336,0.405169,109170,7111,20.56,0.00,10,48
2026-10-06 00:00:56,4DOV,offen,www,GAwhcphCqCv5bKHmCiN4VDdNWfbXJL4npmkc8L3Q9S9H,1397.9,2.90222558163e-06,0.2777,0.111097,55066,7090,16.84,0.00,40,7
2026-10-06 00:00:56,4DOV,offen,ACTII,DYjM6f2R34Qp4jPE73HsdEVZwwcQFCsokpNYCqBUpump,1325.6,2.40478031261e-07,0.0455,0.013645,6925,1320,22.02,0.00,1,2
2026-10-06 00:00:56,4DOV,offen,BANANA,G7JkKqGb69cCWC2XkDXc8LG8qbifTkCKpsAcr6kApump,1209.5,1.10302985874e-07,0.1056,0.021118,3329,276,28.32,0.00,0,1
2026-10-06 00:00:56,4DOV,offen,JITI,6YuVyHbjdwxiH1CLCSusP9yjXmsVvQfcTbSSPcFuXDew,648.5,1.07071983307e-07,0.0908,0.018151,4022,1019,27.10,0.00,1,3
2026-10-06 00:00:56,4DOV,offen,QINU,4unydQjvYdqR31pkuBYGu2nGst8r8j5XMW8KXRXtpump,412.1,7.39005272302e-08,0.0444,0.017752,2535,677,20.41,1.06,1,3
2026-10-06 00:00:56,4DOV,offen,NOLLA,CXw5hY3BMi87DTa99ekZgwxuvu7pQ2FUQVecs3SvJLD9,232.2,6.03089418514e-08,0.0540,0.010791,1982,442,25.70,0.00,0,2
2026-10-06 00:00:56,4DOV,offen,TRANNIE,BvLqum9qd4TWQ1c9WPmLYMvxxzoXUjsFycVffvjyq16,151.3,8.12695549979e-08,0.3473,0.069466,2476,227,26.68,0.00,1,2
2026-10-06 00:00:56,4DOV,offen,FEEBITS,BJUiNooYiZ4ojatPVeJAUXGEd3dcGzQ1ApWDoVTzpump,93.3,6.26397124474e-06,1.0385,0.623105,52157,1952,38.30,0.00,55,171
2026-10-06 00:00:56,Cooker,offen,SI,DEW9dSN6QpWyNthphCpMmAbZP1Q4cEKR9xQXAri98WDP,6035.8,0.000219959074004,0.6481,0.388844,2037027,57828,13.53,0.00,30,126
2026-10-06 00:00:56,Cooker,offen,HOOKED,C1mBfBoDkwWfd6uTFZp62ARHLjeVp3bDpCDMfMZtPngE,4582.1,6.89683202355e-05,0.6313,2.904148,916513,11079,20.53,0.00,21,63
2026-10-06 00:00:56,Gake,offen,CURVE,7ioeSgzfSKHMnpgfPpgRFsekMBGiu9oi6t6GeqYtNbbh,6724.6,2.6692310288e-06,0.7715,0.154299,144141,1192,16.65,0.04,0,0
2026-10-06 00:00:56,Gake,offen,SDOG,yFcTuQJCMsd1Asya15GZ7h4KGdxsujRLcUiTWWXpump,6537.9,7.95840317097e-07,0.1066,0.021328,16519,1661,23.04,0.00,4,2
2026-10-06 00:00:56,Gake,offen,OP,5PiBn5JdjJDnRGziiSfsu2affgBR3DyTTCR3CHpcode,6475.3,2.50889746595e-06,0.6909,0.138185,32509,1631,20.13,0.00,0,2
2026-10-06 00:00:56,Gake,offen,PURPS,purpFPo5voy6fEu8jxSCwVdMs1zyYEYAH6FBQvTYCZK,4193.1,2.69281833404e-06,0.9447,0.188941,34567,2312,33.90,0.00,1,0
2026-10-06 00:00:56,Pikalosi,offen,Miu,7LNFZcNigZay5U9e2sq6n2Z4iM8BC2Dd53L14pwvpump,4699.6,3.99176438166e-07,0.9564,0.191280,14167,805,20.87,0.00,0,0
2026-10-06 00:00:56,Dior,offen,OTC,MukLDtJ8Cx9DxLbeyLRSWPSposTMWuwHANbuaudpump,5025.4,8.00753297371e-05,1.1839,5.074425,539553,18560,24.80,0.00,13,17
2026-10-06 00:00:56,Dior,offen,TripleT,J8PSdNP3QewKq2Z1JJJFDMaqF7KcaiJhR7gbr5KZpump,4153.6,6.25815046062e-05,1.0100,0.403987,406791,22838,18.89,0.00,4,11
2026-10-06 00:00:56,Dior,offen,Kirkslop,8m5hzX9hprtWwPuVZL4daCZfggWYKc6fhSJDDpiqpump,3832.9,7.93641565998e-07,1.0261,0.205223,16994,394,27.93,0.00,0,0
2026-10-06 00:00:56,Dior,offen,COCKROACH,H4KUxsEgCp2yDpFvyDuGM5k6XevSKKrrKUxZ3Zr6nyJc,672.1,8.89675950611e-06,0.8059,1.128285,123279,3500,17.30,0.00,3,11
2026-10-06 00:00:56,Dior,offen,glungus,Bd9thw3PAeyHeBGSi4R1ARBuptpG5rM4fhB8BRWJkq1e,663.9,1.10850360357e-06,0.8626,0.345041,16244,548,24.86,0.00,0,2
2026-10-06 00:00:56,Dior,offen,AC,HpkDyHK7avch8TS3raZ6mifBjZoUHRgvWwgzRQL1RXFR,386.8,1.72419726884e-06,1.2710,1.270957,20482,948,25.91,0.00,8,32
2026-10-06 00:00:56,3zsr,offen,Sapijiju,8Fs2YLsayR4awLB79nMM3QCpG3pqvcAGP7hHb8fX4L2G,4524.6,1.08656619922e-07,1.0139,0.202773,3864,338,26.44,0.00,0,0
2026-10-06 00:00:56,C7bF,offen,cuh,Cwy6r7eteARzfsYwwJ8sgPZTQr4AGApD8WT8ozdtpump,165.8,9.08635226178e-08,2.4434,0.488689,6173,28,31.83,0.00,0,1
2026-10-06 00:00:56,C7bF,offen,Biscuit,E9Jb1udzrLtvuKzou89EjRwEQ7dWC7YS49g2pTh5pump,3.2,8.46862444053e-07,3.0122,0.602436,12966,906,18.44,0.00,695,2691
2026-10-06 00:00:56,Eshi,offen,CASPER,WhcjUqCouJcvkSJdE9fw8B6TY4K6sMLYfYp9b1Epump,2370.0,5.49024061338e-08,0.9292,0.185836,1733,128,28.30,0.00,0,0
2026-10-06 00:00:56,G7b2,offen,si.gov,7CTRbkV1tVuq1f59pRxT1Pb2W5AHG4gM9FMH4rGzKiXv,2325.9,2.19979590622e-06,0.9614,1.922779,31341,2319,11.69,0.00,1,1
2026-10-06 00:00:56,G7b2,offen,.si,8RfgokotF4CW3BAAd6Pzy4ap9AHiZq236C63oB8J7nre,2202.8,1.00590658432e-07,0.4609,0.092186,4455,331,17.01,0.00,1,1
2026-10-06 00:00:56,G7b2,offen,GTA6,4kjruqGHDsSqkMdFfCjV7Vb62HPFhtXyWc2t6JpQzDnz,1323.7,5.02768947901e-06,0.9853,0.788202,11325,10680,17.73,0.00,0,0
2026-10-06 00:00:56,G7b2,offen,SXSI,DQysBW79uHzZAWd2ahVQrf89CuSFqVzuNA3ijHbjVJfG,1315.0,1.5268593789e-06,0.4573,0.548739,23285,1373,26.04,0.00,1,8
2026-10-06 00:00:56,G7b2,offen,SI,DEW9dSN6QpWyNthphCpMmAbZP1Q4cEKR9xQXAri98WDP,1275.8,0.000219959074004,0.8192,1.474628,2037027,57828,13.53,0.00,30,126
2026-10-06 00:00:56,GeFg,offen,Percy,9ey7zGjpgQ9a4R5YxdEnv6y99xWeNFUNRow48dyfpump,2709.3,2.69077641486e-08,0.1784,0.035671,2708,81,14.89,0.00,0,0
2026-10-06 00:00:56,GeFg,offen,Yugi,Eo7hAPND5wNHwqEEFp1qZ9cfDVsjtBkQi1hn782jd1bV,1830.4,1.12489759698e-07,0.4067,0.081347,3324,244,25.57,0.00,0,1
2026-10-06 00:00:56,499R,offen,PUMPE,9fJAWKQpkY93hfuZxrHfh5wEh2AV9vjkWNQfzfbziHd2,2536.6,1.45671716229e-05,0.9774,2.953905,84471,2399,18.17,0.80,1,2
2026-10-06 00:00:56,7Cn1,offen,SI,DEW9dSN6QpWyNthphCpMmAbZP1Q4cEKR9xQXAri98WDP,1031.9,0.000219959074004,0.7677,0.441135,2037027,57828,13.53,0.00,30,126
2026-10-06 00:00:56,7Cn1,offen,GEM,EWMZwoCjUo9GvVG9PSvQfJEcfAQod5xosKfJzpxN8HnF,1013.0,3.51269476276e-08,0.7566,0.605248,4054,10,11.73,0.00,0,0
2026-10-06 00:00:56,7Cn1,offen,si.gov,7CTRbkV1tVuq1f59pRxT1Pb2W5AHG4gM9FMH4rGzKiXv,496.3,2.19979590622e-06,0.7918,0.158361,31341,2319,11.69,0.00,1,1
2026-10-06 00:00:56,7Cn1,offen,CRAWL,BXoHJddsWJLHtAopeiSbKUSELsu8hSFMs8baGMDkpump,94.3,3.21731785751e-05,1.0018,0.400735,461348,7570,14.14,0.00,52,540
2026-10-06 00:00:56,Loopierr,schatten,CatCollector,5AgD5tmarU5kgbqHqCgDEMcAHAQAm8muV67xkKs9urps,5151.9,3.16241885617e-08,0.0940,0.018793,168,38,4.00,0.00,0,0
2026-10-06 00:00:56,Loopierr,schatten,SGI,36yTNhb9rfogt4mWxFiTnBeeT9bNXrVdKymAJ3jbvTzM,5001.0,2.91053965058e-08,0.1823,0.036465,3665,8,1.54,0.00,0,0
2026-10-06 00:00:56,6ANG,schatten,ANTHROPIG,25DeVAVF86uAd2wcFewp7F1s6gjZei88Mj4xBzg3AP94,5713.1,1.05946611886e-07,0.4321,0.086410,5094,68,31.13,0.00,0,0
2026-10-06 00:00:56,HEBO,schatten,SI,4qCW74oX82oTeypDzFYYYZ6eJ6yPQVFeX196YpHszJFY,1834.2,2.51623465965e-08,0.4991,0.099823,2652,63,13.02,0.00,0,0
2026-10-06 00:00:56,HEBO,schatten,INCOME,E7mRvAbgZdA6dF7cgXZevkbjd9Yfy5q11XEFnWZfpump,1562.9,6.24818205355e-08,0.9979,0.199571,2534,1273,15.11,0.00,0,0
2026-10-06 00:00:56,HEBO,schatten,GPH,BtmRMRazMTY2KqpbZkdFGrGJSm8rwLG744DV8Webpump,524.5,7.07167252792e-08,1.0022,0.200435,2211,84,27.71,0.00,0,0
2026-10-06 00:00:56,HEBO,schatten,pup,7HE2WmPoYE7uaA7DKh25N5cUwEcUoiyjwZU9ZeaQpump,524.0,7.47365293151e-08,0.6848,0.136965,2635,375,25.27,0.00,0,0
2026-10-06 00:00:56,Troupe,schatten,CLAUSE,EWKyN7QHfJo41ikKqpo8R5gwEvryytKo9Vf7NF39U1GC,209.7,1.96279901681e-08,0.0568,0.011354,2233,39,5.36,0.00,0,0
2026-10-06 00:00:56,4DOV,schatten,Human,8nPoBHiBM6pybxMws9PA2JRb9BjkppBfqcZGmot4DMBC,1430.2,8.07717334399e-06,0.3094,0.021143,109170,7111,20.56,0.00,10,48
2026-10-06 00:00:56,Cooker,schatten,X7,CdhZy8wrRxNxoV8HtoByXKN7mvS46avtuZ1b39tKfx7,5814.9,1.99062691775e-06,0.1967,0.039332,46102,1631,20.97,0.00,0,0
2026-10-06 00:00:56,Cooker,schatten,9e9,HZ4qZQJ7yf6WR1D24GLRLJ3cKUfgtJEF3B7SdLMLvCPZ,4545.5,3.60331127232e-08,0.0419,0.016750,1211,273,17.66,0.00,0,0
2026-10-06 00:00:56,Gake,schatten,MINEPAD,2EUKLvNQ63YCmjSDyJ14Tzj7ASeHGXgseYWrKAa2mine,6694.6,8.64911856026e-07,0.5100,0.086692,18222,740,22.56,0.00,3,2
2026-10-06 00:00:56,Gake,schatten,TERRA,JD3d8mxEJ91LHZSuwVLquFAKdo5PbEeLCUevjjDsPdRe,5412.0,1.37025375778e-07,0.1007,0.020149,4035,130,30.24,0.00,0,0
2026-10-06 00:00:56,Gake,schatten,SHITCOIN,4BxBot4K36N3ZZkpB9sqEocy5iBi8cUttK6s8YbHH9Jo,3904.2,7.15779741381e-08,0.0761,0.015216,2300,124,33.58,0.00,0,0
2026-10-06 00:00:56,Gake,schatten,FROGE,6R1F4sNySF4NKGdhW3UhESWuYYRu4Cehk5rn3mGP375R,3893.4,6.68784456775e-08,0.0630,0.012601,2397,366,25.22,0.00,0,0
2026-10-06 00:00:56,Gake,schatten,GENESIS,CSEd3Pi5WZL7w5vmwNjDVXv8poAqSv2Dn1as1erUpump,1247.5,2.36025662916e-07,0.0488,0.009763,6629,975,26.07,0.10,0,0
2026-10-06 00:00:56,Gake,schatten,OATH,2RSsw9tntE1RmoiPnNFiu93EzQu2eLnCAzvZiqMSoatH,1231.3,3.85862465489e-07,0.3463,0.069250,9881,305,28.42,0.00,0,3
2026-10-06 00:00:56,Gake,schatten,IMAGINE,EpFTb2XcGiMyGLykZ9VYmyPWz2AHEwAggqSbwJpypump,859.2,2.71937455736e-06,1.0175,0.203507,30663,829,37.91,9.27,0,0
2026-10-06 00:00:56,Dior,schatten,AC,HpkDyHK7avch8TS3raZ6mifBjZoUHRgvWwgzRQL1RXFR,388.1,1.72419726884e-06,1.1868,0.237368,20482,948,25.91,0.00,8,32
2026-10-06 00:00:56,C7bF,schatten,cuh,4zgRFQpu1DDNajzfyb3rF5S3cdFif1sNyK4nMcmjpump,214.9,3.34508797413e-08,0.6962,0.139242,3967,4,9.10,0.00,0,0
2026-10-06 00:00:56,C7bF,schatten,Biscuit,E9Jb1udzrLtvuKzou89EjRwEQ7dWC7YS49g2pTh5pump,3.0,8.46862444053e-07,5.4483,1.089659,12966,906,18.44,0.00,695,2691
2026-10-06 00:00:56,koko,schatten,MAJOR,7AUzu756Pp3Cg3NByuKfcRSAFFt31kjC6U6R1npkiA1Q,3064.0,1.96420809057e-07,4.3000,0.859994,5194,175,30.61,0.00,0,0
2026-10-06 00:00:56,77n6,schatten,MOE,L8nRPCzg1Tntw5RCMECXyJSBpLiCz6yKdZmxAjzpump,2459.8,2.23615585227e-07,0.7106,0.142124,5495,169,20.16,0.00,0,2
2026-10-06 00:00:56,G7b2,schatten,.si,8RfgokotF4CW3BAAd6Pzy4ap9AHiZq236C63oB8J7nre,2202.6,1.00590658432e-07,0.3111,0.124435,4455,331,17.01,0.00,1,1
2026-10-06 00:01:57,Loopierr,offen,GARP,FKPdKiZBYMU2MwHXKjyhgV6ozSh2APzvvr3ZBwFCfSHo,7925.7,2.46141467836e-08,0.0387,0.007735,521,148,7.76,0.00,0,0
2026-10-06 00:01:57,6ANG,offen,OpenSI,5ptkVdbpaPpEJPPVXE5CpJNCXEmAidyot5TQcDDawMzm,7653.3,4.74952792315e-07,1.1527,0.886765,11808,1206,23.58,0.00,0,0
2026-10-06 00:01:57,6ANG,offen,ANT,BTZK1B3pCoBDD1vy5e4bDBM4bwvvhkKUMTuKABkGWwGp,5714.3,2.52940255196e-07,0.6558,0.393500,8409,79,25.43,0.00,0,0
2026-10-06 00:01:57,6ANG,offen,ANTHROPIG,25DeVAVF86uAd2wcFewp7F1s6gjZei88Mj4xBzg3AP94,5714.1,1.05946611886e-07,0.4346,0.173826,5094,68,31.13,0.00,0,0
2026-10-06 00:01:57,9LXM,offen,SGI,FcZcFjfNPJR9rycZS1FwkiEgQTW7ZWRjdSaBdJ6M9ha6,7508.3,6.99050414894e-08,0.0459,0.018358,4725,349,19.50,0.00,0,0
2026-10-06 00:01:57,HEBO,offen,SGI,FcZcFjfNPJR9rycZS1FwkiEgQTW7ZWRjdSaBdJ6M9ha6,7946.3,6.99050414894e-08,0.0590,0.067651,4725,349,19.50,0.00,0,0
2026-10-06 00:01:57,HEBO,offen,goon,HSUMi4rMgjrx7zRUabw3ogGu1pa5hmF2eVcXj9Apump,7740.3,3.83633370345e-07,0.4697,0.338458,12082,2925,15.24,0.00,1,4
2026-10-06 00:01:57,HEBO,offen,Tico,35ccP7zmf4THJsDn3UtozYcWm1U8nzhyHcTgK3ETpump,7675.0,3.21501264183e-08,0.5376,0.107513,3877,30,7.18,0.00,0,0
2026-10-06 00:01:57,HEBO,offen,SGI,Cb2pMbsRRvaeZoxpRqnTP6k6hLziSUf5pnqW9Jx5T3Wz,5086.6,1.61529130445e-07,0.4282,0.599422,7585,463,26.36,0.00,0,0
2026-10-06 00:01:57,HEBO,offen,ArmyX,F7y94q8QvGKNCrGt6E5pgQ7ABBkQK4QkqEBGs9Y5ZFFk,5062.1,3.80093253738e-08,0.1419,0.113491,3522,70,17.45,0.00,0,0
2026-10-06 00:01:57,HEBO,offen,BLOBBY,6tr6DHikJCo7Fi5bu65LoC7itWZezz6aZny36H8Kh5Q1,4859.2,3.87623795389e-08,0.1090,0.109000,3578,241,22.04,0.00,0,0
2026-10-06 00:01:57,HEBO,offen,BLOBBY,AsoVfPHWY5YHCpc4aMzUcMENVRaC9Rjje94BpkxcW2VE,4815.8,4.77587647445e-08,0.6730,0.134599,1429,140,15.75,0.00,0,0
2026-10-06 00:01:57,HEBO,offen,ZUCKS,2eBJvNnn7guSjX1yuE7seuDY9pveDiHkfoyeBh2WZroS,4796.5,2.18506399273e-08,0.3342,0.048118,2392,37,7.97,0.00,0,0
2026-10-06 00:01:57,HEBO,offen,TRUMPTV,34w4t74EsbJyBBSyYBFyNo65Ft7Ax8BF3HrubL1mwbpL,4701.6,1.96019065421e-08,0.1503,0.030055,2266,95,5.45,0.00,0,0
2026-10-06 00:01:57,HEBO,offen,pill,DvdmEnztCmXwBnAbedD48XVGZJSxq31zNvnyftXdpump,3637.7,1.3750795379e-05,0.7193,1.582420,256895,5664,19.45,0.00,6,7
2026-10-06 00:01:57,HEBO,offen,PUMPCAT,G4vqe8KAcRGTb7Kc55n9sz43aR4ugTPdSeUnAXZhpump,3637.4,3.28998904297e-06,1.5597,0.311936,53111,1251,24.45,0.00,0,0
2026-10-06 00:01:57,HEBO,offen,CUPTOBER,EKgswaMnRSJHmyFZCbxscTAjiR2bH1oLXsftepUGsPtz,3474.3,4.86220893005e-08,0.5911,0.236428,5471,31,11.81,0.00,0,0
2026-10-06 00:01:57,HEBO,offen,Scronkfinkle,DaUFkgZjwJCsM9QDWCsxtZS2omgHS3Fn9GHgTX5wwpcX,2212.0,3.98525685652e-08,0.3921,0.235251,1122,104,19.39,0.00,0,0
2026-10-06 00:01:57,HEBO,offen,Eagle,E3pWKtfQk6LLZpRWVTjJwrMY4vFa9umLYDPxWJtZSTNK,2188.5,3.29127499282e-08,0.1739,0.157520,3151,91,16.39,0.00,0,0
2026-10-06 00:01:57,HEBO,offen,Inu,83LFceyzRNNRUThm4VzHx4jmVuf6xAggSp2UvhQx52Dy,1835.4,2.78536524224e-08,0.1605,0.032093,2808,129,12.84,0.00,0,0
2026-10-06 00:01:57,HEBO,offen,Caviar,F7ktJWjMtubD8zwv5xMb35g5hPTvGQSDMS8UGcwXpump,1567.8,1.17699387824e-07,0.7505,0.300212,3818,91,29.59,0.00,0,0
2026-10-06 00:01:57,HEBO,offen,APU,HoCeDUrd5BqfYmaRk2eiUpzshEvpwfYpgrJ4YKFCpump,1562.3,3.92295822289e-07,0.9347,0.186948,10728,290,27.64,0.00,0,0
2026-10-06 00:01:57,HEBO,offen,TIT,3KM7dvpUk2Wm8qdXtZpBJHgic4bAaz1MTDHvUEjKpump,1542.3,3.65476559419e-07,0.8109,0.486553,9430,152,28.08,0.00,0,0
2026-10-06 00:01:57,HEBO,offen,MIM,6bJtwhtvzkthAYszQ3ZWkFJzSvbGSkbAz9yPcSiXaGK6,1541.7,1.81842824349e-07,1.4379,0.287584,5801,218,25.55,0.00,0,0
2026-10-06 00:01:57,HEBO,offen,Taste,93FWFR63nwQcq5zuXNmTits5BYcKFjmUZzccMvhmpump,1541.4,1.86979796218e-07,2.0832,0.833261,12483,62,25.43,0.00,0,1
2026-10-06 00:01:57,HEBO,offen,GPH,H1hFymzkRE7CAdxEuBWYknvsTCgoDXAqPKFU94iPpump,1535.7,4.98984540588e-08,0.9443,0.188860,899,71,17.96,0.00,0,0
2026-10-06 00:01:57,HEBO,offen,APP,6MnQ921sqsShymdoqPv2RfhL5g2Hk2hoqPvgpDGcpump,530.0,5.66888575415e-07,1.1287,0.677205,10014,385,30.22,0.00,2,0
2026-10-06 00:01:57,HEBO,offen,TIT,Ar3QBegnCQr6ZFyN9h637ar9JCxZRvdboiR1QzMrpump,529.5,2.59404190108e-07,0.5708,0.570813,6316,442,31.59,0.00,5,1
2026-10-06 00:01:57,HEBO,offen,AVERY,8QFGVLXehnTv28eMdXZkhY5d84SVF58LAfRGx8zWpH9b,466.4,6.84382197388e-08,0.3821,0.076414,4394,307,26.43,0.00,3,2
2026-10-06 00:01:57,Troupe,offen,PUMP,pumpCmXqMfrsAkQ5r49WcJnRayYRqmXz6ae8H7H9Dfn,5864.8,5.35892426705e-05,1.1054,0.009994,43517338,307060,59.30,0.00,99,444
2026-10-06 00:01:57,Troupe,offen,homo,42AtRP5d3ySBj9iveMYeD23kkmN3HEZFwUzs1YKvkPA9,4212.3,2.17392923345e-08,0.0585,0.010249,290,150,4.19,0.00,0,0
2026-10-06 00:01:57,Troupe,offen,PUMPE,9fJAWKQpkY93hfuZxrHfh5wEh2AV9vjkWNQfzfbziHd2,4085.5,1.46261443856e-05,0.5293,0.635156,84937,2399,18.17,0.80,2,0
2026-10-06 00:01:57,Troupe,offen,HOLD,6REnZgtxhwdSAHczAp4J5PRsGQYQt7T3x4kEDyfs9U7y,4042.5,3.01611354954e-08,0.0174,0.003473,857,489,12.14,0.00,0,0
2026-10-06 00:01:57,Troupe,offen,THICC,3QEbHMK6ceYevtaCdLmBQMJgcPb9PJQpgyFBP6f6x6Rg,1387.0,1.37387868322e-08,0.0639,0.012778,1524,8,3.94,0.00,0,0
2026-10-06 00:01:57,Troupe,offen,CLAUSE,EWKyN7QHfJo41ikKqpo8R5gwEvryytKo9Vf7NF39U1GC,210.8,1.96279901681e-08,0.0806,0.016118,2233,39,5.36,0.00,0,0
2026-10-06 00:01:57,4DOV,offen,BOT,Aaan4fxwhKtUUPg2GSKq6natLV9oj9QQNf5xT4UE2gXr,5511.8,3.12382805202e-08,0.0367,0.007334,895,332,15.16,0.00,0,0
2026-10-06 00:01:57,4DOV,offen,PUDU,8HQgEcbhR5Xoh735zvndAocCLd7wdAYJfWHV55J8pump,4062.9,3.07704795179e-08,0.0146,0.005839,893,441,13.13,0.00,0,0
2026-10-06 00:01:57,4DOV,offen,Agency,7VertkgF9KLhxxJXHX6uaWuoYZTP9LdGj2bWmVXVpump,3334.9,6.61969910947e-05,0.8157,0.412926,920769,12993,22.00,0.00,148,470
2026-10-06 00:01:57,4DOV,offen,Aiden,9dSMwFfPezQ8WPcW1uZV7ns4rcviEj2LssSAg75WBLXd,2623.7,7.09669734958e-07,0.0504,0.022701,18776,3506,20.60,0.00,18,8
2026-10-06 00:01:57,4DOV,offen,CRAWL,BXoHJddsWJLHtAopeiSbKUSELsu8hSFMs8baGMDkpump,2121.4,3.23086623261e-05,0.8685,0.911939,463973,7570,14.14,0.00,44,395
2026-10-06 00:01:57,4DOV,offen,Ash,F5WvFdG9sCfhv3bVYAMJNWiwpx5e3X2uvpXDtLtdsDJs,1914.2,3.11482939278e-06,0.4326,0.519131,60503,3611,17.63,0.16,33,29
2026-10-06 00:01:57,4DOV,offen,SPLICE,7bC8ugu1ZJn21MhA4ht483nX8brLNesa8R7XLimpFyhq,1867.2,1.33339226783e-06,0.0843,0.050579,23515,2994,18.90,0.03,3,13
2026-10-06 00:01:57,4DOV,offen,Ash,4jxyespUyvDxg1cN1NMCWErHGGyPrBdEzPiDobLBmttL,1549.5,3.87379922821e-08,0.0968,0.019357,1055,24,2.58,0.00,0,0
2026-10-06 00:01:57,4DOV,offen,Human,8nPoBHiBM6pybxMws9PA2JRb9BjkppBfqcZGmot4DMBC,1431.6,8.35562868694e-06,0.5519,0.419136,110281,7120,20.56,0.00,27,46
2026-10-06 00:01:57,4DOV,offen,www,GAwhcphCqCv5bKHmCiN4VDdNWfbXJL4npmkc8L3Q9S9H,1398.9,2.9865317526e-06,0.2858,0.114325,55223,7118,16.84,0.00,65,6
2026-10-06 00:01:57,4DOV,offen,ACTII,DYjM6f2R34Qp4jPE73HsdEVZwwcQFCsokpNYCqBUpump,1326.6,2.40478031261e-07,0.0455,0.013645,6925,1320,22.02,0.00,1,2
2026-10-06 00:01:57,4DOV,offen,BANANA,G7JkKqGb69cCWC2XkDXc8LG8qbifTkCKpsAcr6kApump,1210.5,1.10302985874e-07,0.1056,0.021118,3329,276,28.32,0.00,0,1
2026-10-06 00:01:57,4DOV,offen,JITI,6YuVyHbjdwxiH1CLCSusP9yjXmsVvQfcTbSSPcFuXDew,649.5,1.07038705601e-07,0.0907,0.018146,4023,1018,27.10,0.00,1,2
2026-10-06 00:01:57,4DOV,offen,QINU,4unydQjvYdqR31pkuBYGu2nGst8r8j5XMW8KXRXtpump,413.1,7.61645911707e-08,0.0457,0.018296,2561,677,20.41,1.06,1,1
2026-10-06 00:01:57,4DOV,offen,NOLLA,CXw5hY3BMi87DTa99ekZgwxuvu7pQ2FUQVecs3SvJLD9,233.2,5.71470375879e-08,0.0511,0.010225,1845,440,25.70,0.00,0,4
2026-10-06 00:01:57,4DOV,offen,TRANNIE,BvLqum9qd4TWQ1c9WPmLYMvxxzoXUjsFycVffvjyq16,152.4,8.12695549979e-08,0.3473,0.069466,2476,227,26.68,0.00,1,2
2026-10-06 00:01:57,4DOV,offen,FEEBITS,BJUiNooYiZ4ojatPVeJAUXGEd3dcGzQ1ApWDoVTzpump,94.3,5.81151140329e-06,0.9635,0.578097,51781,1941,38.30,0.00,40,144
2026-10-06 00:01:57,Cooker,offen,SI,DEW9dSN6QpWyNthphCpMmAbZP1Q4cEKR9xQXAri98WDP,6036.8,0.000219958470621,0.6481,0.388843,2052455,57825,13.58,0.00,33,114
2026-10-06 00:01:57,Cooker,offen,HOOKED,C1mBfBoDkwWfd6uTFZp62ARHLjeVp3bDpCDMfMZtPngE,4583.1,6.90643211599e-05,0.6322,2.908191,918837,11084,20.53,0.00,24,67
2026-10-06 00:01:57,Gake,offen,CURVE,7ioeSgzfSKHMnpgfPpgRFsekMBGiu9oi6t6GeqYtNbbh,6725.6,2.6692310288e-06,0.7715,0.154299,144041,1192,16.65,0.04,0,0
2026-10-06 00:01:57,Gake,offen,SDOG,yFcTuQJCMsd1Asya15GZ7h4KGdxsujRLcUiTWWXpump,6538.9,7.95840317097e-07,0.1066,0.021328,16519,1661,23.04,0.00,4,2
2026-10-06 00:01:57,Gake,offen,OP,5PiBn5JdjJDnRGziiSfsu2affgBR3DyTTCR3CHpcode,6476.3,2.50889746595e-06,0.6909,0.138185,32304,1631,20.13,0.00,0,2
2026-10-06 00:01:57,Gake,offen,PURPS,purpFPo5voy6fEu8jxSCwVdMs1zyYEYAH6FBQvTYCZK,4194.1,2.69281833404e-06,0.9447,0.188941,34567,2312,33.90,0.00,1,0
2026-10-06 00:01:57,Pikalosi,offen,Miu,7LNFZcNigZay5U9e2sq6n2Z4iM8BC2Dd53L14pwvpump,4700.6,3.99176438166e-07,0.9564,0.191280,14167,805,20.87,0.00,0,0
2026-10-06 00:01:57,Dior,offen,OTC,MukLDtJ8Cx9DxLbeyLRSWPSposTMWuwHANbuaudpump,5026.5,7.94069192739e-05,1.1741,5.032067,538581,18558,24.80,0.00,12,20
2026-10-06 00:01:57,Dior,offen,TripleT,J8PSdNP3QewKq2Z1JJJFDMaqF7KcaiJhR7gbr5KZpump,4154.6,6.26561476355e-05,1.0112,0.404469,407082,22841,18.89,0.00,3,5
2026-10-06 00:01:57,Dior,offen,Kirkslop,8m5hzX9hprtWwPuVZL4daCZfggWYKc6fhSJDDpiqpump,3833.9,7.93641565998e-07,1.0261,0.205223,16994,394,27.93,0.00,0,0
2026-10-06 00:01:57,Dior,offen,COCKROACH,H4KUxsEgCp2yDpFvyDuGM5k6XevSKKrrKUxZ3Zr6nyJc,673.1,8.84706614125e-06,0.8014,1.121983,124122,3499,17.30,0.00,4,10
2026-10-06 00:01:57,Dior,offen,glungus,Bd9thw3PAeyHeBGSi4R1ARBuptpG5rM4fhB8BRWJkq1e,664.9,1.09574965924e-06,0.8527,0.341071,16112,544,24.86,0.00,0,5
2026-10-06 00:01:57,Dior,offen,AC,HpkDyHK7avch8TS3raZ6mifBjZoUHRgvWwgzRQL1RXFR,387.8,1.69639045416e-06,1.2505,1.250460,20560,948,25.91,0.00,7,32
2026-10-06 00:01:57,3zsr,offen,Sapijiju,8Fs2YLsayR4awLB79nMM3QCpG3pqvcAGP7hHb8fX4L2G,4525.6,1.08656619922e-07,1.0139,0.202773,3864,338,26.44,0.00,0,0
2026-10-06 00:01:57,C7bF,offen,cuh,Cwy6r7eteARzfsYwwJ8sgPZTQr4AGApD8WT8ozdtpump,166.8,9.08635226178e-08,2.4434,0.488689,6173,28,31.83,0.00,0,0
2026-10-06 00:01:57,Eshi,offen,CASPER,WhcjUqCouJcvkSJdE9fw8B6TY4K6sMLYfYp9b1Epump,2371.1,5.49024061338e-08,0.9292,0.185836,1733,128,28.30,0.00,0,0
2026-10-06 00:01:57,G7b2,offen,si.gov,7CTRbkV1tVuq1f59pRxT1Pb2W5AHG4gM9FMH4rGzKiXv,2326.9,2.19979590622e-06,0.9614,1.922779,31341,2319,11.69,0.00,1,1
2026-10-06 00:01:57,G7b2,offen,.si,8RfgokotF4CW3BAAd6Pzy4ap9AHiZq236C63oB8J7nre,2203.8,1.00590658432e-07,0.4609,0.092186,4455,331,17.01,0.00,1,1
2026-10-06 00:01:57,G7b2,offen,GTA6,4kjruqGHDsSqkMdFfCjV7Vb62HPFhtXyWc2t6JpQzDnz,1324.8,5.02768947901e-06,0.9853,0.788202,11325,10680,17.73,0.00,0,0
2026-10-06 00:01:57,G7b2,offen,SXSI,DQysBW79uHzZAWd2ahVQrf89CuSFqVzuNA3ijHbjVJfG,1316.0,1.5268593789e-06,0.4573,0.548739,23285,1373,26.04,0.00,1,8
2026-10-06 00:01:57,G7b2,offen,SI,DEW9dSN6QpWyNthphCpMmAbZP1Q4cEKR9xQXAri98WDP,1276.8,0.000219958470621,0.8192,1.474624,2052455,57825,13.58,0.00,33,114
2026-10-06 00:01:57,GeFg,offen,Percy,9ey7zGjpgQ9a4R5YxdEnv6y99xWeNFUNRow48dyfpump,2710.3,2.69077641486e-08,0.1784,0.035671,2708,81,14.89,0.00,0,0
2026-10-06 00:01:57,GeFg,offen,Yugi,Eo7hAPND5wNHwqEEFp1qZ9cfDVsjtBkQi1hn782jd1bV,1831.4,1.12489759698e-07,0.4067,0.081347,3324,244,25.57,0.00,0,1
2026-10-06 00:01:57,499R,offen,PUMPE,9fJAWKQpkY93hfuZxrHfh5wEh2AV9vjkWNQfzfbziHd2,2537.6,1.46261443856e-05,0.9813,2.965864,84937,2399,18.17,0.80,2,0
2026-10-06 00:01:57,7Cn1,offen,SI,DEW9dSN6QpWyNthphCpMmAbZP1Q4cEKR9xQXAri98WDP,1032.9,0.000219958470621,0.7677,0.441134,2052455,57825,13.58,0.00,33,114
2026-10-06 00:01:57,7Cn1,offen,GEM,EWMZwoCjUo9GvVG9PSvQfJEcfAQod5xosKfJzpxN8HnF,1014.0,3.51269476276e-08,0.7566,0.605248,4054,10,11.73,0.00,0,0
2026-10-06 00:01:57,7Cn1,offen,si.gov,7CTRbkV1tVuq1f59pRxT1Pb2W5AHG4gM9FMH4rGzKiXv,497.4,2.19979590622e-06,0.7918,0.158361,31341,2319,11.69,0.00,1,1
2026-10-06 00:01:57,7Cn1,offen,CRAWL,BXoHJddsWJLHtAopeiSbKUSELsu8hSFMs8baGMDkpump,95.3,3.23086623261e-05,1.0061,0.402423,463973,7570,14.14,0.00,44,395
2026-10-06 00:01:57,Loopierr,schatten,CatCollector,5AgD5tmarU5kgbqHqCgDEMcAHAQAm8muV67xkKs9urps,5152.9,3.16241885617e-08,0.0940,0.018793,168,38,4.00,0.00,0,0
2026-10-06 00:01:57,Loopierr,schatten,SGI,36yTNhb9rfogt4mWxFiTnBeeT9bNXrVdKymAJ3jbvTzM,5002.0,2.91053965058e-08,0.1823,0.036465,3665,8,1.54,0.00,0,0
2026-10-06 00:01:57,6ANG,schatten,ANTHROPIG,25DeVAVF86uAd2wcFewp7F1s6gjZei88Mj4xBzg3AP94,5714.1,1.05946611886e-07,0.4321,0.086410,5094,68,31.13,0.00,0,0
2026-10-06 00:01:57,HEBO,schatten,SI,4qCW74oX82oTeypDzFYYYZ6eJ6yPQVFeX196YpHszJFY,1835.2,2.51623465965e-08,0.4991,0.099823,2652,63,13.02,0.00,0,0
2026-10-06 00:01:57,HEBO,schatten,INCOME,E7mRvAbgZdA6dF7cgXZevkbjd9Yfy5q11XEFnWZfpump,1564.0,6.24818205355e-08,0.9979,0.199571,2534,1273,15.11,0.00,0,0
2026-10-06 00:01:57,HEBO,schatten,GPH,BtmRMRazMTY2KqpbZkdFGrGJSm8rwLG744DV8Webpump,525.5,7.07167252792e-08,1.0022,0.200435,2211,84,27.71,0.00,0,0
2026-10-06 00:01:57,HEBO,schatten,pup,7HE2WmPoYE7uaA7DKh25N5cUwEcUoiyjwZU9ZeaQpump,525.0,7.49580364468e-08,0.6869,0.137371,2639,374,25.27,0.00,0,1
2026-10-06 00:01:57,Troupe,schatten,CLAUSE,EWKyN7QHfJo41ikKqpo8R5gwEvryytKo9Vf7NF39U1GC,210.7,1.96279901681e-08,0.0568,0.011354,2233,39,5.36,0.00,0,0
2026-10-06 00:01:57,4DOV,schatten,Human,8nPoBHiBM6pybxMws9PA2JRb9BjkppBfqcZGmot4DMBC,1431.2,8.35562868694e-06,0.3200,0.021871,110281,7120,20.56,0.00,27,46
2026-10-06 00:01:57,Cooker,schatten,X7,CdhZy8wrRxNxoV8HtoByXKN7mvS46avtuZ1b39tKfx7,5815.9,1.99062691775e-06,0.1967,0.039332,46102,1631,20.97,0.00,0,0
2026-10-06 00:01:57,Cooker,schatten,9e9,HZ4qZQJ7yf6WR1D24GLRLJ3cKUfgtJEF3B7SdLMLvCPZ,4546.5,3.60331127232e-08,0.0419,0.016750,1211,273,17.66,0.00,0,0
2026-10-06 00:01:57,Gake,schatten,MINEPAD,2EUKLvNQ63YCmjSDyJ14Tzj7ASeHGXgseYWrKAa2mine,6695.6,8.58424085405e-07,0.5061,0.086042,18232,739,22.56,0.00,3,1
2026-10-06 00:01:57,Gake,schatten,TERRA,JD3d8mxEJ91LHZSuwVLquFAKdo5PbEeLCUevjjDsPdRe,5413.0,1.37025375778e-07,0.1007,0.020149,4035,130,30.24,0.00,0,0
2026-10-06 00:01:57,Gake,schatten,SHITCOIN,4BxBot4K36N3ZZkpB9sqEocy5iBi8cUttK6s8YbHH9Jo,3905.2,7.15779741381e-08,0.0761,0.015216,2301,124,33.58,0.00,0,0
2026-10-06 00:01:57,Gake,schatten,FROGE,6R1F4sNySF4NKGdhW3UhESWuYYRu4Cehk5rn3mGP375R,3894.4,6.68784456775e-08,0.0630,0.012601,2397,366,25.22,0.00,0,0
2026-10-06 00:01:57,Gake,schatten,GENESIS,CSEd3Pi5WZL7w5vmwNjDVXv8poAqSv2Dn1as1erUpump,1248.5,2.33263143552e-07,0.0482,0.009649,6632,974,26.07,0.10,1,1
2026-10-06 00:01:57,Gake,schatten,OATH,2RSsw9tntE1RmoiPnNFiu93EzQu2eLnCAzvZiqMSoatH,1232.3,3.85578591876e-07,0.3460,0.069199,9877,304,28.42,0.00,0,2
2026-10-06 00:01:57,Gake,schatten,IMAGINE,EpFTb2XcGiMyGLykZ9VYmyPWz2AHEwAggqSbwJpypump,860.2,2.71937455736e-06,1.0175,0.203507,30663,829,37.91,9.27,0,0
2026-10-06 00:01:57,Dior,schatten,AC,HpkDyHK7avch8TS3raZ6mifBjZoUHRgvWwgzRQL1RXFR,389.1,1.69639045416e-06,1.1677,0.233540,20560,948,25.91,0.00,7,32
2026-10-06 00:01:57,C7bF,schatten,cuh,4zgRFQpu1DDNajzfyb3rF5S3cdFif1sNyK4nMcmjpump,215.9,3.34508797413e-08,0.6962,0.139242,3967,4,9.10,0.00,0,0
2026-10-06 00:01:57,koko,schatten,MAJOR,7AUzu756Pp3Cg3NByuKfcRSAFFt31kjC6U6R1npkiA1Q,3065.0,1.96420809057e-07,4.3000,0.859994,5194,175,30.61,0.00,0,0
2026-10-06 00:01:57,77n6,schatten,MOE,L8nRPCzg1Tntw5RCMECXyJSBpLiCz6yKdZmxAjzpump,2460.8,2.23615585227e-07,0.7106,0.142124,5495,169,20.16,0.00,0,2
2026-10-06 00:01:57,G7b2,schatten,.si,8RfgokotF4CW3BAAd6Pzy4ap9AHiZq236C63oB8J7nre,2203.6,1.00590658432e-07,0.3111,0.124435,4455,331,17.01,0.00,1,1
2026-10-06 00:02:57,Loopierr,offen,GARP,FKPdKiZBYMU2MwHXKjyhgV6ozSh2APzvvr3ZBwFCfSHo,7926.7,2.46141467836e-08,0.0387,0.007735,521,148,7.76,0.00,0,0
2026-10-06 00:02:57,6ANG,offen,OpenSI,5ptkVdbpaPpEJPPVXE5CpJNCXEmAidyot5TQcDDawMzm,7654.3,4.74952792315e-07,1.1527,0.886765,11804,1206,23.58,0.00,0,0
2026-10-06 00:02:57,6ANG,offen,ANT,BTZK1B3pCoBDD1vy5e4bDBM4bwvvhkKUMTuKABkGWwGp,5715.3,2.52940255196e-07,0.6558,0.393500,8409,79,25.43,0.00,0,0
2026-10-06 00:02:57,6ANG,offen,ANTHROPIG,25DeVAVF86uAd2wcFewp7F1s6gjZei88Mj4xBzg3AP94,5715.1,1.05946611886e-07,0.4346,0.173826,5094,68,31.13,0.00,0,0
2026-10-06 00:02:57,9LXM,offen,SGI,FcZcFjfNPJR9rycZS1FwkiEgQTW7ZWRjdSaBdJ6M9ha6,7509.3,6.99050414894e-08,0.0459,0.018358,4725,349,19.50,0.00,0,0
2026-10-06 00:02:57,HEBO,offen,SGI,FcZcFjfNPJR9rycZS1FwkiEgQTW7ZWRjdSaBdJ6M9ha6,7947.3,6.99050414894e-08,0.0590,0.067651,4725,349,19.50,0.00,0,0
2026-10-06 00:02:57,HEBO,offen,goon,HSUMi4rMgjrx7zRUabw3ogGu1pa5hmF2eVcXj9Apump,7741.3,3.83633370345e-07,0.4697,0.338458,12082,2925,15.24,0.00,1,4
2026-10-06 00:02:57,HEBO,offen,Tico,35ccP7zmf4THJsDn3UtozYcWm1U8nzhyHcTgK3ETpump,7676.0,3.21501264183e-08,0.5376,0.107513,3877,30,7.18,0.00,0,0
2026-10-06 00:02:57,HEBO,offen,SGI,Cb2pMbsRRvaeZoxpRqnTP6k6hLziSUf5pnqW9Jx5T3Wz,5087.6,1.61529130445e-07,0.4282,0.599422,7585,463,26.36,0.00,0,0
2026-10-06 00:02:57,HEBO,offen,ArmyX,F7y94q8QvGKNCrGt6E5pgQ7ABBkQK4QkqEBGs9Y5ZFFk,5063.1,3.80093253738e-08,0.1419,0.113491,3522,70,17.45,0.00,0,0
2026-10-06 00:02:57,HEBO,offen,BLOBBY,6tr6DHikJCo7Fi5bu65LoC7itWZezz6aZny36H8Kh5Q1,4860.2,3.87623795389e-08,0.1090,0.109000,3578,241,22.04,0.00,0,0
2026-10-06 00:02:57,HEBO,offen,BLOBBY,AsoVfPHWY5YHCpc4aMzUcMENVRaC9Rjje94BpkxcW2VE,4816.8,4.77587647445e-08,0.6730,0.134599,1429,140,15.75,0.00,0,0
2026-10-06 00:02:57,HEBO,offen,ZUCKS,2eBJvNnn7guSjX1yuE7seuDY9pveDiHkfoyeBh2WZroS,4797.5,2.18506399273e-08,0.3342,0.048118,2392,37,7.97,0.00,0,0
2026-10-06 00:02:57,HEBO,offen,TRUMPTV,34w4t74EsbJyBBSyYBFyNo65Ft7Ax8BF3HrubL1mwbpL,4702.6,1.96019065421e-08,0.1503,0.030055,2266,95,5.45,0.00,0,0
2026-10-06 00:02:57,HEBO,offen,pill,DvdmEnztCmXwBnAbedD48XVGZJSxq31zNvnyftXdpump,3638.7,1.4281694783e-05,0.7471,1.643515,257166,5664,19.45,0.00,6,7
2026-10-06 00:02:57,HEBO,offen,PUMPCAT,G4vqe8KAcRGTb7Kc55n9sz43aR4ugTPdSeUnAXZhpump,3638.4,3.28998904297e-06,1.5597,0.311936,53111,1251,24.45,0.00,0,0
2026-10-06 00:02:57,HEBO,offen,CUPTOBER,EKgswaMnRSJHmyFZCbxscTAjiR2bH1oLXsftepUGsPtz,3475.3,4.86220893005e-08,0.5911,0.236428,5471,31,11.81,0.00,0,0
2026-10-06 00:02:57,HEBO,offen,Scronkfinkle,DaUFkgZjwJCsM9QDWCsxtZS2omgHS3Fn9GHgTX5wwpcX,2213.0,3.98525685652e-08,0.3921,0.235251,1122,104,19.39,0.00,0,0
2026-10-06 00:02:57,HEBO,offen,Eagle,E3pWKtfQk6LLZpRWVTjJwrMY4vFa9umLYDPxWJtZSTNK,2189.5,3.29127499282e-08,0.1739,0.157520,3151,91,16.39,0.00,0,0
2026-10-06 00:02:57,HEBO,offen,Inu,83LFceyzRNNRUThm4VzHx4jmVuf6xAggSp2UvhQx52Dy,1836.4,2.78536524224e-08,0.1605,0.032093,2808,129,12.84,0.00,0,0
2026-10-06 00:02:57,HEBO,offen,Caviar,F7ktJWjMtubD8zwv5xMb35g5hPTvGQSDMS8UGcwXpump,1568.8,1.17699387824e-07,0.7505,0.300212,3818,91,29.59,0.00,0,0
2026-10-06 00:02:57,HEBO,offen,APU,HoCeDUrd5BqfYmaRk2eiUpzshEvpwfYpgrJ4YKFCpump,1563.3,3.92295822289e-07,0.9347,0.186948,10728,290,27.64,0.00,0,0
2026-10-06 00:02:57,HEBO,offen,TIT,3KM7dvpUk2Wm8qdXtZpBJHgic4bAaz1MTDHvUEjKpump,1543.3,3.65476559419e-07,0.8109,0.486553,9430,152,28.08,0.00,0,0
2026-10-06 00:02:57,HEBO,offen,MIM,6bJtwhtvzkthAYszQ3ZWkFJzSvbGSkbAz9yPcSiXaGK6,1542.7,1.81842824349e-07,1.4379,0.287584,5801,218,25.55,0.00,0,0
2026-10-06 00:02:57,HEBO,offen,Taste,93FWFR63nwQcq5zuXNmTits5BYcKFjmUZzccMvhmpump,1542.4,1.86979796218e-07,2.0832,0.833261,12483,62,25.43,0.00,0,0
2026-10-06 00:02:57,HEBO,offen,GPH,H1hFymzkRE7CAdxEuBWYknvsTCgoDXAqPKFU94iPpump,1536.7,4.98984540588e-08,0.9443,0.188860,899,71,17.96,0.00,0,0
2026-10-06 00:02:57,HEBO,offen,APP,6MnQ921sqsShymdoqPv2RfhL5g2Hk2hoqPvgpDGcpump,531.0,5.66888575415e-07,1.1287,0.677205,10014,385,30.22,0.00,2,0
2026-10-06 00:02:57,HEBO,offen,TIT,Ar3QBegnCQr6ZFyN9h637ar9JCxZRvdboiR1QzMrpump,530.5,2.59404190108e-07,0.5708,0.570813,6316,442,31.59,0.00,6,1
2026-10-06 00:02:57,HEBO,offen,AVERY,8QFGVLXehnTv28eMdXZkhY5d84SVF58LAfRGx8zWpH9b,467.4,7.02799080406e-08,0.3924,0.078470,4477,308,26.43,0.00,0,1
2026-10-06 00:02:57,Troupe,offen,PUMP,pumpCmXqMfrsAkQ5r49WcJnRayYRqmXz6ae8H7H9Dfn,5865.8,5.34140413286e-05,1.1018,0.009962,43491389,307052,59.30,0.00,109,384
2026-10-06 00:02:57,Troupe,offen,homo,42AtRP5d3ySBj9iveMYeD23kkmN3HEZFwUzs1YKvkPA9,4213.3,2.17392923345e-08,0.0585,0.010249,290,150,4.19,0.00,0,0
2026-10-06 00:02:57,Troupe,offen,PUMPE,9fJAWKQpkY93hfuZxrHfh5wEh2AV9vjkWNQfzfbziHd2,4086.5,1.38835417191e-05,0.5024,0.602908,84937,2398,18.17,0.80,2,1
2026-10-06 00:02:57,Troupe,offen,HOLD,6REnZgtxhwdSAHczAp4J5PRsGQYQt7T3x4kEDyfs9U7y,4043.5,3.01611354954e-08,0.0174,0.003473,857,489,12.14,0.00,0,0
2026-10-06 00:02:57,Troupe,offen,THICC,3QEbHMK6ceYevtaCdLmBQMJgcPb9PJQpgyFBP6f6x6Rg,1388.0,1.37387868322e-08,0.0639,0.012778,1524,8,3.94,0.00,0,0
2026-10-06 00:02:57,Troupe,offen,CLAUSE,EWKyN7QHfJo41ikKqpo8R5gwEvryytKo9Vf7NF39U1GC,211.8,1.96279901681e-08,0.0806,0.016118,2233,39,5.36,0.00,0,0
2026-10-06 00:02:57,4DOV,offen,BOT,Aaan4fxwhKtUUPg2GSKq6natLV9oj9QQNf5xT4UE2gXr,5512.8,3.12382805202e-08,0.0367,0.007334,895,332,15.16,0.00,0,0
2026-10-06 00:02:57,4DOV,offen,PUDU,8HQgEcbhR5Xoh735zvndAocCLd7wdAYJfWHV55J8pump,4063.9,3.07704795179e-08,0.0146,0.005839,893,441,13.13,0.00,0,0
2026-10-06 00:02:57,4DOV,offen,Agency,7VertkgF9KLhxxJXHX6uaWuoYZTP9LdGj2bWmVXVpump,3335.9,6.61361394745e-05,0.8149,0.412546,918749,12982,22.00,0.00,153,480
2026-10-06 00:02:57,4DOV,offen,Aiden,9dSMwFfPezQ8WPcW1uZV7ns4rcviEj2LssSAg75WBLXd,2624.7,7.18239495901e-07,0.0511,0.022975,18836,3507,20.60,0.00,19,5
2026-10-06 00:02:57,4DOV,offen,CRAWL,BXoHJddsWJLHtAopeiSbKUSELsu8hSFMs8baGMDkpump,2122.4,3.33959941979e-05,0.8977,0.942630,470082,7567,14.14,0.00,39,211
2026-10-06 00:02:57,4DOV,offen,Ash,F5WvFdG9sCfhv3bVYAMJNWiwpx5e3X2uvpXDtLtdsDJs,1915.2,3.05107664604e-06,0.4238,0.508505,61142,3611,17.63,0.16,27,15
2026-10-06 00:02:57,4DOV,offen,SPLICE,7bC8ugu1ZJn21MhA4ht483nX8brLNesa8R7XLimpFyhq,1868.2,1.3066441041e-06,0.0826,0.049565,23323,2993,18.90,0.03,4,16
2026-10-06 00:02:57,4DOV,offen,Ash,4jxyespUyvDxg1cN1NMCWErHGGyPrBdEzPiDobLBmttL,1550.5,3.87379922821e-08,0.0968,0.019357,1055,24,2.58,0.00,0,0
2026-10-06 00:02:57,4DOV,offen,Human,8nPoBHiBM6pybxMws9PA2JRb9BjkppBfqcZGmot4DMBC,1432.6,8.40192045345e-06,0.5550,0.421459,111293,7120,20.56,0.00,33,48
2026-10-06 00:02:57,4DOV,offen,www,GAwhcphCqCv5bKHmCiN4VDdNWfbXJL4npmkc8L3Q9S9H,1399.9,2.93055216366e-06,0.2805,0.112182,55299,7128,16.84,0.00,78,4
2026-10-06 00:02:57,4DOV,offen,ACTII,DYjM6f2R34Qp4jPE73HsdEVZwwcQFCsokpNYCqBUpump,1327.6,2.40478031261e-07,0.0455,0.013645,6925,1320,22.02,0.00,1,2
2026-10-06 00:02:57,4DOV,offen,BANANA,G7JkKqGb69cCWC2XkDXc8LG8qbifTkCKpsAcr6kApump,1211.5,1.10302985874e-07,0.1056,0.021118,3329,276,28.32,0.00,0,0
2026-10-06 00:02:57,4DOV,offen,JITI,6YuVyHbjdwxiH1CLCSusP9yjXmsVvQfcTbSSPcFuXDew,650.5,1.07038705601e-07,0.0907,0.018146,4023,1018,27.10,0.00,1,2
2026-10-06 00:02:57,4DOV,offen,QINU,4unydQjvYdqR31pkuBYGu2nGst8r8j5XMW8KXRXtpump,414.1,7.47610568103e-08,0.0449,0.017959,2562,677,20.41,1.06,1,1
2026-10-06 00:02:57,4DOV,offen,NOLLA,CXw5hY3BMi87DTa99ekZgwxuvu7pQ2FUQVecs3SvJLD9,234.2,5.71470375879e-08,0.0511,0.010225,1845,440,25.70,0.00,0,4
2026-10-06 00:02:57,4DOV,offen,TRANNIE,BvLqum9qd4TWQ1c9WPmLYMvxxzoXUjsFycVffvjyq16,153.4,7.98488041555e-08,0.3413,0.068251,2432,227,26.68,0.00,1,3
2026-10-06 00:02:57,4DOV,offen,FEEBITS,BJUiNooYiZ4ojatPVeJAUXGEd3dcGzQ1ApWDoVTzpump,95.3,5.86364838443e-06,0.9721,0.583283,51349,1943,38.30,0.00,53,137
2026-10-06 00:02:57,Cooker,offen,SI,DEW9dSN6QpWyNthphCpMmAbZP1Q4cEKR9xQXAri98WDP,6037.8,0.000220081261855,0.6484,0.389060,2057568,57822,13.57,0.00,41,100
2026-10-06 00:02:57,Cooker,offen,HOOKED,C1mBfBoDkwWfd6uTFZp62ARHLjeVp3bDpCDMfMZtPngE,4584.1,6.91052305181e-05,0.6326,2.909913,916954,11087,20.53,0.00,24,68
2026-10-06 00:02:57,Gake,offen,CURVE,7ioeSgzfSKHMnpgfPpgRFsekMBGiu9oi6t6GeqYtNbbh,6726.6,2.6692310288e-06,0.7715,0.154299,144141,1192,16.65,0.04,0,0
2026-10-06 00:02:57,Gake,offen,SDOG,yFcTuQJCMsd1Asya15GZ7h4KGdxsujRLcUiTWWXpump,6539.9,7.89755056964e-07,0.1058,0.021164,16526,1660,23.04,0.00,2,2
2026-10-06 00:02:57,Gake,offen,OP,5PiBn5JdjJDnRGziiSfsu2affgBR3DyTTCR3CHpcode,6477.3,2.50889746595e-06,0.6909,0.138185,32287,1631,20.13,0.00,0,3
2026-10-06 00:02:57,Gake,offen,PURPS,purpFPo5voy6fEu8jxSCwVdMs1zyYEYAH6FBQvTYCZK,4195.1,2.69281833404e-06,0.9447,0.188941,34567,2312,33.90,0.00,1,0
2026-10-06 00:02:57,Pikalosi,offen,Miu,7LNFZcNigZay5U9e2sq6n2Z4iM8BC2Dd53L14pwvpump,4701.6,3.99176438166e-07,0.9564,0.191280,14167,805,20.87,0.00,0,0
2026-10-06 00:02:57,Dior,offen,OTC,MukLDtJ8Cx9DxLbeyLRSWPSposTMWuwHANbuaudpump,5027.5,7.96184735538e-05,1.1772,5.045473,539024,18558,24.80,0.00,11,21
2026-10-06 00:02:57,Dior,offen,TripleT,J8PSdNP3QewKq2Z1JJJFDMaqF7KcaiJhR7gbr5KZpump,4155.6,6.22325861683e-05,1.0043,0.401734,407083,22841,18.89,0.00,3,6
2026-10-06 00:02:57,Dior,offen,Kirkslop,8m5hzX9hprtWwPuVZL4daCZfggWYKc6fhSJDDpiqpump,3834.9,7.93641565998e-07,1.0261,0.205223,16994,394,27.93,0.00,0,0
2026-10-06 00:02:57,Dior,offen,COCKROACH,H4KUxsEgCp2yDpFvyDuGM5k6XevSKKrrKUxZ3Zr6nyJc,674.1,8.84706614125e-06,0.8014,1.121983,124122,3499,17.30,0.00,4,10
2026-10-06 00:02:57,Dior,offen,glungus,Bd9thw3PAeyHeBGSi4R1ARBuptpG5rM4fhB8BRWJkq1e,665.9,1.08295180876e-06,0.8427,0.337087,15996,540,24.86,0.00,0,9
2026-10-06 00:02:57,Dior,offen,AC,HpkDyHK7avch8TS3raZ6mifBjZoUHRgvWwgzRQL1RXFR,388.8,1.63552216369e-06,1.2056,1.205592,20479,945,25.91,0.00,5,31
2026-10-06 00:02:57,3zsr,offen,Sapijiju,8Fs2YLsayR4awLB79nMM3QCpG3pqvcAGP7hHb8fX4L2G,4526.6,1.08656619922e-07,1.0139,0.202773,3864,338,26.44,0.00,0,0
2026-10-06 00:02:57,C7bF,offen,cuh,Cwy6r7eteARzfsYwwJ8sgPZTQr4AGApD8WT8ozdtpump,167.8,9.08635226178e-08,2.4434,0.488689,6173,28,31.83,0.00,0,0
2026-10-06 00:02:57,Eshi,offen,CASPER,WhcjUqCouJcvkSJdE9fw8B6TY4K6sMLYfYp9b1Epump,2372.1,5.49024061338e-08,0.9292,0.185836,1733,128,28.30,0.00,0,0
2026-10-06 00:02:57,G7b2,offen,si.gov,7CTRbkV1tVuq1f59pRxT1Pb2W5AHG4gM9FMH4rGzKiXv,2327.9,2.19979590622e-06,0.9614,1.922779,31341,2319,11.69,0.00,1,1
2026-10-06 00:02:57,G7b2,offen,.si,8RfgokotF4CW3BAAd6Pzy4ap9AHiZq236C63oB8J7nre,2204.8,1.00590658432e-07,0.4609,0.092186,4455,331,17.01,0.00,1,1
2026-10-06 00:02:57,G7b2,offen,GTA6,4kjruqGHDsSqkMdFfCjV7Vb62HPFhtXyWc2t6JpQzDnz,1325.8,5.02768947901e-06,0.9853,0.788202,11325,10680,17.73,0.00,0,0
2026-10-06 00:02:57,G7b2,offen,SXSI,DQysBW79uHzZAWd2ahVQrf89CuSFqVzuNA3ijHbjVJfG,1317.0,1.5268593789e-06,0.4573,0.548739,23285,1373,26.04,0.00,1,8
2026-10-06 00:02:57,G7b2,offen,SI,DEW9dSN6QpWyNthphCpMmAbZP1Q4cEKR9xQXAri98WDP,1277.8,0.000220081261855,0.8197,1.475447,2057568,57822,13.57,0.00,41,100
2026-10-06 00:02:57,GeFg,offen,Percy,9ey7zGjpgQ9a4R5YxdEnv6y99xWeNFUNRow48dyfpump,2711.3,2.69077641486e-08,0.1784,0.035671,2708,81,14.89,0.00,0,0
2026-10-06 00:02:57,GeFg,offen,Yugi,Eo7hAPND5wNHwqEEFp1qZ9cfDVsjtBkQi1hn782jd1bV,1832.4,1.12489759698e-07,0.4067,0.081347,3324,244,25.57,0.00,0,1
2026-10-06 00:02:57,499R,offen,PUMPE,9fJAWKQpkY93hfuZxrHfh5wEh2AV9vjkWNQfzfbziHd2,2538.6,1.38835417191e-05,0.9315,2.815280,84937,2398,18.17,0.80,2,1
2026-10-06 00:02:57,7Cn1,offen,SI,DEW9dSN6QpWyNthphCpMmAbZP1Q4cEKR9xQXAri98WDP,1033.9,0.000220081261855,0.7682,0.441380,2057568,57822,13.57,0.00,41,100
2026-10-06 00:02:57,7Cn1,offen,GEM,EWMZwoCjUo9GvVG9PSvQfJEcfAQod5xosKfJzpxN8HnF,1015.0,3.51269476276e-08,0.7566,0.605248,4054,10,11.73,0.00,0,0
2026-10-06 00:02:57,7Cn1,offen,si.gov,7CTRbkV1tVuq1f59pRxT1Pb2W5AHG4gM9FMH4rGzKiXv,498.4,2.19979590622e-06,0.7918,0.158361,31341,2319,11.69,0.00,1,1
2026-10-06 00:02:57,7Cn1,offen,CRAWL,BXoHJddsWJLHtAopeiSbKUSELsu8hSFMs8baGMDkpump,96.3,3.33959941979e-05,1.0399,0.415966,470082,7567,14.14,0.00,39,211
2026-10-06 00:02:57,Loopierr,schatten,CatCollector,5AgD5tmarU5kgbqHqCgDEMcAHAQAm8muV67xkKs9urps,5153.9,3.16241885617e-08,0.0940,0.018793,168,38,4.00,0.00,0,0
2026-10-06 00:02:57,Loopierr,schatten,SGI,36yTNhb9rfogt4mWxFiTnBeeT9bNXrVdKymAJ3jbvTzM,5003.0,2.91053965058e-08,0.1823,0.036465,3665,8,1.54,0.00,0,0
2026-10-06 00:02:57,6ANG,schatten,ANTHROPIG,25DeVAVF86uAd2wcFewp7F1s6gjZei88Mj4xBzg3AP94,5715.1,1.05946611886e-07,0.4321,0.086410,5094,68,31.13,0.00,0,0
2026-10-06 00:02:57,HEBO,schatten,SI,4qCW74oX82oTeypDzFYYYZ6eJ6yPQVFeX196YpHszJFY,1836.2,2.51623465965e-08,0.4991,0.099823,2652,63,13.02,0.00,0,0
2026-10-06 00:02:57,HEBO,schatten,INCOME,E7mRvAbgZdA6dF7cgXZevkbjd9Yfy5q11XEFnWZfpump,1565.0,6.24818205355e-08,0.9979,0.199571,2534,1273,15.11,0.00,0,0
2026-10-06 00:02:57,HEBO,schatten,GPH,BtmRMRazMTY2KqpbZkdFGrGJSm8rwLG744DV8Webpump,526.5,7.07167252792e-08,1.0022,0.200435,2211,84,27.71,0.00,0,0
2026-10-06 00:02:57,HEBO,schatten,pup,7HE2WmPoYE7uaA7DKh25N5cUwEcUoiyjwZU9ZeaQpump,526.0,7.49580364468e-08,0.6869,0.137371,2639,374,25.27,0.00,0,1
2026-10-06 00:02:57,Troupe,schatten,CLAUSE,EWKyN7QHfJo41ikKqpo8R5gwEvryytKo9Vf7NF39U1GC,211.7,1.96279901681e-08,0.0568,0.011354,2233,39,5.36,0.00,0,0
2026-10-06 00:02:57,4DOV,schatten,Human,8nPoBHiBM6pybxMws9PA2JRb9BjkppBfqcZGmot4DMBC,1432.2,8.40192045345e-06,0.3218,0.021993,111293,7120,20.56,0.00,33,48
2026-10-06 00:02:57,Cooker,schatten,X7,CdhZy8wrRxNxoV8HtoByXKN7mvS46avtuZ1b39tKfx7,5816.9,1.99062691775e-06,0.1967,0.039332,46102,1631,20.97,0.00,0,0
2026-10-06 00:02:57,Cooker,schatten,9e9,HZ4qZQJ7yf6WR1D24GLRLJ3cKUfgtJEF3B7SdLMLvCPZ,4547.5,3.60331127232e-08,0.0419,0.016750,1211,273,17.66,0.00,0,0
2026-10-06 00:02:57,Gake,schatten,MINEPAD,2EUKLvNQ63YCmjSDyJ14Tzj7ASeHGXgseYWrKAa2mine,6696.6,8.67866448863e-07,0.5117,0.086988,18203,738,22.56,0.00,2,2
2026-10-06 00:02:57,Gake,schatten,TERRA,JD3d8mxEJ91LHZSuwVLquFAKdo5PbEeLCUevjjDsPdRe,5414.0,1.37025375778e-07,0.1007,0.020149,4035,130,30.24,0.00,0,0
2026-10-06 00:02:57,Gake,schatten,SHITCOIN,4BxBot4K36N3ZZkpB9sqEocy5iBi8cUttK6s8YbHH9Jo,3906.2,7.15779741381e-08,0.0761,0.015216,2300,124,33.58,0.00,0,0
2026-10-06 00:02:57,Gake,schatten,FROGE,6R1F4sNySF4NKGdhW3UhESWuYYRu4Cehk5rn3mGP375R,3895.4,6.68784456775e-08,0.0630,0.012601,2397,366,25.22,0.00,0,0
2026-10-06 00:02:57,Gake,schatten,GENESIS,CSEd3Pi5WZL7w5vmwNjDVXv8poAqSv2Dn1as1erUpump,1249.5,2.33263143552e-07,0.0482,0.009649,6632,974,26.07,0.10,1,1
2026-10-06 00:02:57,Gake,schatten,OATH,2RSsw9tntE1RmoiPnNFiu93EzQu2eLnCAzvZiqMSoatH,1233.3,3.85578591876e-07,0.3460,0.069199,9877,304,28.42,0.00,0,2
2026-10-06 00:02:57,Gake,schatten,IMAGINE,EpFTb2XcGiMyGLykZ9VYmyPWz2AHEwAggqSbwJpypump,861.2,2.71937455736e-06,1.0175,0.203507,30663,829,37.91,9.27,0,0
2026-10-06 00:02:57,Dior,schatten,AC,HpkDyHK7avch8TS3raZ6mifBjZoUHRgvWwgzRQL1RXFR,390.1,1.63552216369e-06,1.1258,0.225160,20479,945,25.91,0.00,5,31
2026-10-06 00:02:57,C7bF,schatten,cuh,4zgRFQpu1DDNajzfyb3rF5S3cdFif1sNyK4nMcmjpump,216.9,3.34508797413e-08,0.6962,0.139242,3967,4,9.10,0.00,0,0
2026-10-06 00:02:57,koko,schatten,MAJOR,7AUzu756Pp3Cg3NByuKfcRSAFFt31kjC6U6R1npkiA1Q,3066.0,1.96420809057e-07,4.3000,0.859994,5194,175,30.61,0.00,0,0
2026-10-06 00:02:57,77n6,schatten,MOE,L8nRPCzg1Tntw5RCMECXyJSBpLiCz6yKdZmxAjzpump,2461.8,2.23615585227e-07,0.7106,0.142124,5495,169,20.16,0.00,0,2
2026-10-06 00:02:57,G7b2,schatten,.si,8RfgokotF4CW3BAAd6Pzy4ap9AHiZq236C63oB8J7nre,2204.6,1.00590658432e-07,0.3111,0.124435,4455,331,17.01,0.00,1,1
2026-10-06 00:03:57,Loopierr,offen,GARP,FKPdKiZBYMU2MwHXKjyhgV6ozSh2APzvvr3ZBwFCfSHo,7927.7,2.46141467836e-08,0.0387,0.007735,521,148,7.76,0.00,0,0
2026-10-06 00:03:57,6ANG,offen,OpenSI,5ptkVdbpaPpEJPPVXE5CpJNCXEmAidyot5TQcDDawMzm,7655.3,4.74952792315e-07,1.1527,0.886765,11804,1206,23.58,0.00,0,0
2026-10-06 00:03:57,6ANG,offen,ANT,BTZK1B3pCoBDD1vy5e4bDBM4bwvvhkKUMTuKABkGWwGp,5716.3,2.52940255196e-07,0.6558,0.393500,8409,79,25.43,0.00,0,0
2026-10-06 00:03:57,6ANG,offen,ANTHROPIG,25DeVAVF86uAd2wcFewp7F1s6gjZei88Mj4xBzg3AP94,5716.1,1.05946611886e-07,0.4346,0.173826,5094,68,31.13,0.00,0,0
2026-10-06 00:03:57,9LXM,offen,SGI,FcZcFjfNPJR9rycZS1FwkiEgQTW7ZWRjdSaBdJ6M9ha6,7510.3,6.99050414894e-08,0.0459,0.018358,4725,349,19.50,0.00,0,0
2026-10-06 00:03:57,HEBO,offen,SGI,FcZcFjfNPJR9rycZS1FwkiEgQTW7ZWRjdSaBdJ6M9ha6,7948.3,6.99050414894e-08,0.0590,0.067651,4725,349,19.50,0.00,0,0
2026-10-06 00:03:57,HEBO,offen,goon,HSUMi4rMgjrx7zRUabw3ogGu1pa5hmF2eVcXj9Apump,7742.3,3.83633370345e-07,0.4697,0.338458,12082,2925,15.24,0.00,1,4
2026-10-06 00:03:57,HEBO,offen,Tico,35ccP7zmf4THJsDn3UtozYcWm1U8nzhyHcTgK3ETpump,7677.0,3.21501264183e-08,0.5376,0.107513,3877,30,7.18,0.00,0,0
2026-10-06 00:03:57,HEBO,offen,SGI,Cb2pMbsRRvaeZoxpRqnTP6k6hLziSUf5pnqW9Jx5T3Wz,5088.6,1.61529130445e-07,0.4282,0.599422,7585,463,26.36,0.00,0,0
2026-10-06 00:03:57,HEBO,offen,ArmyX,F7y94q8QvGKNCrGt6E5pgQ7ABBkQK4QkqEBGs9Y5ZFFk,5064.2,3.80093253738e-08,0.1419,0.113491,3522,70,17.45,0.00,0,0
2026-10-06 00:03:57,HEBO,offen,BLOBBY,6tr6DHikJCo7Fi5bu65LoC7itWZezz6aZny36H8Kh5Q1,4861.2,3.87623795389e-08,0.1090,0.109000,3578,241,22.04,0.00,0,0
2026-10-06 00:03:57,HEBO,offen,BLOBBY,AsoVfPHWY5YHCpc4aMzUcMENVRaC9Rjje94BpkxcW2VE,4817.8,4.77587647445e-08,0.6730,0.134599,1429,140,15.75,0.00,0,0
2026-10-06 00:03:57,HEBO,offen,ZUCKS,2eBJvNnn7guSjX1yuE7seuDY9pveDiHkfoyeBh2WZroS,4798.5,2.18506399273e-08,0.3342,0.048118,2392,37,7.97,0.00,0,0
2026-10-06 00:03:57,HEBO,offen,TRUMPTV,34w4t74EsbJyBBSyYBFyNo65Ft7Ax8BF3HrubL1mwbpL,4703.7,1.96019065421e-08,0.1503,0.030055,2266,95,5.45,0.00,0,0
2026-10-06 00:03:57,HEBO,offen,pill,DvdmEnztCmXwBnAbedD48XVGZJSxq31zNvnyftXdpump,3639.7,1.4281694783e-05,0.7471,1.643515,257166,5663,19.45,0.00,7,7
2026-10-06 00:03:57,HEBO,offen,PUMPCAT,G4vqe8KAcRGTb7Kc55n9sz43aR4ugTPdSeUnAXZhpump,3639.4,3.28998904297e-06,1.5597,0.311936,53111,1251,24.45,0.00,0,0
2026-10-06 00:03:57,HEBO,offen,CUPTOBER,EKgswaMnRSJHmyFZCbxscTAjiR2bH1oLXsftepUGsPtz,3476.3,4.86220893005e-08,0.5911,0.236428,5471,31,11.81,0.00,0,0
2026-10-06 00:03:57,HEBO,offen,Scronkfinkle,DaUFkgZjwJCsM9QDWCsxtZS2omgHS3Fn9GHgTX5wwpcX,2214.0,3.98525685652e-08,0.3921,0.235251,1122,104,19.39,0.00,0,0
2026-10-06 00:03:57,HEBO,offen,Eagle,E3pWKtfQk6LLZpRWVTjJwrMY4vFa9umLYDPxWJtZSTNK,2190.5,3.29127499282e-08,0.1739,0.157520,3151,91,16.39,0.00,0,0
2026-10-06 00:03:57,HEBO,offen,Inu,83LFceyzRNNRUThm4VzHx4jmVuf6xAggSp2UvhQx52Dy,1837.4,2.78536524224e-08,0.1605,0.032093,2808,129,12.84,0.00,0,0
2026-10-06 00:03:57,HEBO,offen,Caviar,F7ktJWjMtubD8zwv5xMb35g5hPTvGQSDMS8UGcwXpump,1569.8,1.17699387824e-07,0.7505,0.300212,3818,91,29.59,0.00,0,0
2026-10-06 00:03:57,HEBO,offen,APU,HoCeDUrd5BqfYmaRk2eiUpzshEvpwfYpgrJ4YKFCpump,1564.3,3.92295822289e-07,0.9347,0.186948,10728,290,27.64,0.00,0,0
2026-10-06 00:03:57,HEBO,offen,TIT,3KM7dvpUk2Wm8qdXtZpBJHgic4bAaz1MTDHvUEjKpump,1544.3,3.65476559419e-07,0.8109,0.486553,9430,152,28.08,0.00,0,0
2026-10-06 00:03:57,HEBO,offen,MIM,6bJtwhtvzkthAYszQ3ZWkFJzSvbGSkbAz9yPcSiXaGK6,1543.7,1.81842824349e-07,1.4379,0.287584,5801,218,25.55,0.00,0,0
2026-10-06 00:03:57,HEBO,offen,Taste,93FWFR63nwQcq5zuXNmTits5BYcKFjmUZzccMvhmpump,1543.4,1.86979796218e-07,2.0832,0.833261,12483,62,25.43,0.00,0,0
2026-10-06 00:03:57,HEBO,offen,GPH,H1hFymzkRE7CAdxEuBWYknvsTCgoDXAqPKFU94iPpump,1537.7,4.98984540588e-08,0.9443,0.188860,899,71,17.96,0.00,0,0
2026-10-06 00:03:57,HEBO,offen,APP,6MnQ921sqsShymdoqPv2RfhL5g2Hk2hoqPvgpDGcpump,532.1,5.66888575415e-07,1.1287,0.677205,10014,385,30.22,0.00,2,0
2026-10-06 00:03:57,HEBO,offen,TIT,Ar3QBegnCQr6ZFyN9h637ar9JCxZRvdboiR1QzMrpump,531.5,2.59404190108e-07,0.5708,0.570813,6316,442,31.59,0.00,6,0
2026-10-06 00:03:57,HEBO,offen,AVERY,8QFGVLXehnTv28eMdXZkhY5d84SVF58LAfRGx8zWpH9b,468.4,7.02799080406e-08,0.3924,0.078470,4477,308,26.43,0.00,0,1
2026-10-06 00:03:57,Troupe,offen,PUMP,pumpCmXqMfrsAkQ5r49WcJnRayYRqmXz6ae8H7H9Dfn,5866.8,5.36697577893e-05,1.1070,0.010009,43499802,307049,59.30,0.00,91,383
2026-10-06 00:03:57,Troupe,offen,homo,42AtRP5d3ySBj9iveMYeD23kkmN3HEZFwUzs1YKvkPA9,4214.3,2.17392923345e-08,0.0585,0.010249,290,150,4.19,0.00,0,0
2026-10-06 00:03:57,Troupe,offen,PUMPE,9fJAWKQpkY93hfuZxrHfh5wEh2AV9vjkWNQfzfbziHd2,4087.5,1.46743178663e-05,0.5310,0.637248,84917,2398,18.17,0.80,3,2
2026-10-06 00:03:57,Troupe,offen,HOLD,6REnZgtxhwdSAHczAp4J5PRsGQYQt7T3x4kEDyfs9U7y,4044.5,3.01611354954e-08,0.0174,0.003473,857,489,12.14,0.00,0,0
2026-10-06 00:03:57,Troupe,offen,THICC,3QEbHMK6ceYevtaCdLmBQMJgcPb9PJQpgyFBP6f6x6Rg,1389.1,1.37387868322e-08,0.0639,0.012778,1524,8,3.94,0.00,0,0
2026-10-06 00:03:57,Troupe,offen,CLAUSE,EWKyN7QHfJo41ikKqpo8R5gwEvryytKo9Vf7NF39U1GC,212.8,1.96279901681e-08,0.0806,0.016118,2233,39,5.36,0.00,0,0
2026-10-06 00:03:57,4DOV,offen,BOT,Aaan4fxwhKtUUPg2GSKq6natLV9oj9QQNf5xT4UE2gXr,5513.8,3.12382805202e-08,0.0367,0.007334,895,332,15.16,0.00,0,0
2026-10-06 00:03:57,4DOV,offen,PUDU,8HQgEcbhR5Xoh735zvndAocCLd7wdAYJfWHV55J8pump,4064.9,3.07704795179e-08,0.0146,0.005839,893,441,13.13,0.00,0,0
2026-10-06 00:03:57,4DOV,offen,Agency,7VertkgF9KLhxxJXHX6uaWuoYZTP9LdGj2bWmVXVpump,3337.0,6.55938641168e-05,0.8082,0.409163,930897,12991,22.00,0.00,158,471
2026-10-06 00:03:57,4DOV,offen,Aiden,9dSMwFfPezQ8WPcW1uZV7ns4rcviEj2LssSAg75WBLXd,2625.7,7.18239495901e-07,0.0511,0.022975,18845,3507,20.60,0.00,18,5
2026-10-06 00:03:57,4DOV,offen,CRAWL,BXoHJddsWJLHtAopeiSbKUSELsu8hSFMs8baGMDkpump,2123.4,3.33574040239e-05,0.8967,0.941540,469331,7565,14.14,0.00,32,132
2026-10-06 00:03:57,4DOV,offen,Ash,F5WvFdG9sCfhv3bVYAMJNWiwpx5e3X2uvpXDtLtdsDJs,1916.2,3.05692000058e-06,0.4246,0.509479,61081,3611,17.63,0.16,29,14
2026-10-06 00:03:57,4DOV,offen,SPLICE,7bC8ugu1ZJn21MhA4ht483nX8brLNesa8R7XLimpFyhq,1869.2,1.29938056257e-06,0.0821,0.049289,23285,2990,18.90,0.03,2,16
2026-10-06 00:03:57,4DOV,offen,Ash,4jxyespUyvDxg1cN1NMCWErHGGyPrBdEzPiDobLBmttL,1551.5,3.87379922821e-08,0.0968,0.019357,1055,24,2.58,0.00,0,0
2026-10-06 00:03:57,4DOV,offen,Human,8nPoBHiBM6pybxMws9PA2JRb9BjkppBfqcZGmot4DMBC,1433.6,8.52309217504e-06,0.5630,0.427537,111511,7128,20.56,0.00,33,38
2026-10-06 00:03:57,4DOV,offen,www,GAwhcphCqCv5bKHmCiN4VDdNWfbXJL4npmkc8L3Q9S9H,1400.9,2.92720524327e-06,0.2801,0.112054,55300,7106,16.84,0.00,41,27
2026-10-06 00:03:57,4DOV,offen,ACTII,DYjM6f2R34Qp4jPE73HsdEVZwwcQFCsokpNYCqBUpump,1328.7,2.42146162759e-07,0.0458,0.013740,6881,1318,22.02,0.00,1,4
2026-10-06 00:03:57,4DOV,offen,BANANA,G7JkKqGb69cCWC2XkDXc8LG8qbifTkCKpsAcr6kApump,1212.5,1.10302985874e-07,0.1056,0.021118,3329,275,28.32,0.00,0,0
2026-10-06 00:03:57,4DOV,offen,JITI,6YuVyHbjdwxiH1CLCSusP9yjXmsVvQfcTbSSPcFuXDew,651.5,1.07038705601e-07,0.0907,0.018146,4023,1018,27.10,0.00,0,1
2026-10-06 00:03:57,4DOV,offen,QINU,4unydQjvYdqR31pkuBYGu2nGst8r8j5XMW8KXRXtpump,415.1,7.47610568103e-08,0.0449,0.017959,2562,677,20.41,1.06,1,1
2026-10-06 00:03:57,4DOV,offen,NOLLA,CXw5hY3BMi87DTa99ekZgwxuvu7pQ2FUQVecs3SvJLD9,235.2,5.58605860188e-08,0.0500,0.009995,1812,439,25.64,0.00,0,4
2026-10-06 00:03:57,4DOV,offen,TRANNIE,BvLqum9qd4TWQ1c9WPmLYMvxxzoXUjsFycVffvjyq16,154.4,7.98488041555e-08,0.3413,0.068251,2432,227,26.68,0.00,1,3
2026-10-06 00:03:57,4DOV,offen,FEEBITS,BJUiNooYiZ4ojatPVeJAUXGEd3dcGzQ1ApWDoVTzpump,96.3,5.99149966912e-06,0.9933,0.596001,51522,1945,38.30,0.00,51,128
2026-10-06 00:03:57,Cooker,offen,SI,DEW9dSN6QpWyNthphCpMmAbZP1Q4cEKR9xQXAri98WDP,6038.8,0.000219243472175,0.6460,0.387579,2031878,57811,13.57,0.00,51,115
2026-10-06 00:03:57,Cooker,offen,HOOKED,C1mBfBoDkwWfd6uTFZp62ARHLjeVp3bDpCDMfMZtPngE,4585.1,6.95862848313e-05,0.6370,2.930170,918772,11090,20.53,0.00,18,44
2026-10-06 00:03:57,Gake,offen,CURVE,7ioeSgzfSKHMnpgfPpgRFsekMBGiu9oi6t6GeqYtNbbh,6727.6,2.6692310288e-06,0.7715,0.154299,144141,1192,16.65,0.04,0,0
2026-10-06 00:03:57,Gake,offen,SDOG,yFcTuQJCMsd1Asya15GZ7h4KGdxsujRLcUiTWWXpump,6540.9,7.89755056964e-07,0.1058,0.021164,16526,1661,23.04,0.00,1,2
2026-10-06 00:03:57,Gake,offen,OP,5PiBn5JdjJDnRGziiSfsu2affgBR3DyTTCR3CHpcode,6478.3,2.50889746595e-06,0.6909,0.138185,32287,1631,20.13,0.00,0,3
2026-10-06 00:03:57,Gake,offen,PURPS,purpFPo5voy6fEu8jxSCwVdMs1zyYEYAH6FBQvTYCZK,4196.1,2.69281833404e-06,0.9447,0.188941,34567,2312,33.90,0.00,1,0
2026-10-06 00:03:57,Pikalosi,offen,Miu,7LNFZcNigZay5U9e2sq6n2Z4iM8BC2Dd53L14pwvpump,4702.6,3.99176438166e-07,0.9564,0.191280,14167,805,20.87,0.00,0,0
2026-10-06 00:03:57,Dior,offen,OTC,MukLDtJ8Cx9DxLbeyLRSWPSposTMWuwHANbuaudpump,5028.5,7.9733367586e-05,1.1789,5.052754,538822,18556,24.80,0.00,13,17
2026-10-06 00:03:57,Dior,offen,TripleT,J8PSdNP3QewKq2Z1JJJFDMaqF7KcaiJhR7gbr5KZpump,4156.6,6.22593155935e-05,1.0048,0.401907,407109,22840,18.89,0.00,3,7
2026-10-06 00:03:57,Dior,offen,Kirkslop,8m5hzX9hprtWwPuVZL4daCZfggWYKc6fhSJDDpiqpump,3835.9,7.93641565998e-07,1.0261,0.205223,16994,394,27.93,0.00,0,0
2026-10-06 00:03:57,Dior,offen,COCKROACH,H4KUxsEgCp2yDpFvyDuGM5k6XevSKKrrKUxZ3Zr6nyJc,675.1,9.02269888646e-06,0.8173,1.144257,124122,3499,17.30,0.00,4,10
2026-10-06 00:03:57,Dior,offen,glungus,Bd9thw3PAeyHeBGSi4R1ARBuptpG5rM4fhB8BRWJkq1e,666.9,1.07564123919e-06,0.8370,0.334812,15963,539,24.86,0.00,0,10
2026-10-06 00:03:57,Dior,offen,AC,HpkDyHK7avch8TS3raZ6mifBjZoUHRgvWwgzRQL1RXFR,389.8,1.66257422394e-06,1.2255,1.225533,20142,945,25.91,0.00,5,32
2026-10-06 00:03:57,3zsr,offen,Sapijiju,8Fs2YLsayR4awLB79nMM3QCpG3pqvcAGP7hHb8fX4L2G,4527.6,1.08656619922e-07,1.0139,0.202773,3864,338,26.44,0.00,0,0
2026-10-06 00:03:57,C7bF,offen,cuh,Cwy6r7eteARzfsYwwJ8sgPZTQr4AGApD8WT8ozdtpump,168.8,9.08635226178e-08,2.4434,0.488689,6173,28,31.83,0.00,0,0
2026-10-06 00:03:57,Eshi,offen,CASPER,WhcjUqCouJcvkSJdE9fw8B6TY4K6sMLYfYp9b1Epump,2373.1,5.49024061338e-08,0.9292,0.185836,1733,128,28.30,0.00,0,0
2026-10-06 00:03:57,G7b2,offen,si.gov,7CTRbkV1tVuq1f59pRxT1Pb2W5AHG4gM9FMH4rGzKiXv,2328.9,2.19979590622e-06,0.9614,1.922779,31341,2319,11.69,0.00,1,1
2026-10-06 00:03:57,G7b2,offen,.si,8RfgokotF4CW3BAAd6Pzy4ap9AHiZq236C63oB8J7nre,2205.8,1.00590658432e-07,0.4609,0.092186,4455,331,17.01,0.00,0,0
2026-10-06 00:03:57,G7b2,offen,GTA6,4kjruqGHDsSqkMdFfCjV7Vb62HPFhtXyWc2t6JpQzDnz,1326.8,5.02768947901e-06,0.9853,0.788202,11325,10680,17.73,0.00,0,0
2026-10-06 00:03:57,G7b2,offen,SXSI,DQysBW79uHzZAWd2ahVQrf89CuSFqVzuNA3ijHbjVJfG,1318.0,1.54370570616e-06,0.4623,0.554793,23834,1378,26.04,0.00,7,2
2026-10-06 00:03:57,G7b2,offen,SI,DEW9dSN6QpWyNthphCpMmAbZP1Q4cEKR9xQXAri98WDP,1278.8,0.000219243472175,0.8166,1.469830,2031878,57811,13.57,0.00,51,115
2026-10-06 00:03:57,GeFg,offen,Percy,9ey7zGjpgQ9a4R5YxdEnv6y99xWeNFUNRow48dyfpump,2712.3,2.69077641486e-08,0.1784,0.035671,2708,81,14.89,0.00,0,0
2026-10-06 00:03:57,GeFg,offen,Yugi,Eo7hAPND5wNHwqEEFp1qZ9cfDVsjtBkQi1hn782jd1bV,1833.4,1.12489759698e-07,0.4067,0.081347,3324,244,25.57,0.00,0,0
2026-10-06 00:03:57,499R,offen,PUMPE,9fJAWKQpkY93hfuZxrHfh5wEh2AV9vjkWNQfzfbziHd2,2539.6,1.46743178663e-05,0.9846,2.975632,84917,2398,18.17,0.80,3,2
2026-10-06 00:03:57,7Cn1,offen,SI,DEW9dSN6QpWyNthphCpMmAbZP1Q4cEKR9xQXAri98WDP,1034.9,0.000219243472175,0.7652,0.439700,2031878,57811,13.57,0.00,51,115
2026-10-06 00:03:57,7Cn1,offen,GEM,EWMZwoCjUo9GvVG9PSvQfJEcfAQod5xosKfJzpxN8HnF,1016.0,3.51269476276e-08,0.7566,0.605248,4054,10,11.73,0.00,0,0
2026-10-06 00:03:57,7Cn1,offen,si.gov,7CTRbkV1tVuq1f59pRxT1Pb2W5AHG4gM9FMH4rGzKiXv,499.4,2.19979590622e-06,0.7918,0.158361,31341,2319,11.69,0.00,1,1
2026-10-06 00:03:57,7Cn1,offen,CRAWL,BXoHJddsWJLHtAopeiSbKUSELsu8hSFMs8baGMDkpump,97.3,3.33574040239e-05,1.0387,0.415486,469331,7565,14.14,0.00,32,132
2026-10-06 00:03:57,Loopierr,schatten,CatCollector,5AgD5tmarU5kgbqHqCgDEMcAHAQAm8muV67xkKs9urps,5154.9,3.16241885617e-08,0.0940,0.018793,168,38,4.00,0.00,0,0
2026-10-06 00:03:57,Loopierr,schatten,SGI,36yTNhb9rfogt4mWxFiTnBeeT9bNXrVdKymAJ3jbvTzM,5004.0,2.91053965058e-08,0.1823,0.036465,3665,8,1.54,0.00,0,0
2026-10-06 00:03:57,6ANG,schatten,ANTHROPIG,25DeVAVF86uAd2wcFewp7F1s6gjZei88Mj4xBzg3AP94,5716.1,1.05946611886e-07,0.4321,0.086410,5094,68,31.13,0.00,0,0
2026-10-06 00:03:57,HEBO,schatten,SI,4qCW74oX82oTeypDzFYYYZ6eJ6yPQVFeX196YpHszJFY,1837.2,2.51623465965e-08,0.4991,0.099823,2652,63,13.02,0.00,0,0
2026-10-06 00:03:57,HEBO,schatten,INCOME,E7mRvAbgZdA6dF7cgXZevkbjd9Yfy5q11XEFnWZfpump,1566.0,6.24818205355e-08,0.9979,0.199571,2534,1273,15.11,0.00,0,0
2026-10-06 00:03:57,HEBO,schatten,GPH,BtmRMRazMTY2KqpbZkdFGrGJSm8rwLG744DV8Webpump,527.6,7.07167252792e-08,1.0022,0.200435,2211,84,27.71,0.00,0,0
2026-10-06 00:03:57,HEBO,schatten,pup,7HE2WmPoYE7uaA7DKh25N5cUwEcUoiyjwZU9ZeaQpump,527.0,7.49580364468e-08,0.6869,0.137371,2639,374,25.27,0.00,0,1
2026-10-06 00:03:57,Troupe,schatten,CLAUSE,EWKyN7QHfJo41ikKqpo8R5gwEvryytKo9Vf7NF39U1GC,212.7,1.96279901681e-08,0.0568,0.011354,2233,39,5.36,0.00,0,0
2026-10-06 00:03:57,4DOV,schatten,Human,8nPoBHiBM6pybxMws9PA2JRb9BjkppBfqcZGmot4DMBC,1433.2,8.52309217504e-06,0.3264,0.022310,111511,7128,20.56,0.00,33,38
2026-10-06 00:03:57,Cooker,schatten,X7,CdhZy8wrRxNxoV8HtoByXKN7mvS46avtuZ1b39tKfx7,5817.9,1.99062691775e-06,0.1967,0.039332,46102,1631,20.97,0.00,0,0
2026-10-06 00:03:57,Cooker,schatten,9e9,HZ4qZQJ7yf6WR1D24GLRLJ3cKUfgtJEF3B7SdLMLvCPZ,4548.5,3.60331127232e-08,0.0419,0.016750,1211,273,17.66,0.00,0,0
2026-10-06 00:03:57,Gake,schatten,MINEPAD,2EUKLvNQ63YCmjSDyJ14Tzj7ASeHGXgseYWrKAa2mine,6697.6,8.67866448863e-07,0.5117,0.086988,18203,738,22.56,0.00,2,2
2026-10-06 00:03:57,Gake,schatten,TERRA,JD3d8mxEJ91LHZSuwVLquFAKdo5PbEeLCUevjjDsPdRe,5415.1,1.37025375778e-07,0.1007,0.020149,4035,130,30.24,0.00,0,0
2026-10-06 00:03:57,Gake,schatten,SHITCOIN,4BxBot4K36N3ZZkpB9sqEocy5iBi8cUttK6s8YbHH9Jo,3907.2,7.15779741381e-08,0.0761,0.015216,2300,124,33.58,0.00,0,0
2026-10-06 00:03:57,Gake,schatten,FROGE,6R1F4sNySF4NKGdhW3UhESWuYYRu4Cehk5rn3mGP375R,3896.4,6.68784456775e-08,0.0630,0.012601,2397,366,25.22,0.00,0,0
2026-10-06 00:03:57,Gake,schatten,GENESIS,CSEd3Pi5WZL7w5vmwNjDVXv8poAqSv2Dn1as1erUpump,1250.5,2.33263143552e-07,0.0482,0.009649,6632,974,26.07,0.10,1,1
2026-10-06 00:03:57,Gake,schatten,OATH,2RSsw9tntE1RmoiPnNFiu93EzQu2eLnCAzvZiqMSoatH,1234.4,3.24435214354e-07,0.2911,0.058226,9120,302,28.42,0.00,1,7
2026-10-06 00:03:57,Gake,schatten,IMAGINE,EpFTb2XcGiMyGLykZ9VYmyPWz2AHEwAggqSbwJpypump,862.3,2.71937455736e-06,1.0175,0.203507,30663,829,37.91,9.27,0,0
2026-10-06 00:03:57,Dior,schatten,AC,HpkDyHK7avch8TS3raZ6mifBjZoUHRgvWwgzRQL1RXFR,391.1,1.66257422394e-06,1.1444,0.228884,20142,945,25.91,0.00,5,32
2026-10-06 00:03:57,C7bF,schatten,cuh,4zgRFQpu1DDNajzfyb3rF5S3cdFif1sNyK4nMcmjpump,218.0,3.34508797413e-08,0.6962,0.139242,3967,4,9.10,0.00,0,0
2026-10-06 00:03:57,koko,schatten,MAJOR,7AUzu756Pp3Cg3NByuKfcRSAFFt31kjC6U6R1npkiA1Q,3067.0,1.96420809057e-07,4.3000,0.859994,5194,175,30.61,0.00,0,0
2026-10-06 00:03:57,77n6,schatten,MOE,L8nRPCzg1Tntw5RCMECXyJSBpLiCz6yKdZmxAjzpump,2462.8,2.23615585227e-07,0.7106,0.142124,5495,169,20.16,0.00,0,2
2026-10-06 00:03:57,G7b2,schatten,.si,8RfgokotF4CW3BAAd6Pzy4ap9AHiZq236C63oB8J7nre,2205.6,1.00590658432e-07,0.3111,0.124435,4455,331,17.01,0.00,0,0
2026-10-06 00:04:58,Loopierr,offen,GARP,FKPdKiZBYMU2MwHXKjyhgV6ozSh2APzvvr3ZBwFCfSHo,7928.7,2.46141467836e-08,0.0387,0.007735,521,148,7.76,0.00,0,0
2026-10-06 00:04:58,6ANG,offen,OpenSI,5ptkVdbpaPpEJPPVXE5CpJNCXEmAidyot5TQcDDawMzm,7656.3,4.74952792315e-07,1.1527,0.886765,11804,1206,23.58,0.00,0,0
2026-10-06 00:04:58,6ANG,offen,ANT,BTZK1B3pCoBDD1vy5e4bDBM4bwvvhkKUMTuKABkGWwGp,5717.3,2.52940255196e-07,0.6558,0.393500,8409,79,25.43,0.00,0,0
2026-10-06 00:04:58,6ANG,offen,ANTHROPIG,25DeVAVF86uAd2wcFewp7F1s6gjZei88Mj4xBzg3AP94,5717.1,1.05946611886e-07,0.4346,0.173826,5094,68,31.13,0.00,0,0
2026-10-06 00:04:58,9LXM,offen,SGI,FcZcFjfNPJR9rycZS1FwkiEgQTW7ZWRjdSaBdJ6M9ha6,7511.3,6.99050414894e-08,0.0459,0.018358,4725,349,19.50,0.00,0,0
2026-10-06 00:04:58,HEBO,offen,SGI,FcZcFjfNPJR9rycZS1FwkiEgQTW7ZWRjdSaBdJ6M9ha6,7949.3,6.99050414894e-08,0.0590,0.067651,4725,349,19.50,0.00,0,0
2026-10-06 00:04:58,HEBO,offen,goon,HSUMi4rMgjrx7zRUabw3ogGu1pa5hmF2eVcXj9Apump,7743.3,3.83633370345e-07,0.4697,0.338458,12094,2925,15.24,0.00,0,0
2026-10-06 00:04:58,HEBO,offen,Tico,35ccP7zmf4THJsDn3UtozYcWm1U8nzhyHcTgK3ETpump,7678.0,3.21501264183e-08,0.5376,0.107513,3877,30,7.18,0.00,0,0
2026-10-06 00:04:58,HEBO,offen,SGI,Cb2pMbsRRvaeZoxpRqnTP6k6hLziSUf5pnqW9Jx5T3Wz,5089.7,1.61529130445e-07,0.4282,0.599422,7585,463,26.36,0.00,0,0
2026-10-06 00:04:58,HEBO,offen,ArmyX,F7y94q8QvGKNCrGt6E5pgQ7ABBkQK4QkqEBGs9Y5ZFFk,5065.2,3.80093253738e-08,0.1419,0.113491,3522,70,17.45,0.00,0,0
2026-10-06 00:04:58,HEBO,offen,BLOBBY,6tr6DHikJCo7Fi5bu65LoC7itWZezz6aZny36H8Kh5Q1,4862.2,3.87623795389e-08,0.1090,0.109000,3578,241,22.04,0.00,0,0
2026-10-06 00:04:58,HEBO,offen,BLOBBY,AsoVfPHWY5YHCpc4aMzUcMENVRaC9Rjje94BpkxcW2VE,4818.9,4.77587647445e-08,0.6730,0.134599,1429,140,15.75,0.00,0,0
2026-10-06 00:04:58,HEBO,offen,ZUCKS,2eBJvNnn7guSjX1yuE7seuDY9pveDiHkfoyeBh2WZroS,4799.5,2.18506399273e-08,0.3342,0.048118,2392,37,7.97,0.00,0,0
2026-10-06 00:04:58,HEBO,offen,TRUMPTV,34w4t74EsbJyBBSyYBFyNo65Ft7Ax8BF3HrubL1mwbpL,4704.7,1.96019065421e-08,0.1503,0.030055,2266,95,5.45,0.00,0,0
2026-10-06 00:04:58,HEBO,offen,pill,DvdmEnztCmXwBnAbedD48XVGZJSxq31zNvnyftXdpump,3640.7,1.4281694783e-05,0.7471,1.643515,257166,5663,19.45,0.00,7,6
2026-10-06 00:04:58,HEBO,offen,PUMPCAT,G4vqe8KAcRGTb7Kc55n9sz43aR4ugTPdSeUnAXZhpump,3640.4,3.28998904297e-06,1.5597,0.311936,53158,1251,24.45,0.00,0,0
2026-10-06 00:04:58,HEBO,offen,CUPTOBER,EKgswaMnRSJHmyFZCbxscTAjiR2bH1oLXsftepUGsPtz,3477.3,4.86220893005e-08,0.5911,0.236428,5471,31,11.81,0.00,0,0
2026-10-06 00:04:58,HEBO,offen,Scronkfinkle,DaUFkgZjwJCsM9QDWCsxtZS2omgHS3Fn9GHgTX5wwpcX,2215.0,3.98525685652e-08,0.3921,0.235251,1122,104,19.39,0.00,0,0
2026-10-06 00:04:58,HEBO,offen,Eagle,E3pWKtfQk6LLZpRWVTjJwrMY4vFa9umLYDPxWJtZSTNK,2191.5,3.29127499282e-08,0.1739,0.157520,3151,91,16.39,0.00,0,0
2026-10-06 00:04:58,HEBO,offen,Inu,83LFceyzRNNRUThm4VzHx4jmVuf6xAggSp2UvhQx52Dy,1838.4,2.78536524224e-08,0.1605,0.032093,2808,129,12.84,0.00,0,0
2026-10-06 00:04:58,HEBO,offen,Caviar,F7ktJWjMtubD8zwv5xMb35g5hPTvGQSDMS8UGcwXpump,1570.8,1.17699387824e-07,0.7505,0.300212,3818,91,29.59,0.00,0,0
2026-10-06 00:04:58,HEBO,offen,APU,HoCeDUrd5BqfYmaRk2eiUpzshEvpwfYpgrJ4YKFCpump,1565.3,3.92295822289e-07,0.9347,0.186948,10728,290,27.64,0.00,0,0
2026-10-06 00:04:58,HEBO,offen,TIT,3KM7dvpUk2Wm8qdXtZpBJHgic4bAaz1MTDHvUEjKpump,1545.4,3.65476559419e-07,0.8109,0.486553,9430,152,28.08,0.00,0,0
2026-10-06 00:04:58,HEBO,offen,MIM,6bJtwhtvzkthAYszQ3ZWkFJzSvbGSkbAz9yPcSiXaGK6,1544.8,1.81842824349e-07,1.4379,0.287584,5801,218,25.55,0.00,0,0
2026-10-06 00:04:58,HEBO,offen,Taste,93FWFR63nwQcq5zuXNmTits5BYcKFjmUZzccMvhmpump,1544.4,1.86979796218e-07,2.0832,0.833261,12483,62,25.43,0.00,0,0
2026-10-06 00:04:58,HEBO,offen,GPH,H1hFymzkRE7CAdxEuBWYknvsTCgoDXAqPKFU94iPpump,1538.7,4.98984540588e-08,0.9443,0.188860,899,71,17.96,0.00,0,0
2026-10-06 00:04:58,HEBO,offen,APP,6MnQ921sqsShymdoqPv2RfhL5g2Hk2hoqPvgpDGcpump,533.1,5.68184387896e-07,1.1313,0.678753,10033,385,30.22,0.00,2,0
2026-10-06 00:04:58,HEBO,offen,TIT,Ar3QBegnCQr6ZFyN9h637ar9JCxZRvdboiR1QzMrpump,532.5,2.49078438734e-07,0.5481,0.548091,6154,440,31.59,0.00,6,2
2026-10-06 00:04:58,HEBO,offen,AVERY,8QFGVLXehnTv28eMdXZkhY5d84SVF58LAfRGx8zWpH9b,469.4,6.58556006248e-08,0.3677,0.073530,4346,306,26.43,0.00,1,2
2026-10-06 00:04:58,Troupe,offen,PUMP,pumpCmXqMfrsAkQ5r49WcJnRayYRqmXz6ae8H7H9Dfn,5867.8,5.34546245222e-05,1.1026,0.009969,43465632,307040,59.30,0.00,90,388
2026-10-06 00:04:58,Troupe,offen,homo,42AtRP5d3ySBj9iveMYeD23kkmN3HEZFwUzs1YKvkPA9,4215.3,2.17392923345e-08,0.0585,0.010249,290,150,4.19,0.00,0,0
2026-10-06 00:04:58,Troupe,offen,PUMPE,9fJAWKQpkY93hfuZxrHfh5wEh2AV9vjkWNQfzfbziHd2,4088.5,1.46743178663e-05,0.5310,0.637248,84917,2398,18.17,0.80,3,2
2026-10-06 00:04:58,Troupe,offen,HOLD,6REnZgtxhwdSAHczAp4J5PRsGQYQt7T3x4kEDyfs9U7y,4045.5,3.01611354954e-08,0.0174,0.003473,857,489,12.14,0.00,0,0
2026-10-06 00:04:58,Troupe,offen,THICC,3QEbHMK6ceYevtaCdLmBQMJgcPb9PJQpgyFBP6f6x6Rg,1390.1,1.37387868322e-08,0.0639,0.012778,1524,8,3.94,0.00,0,0
2026-10-06 00:04:58,Troupe,offen,CLAUSE,EWKyN7QHfJo41ikKqpo8R5gwEvryytKo9Vf7NF39U1GC,213.8,1.96279901681e-08,0.0806,0.016118,2233,39,5.36,0.00,0,0
2026-10-06 00:04:58,4DOV,offen,BOT,Aaan4fxwhKtUUPg2GSKq6natLV9oj9QQNf5xT4UE2gXr,5514.8,3.12382805202e-08,0.0367,0.007334,895,332,15.16,0.00,0,0
2026-10-06 00:04:58,4DOV,offen,PUDU,8HQgEcbhR5Xoh735zvndAocCLd7wdAYJfWHV55J8pump,4065.9,3.07704795179e-08,0.0146,0.005839,893,441,13.13,0.00,0,0
2026-10-06 00:04:58,4DOV,offen,Agency,7VertkgF9KLhxxJXHX6uaWuoYZTP9LdGj2bWmVXVpump,3338.0,6.49403269138e-05,0.8002,0.405087,930511,12985,22.00,0.00,144,260
2026-10-06 00:04:58,4DOV,offen,Aiden,9dSMwFfPezQ8WPcW1uZV7ns4rcviEj2LssSAg75WBLXd,2626.7,7.08955125427e-07,0.0504,0.022678,18861,3507,20.60,0.00,17,1
2026-10-06 00:04:58,4DOV,offen,CRAWL,BXoHJddsWJLHtAopeiSbKUSELsu8hSFMs8baGMDkpump,2124.4,3.19578539107e-05,0.8591,0.902037,462576,7570,14.14,0.00,41,73
2026-10-06 00:04:58,4DOV,offen,Ash,F5WvFdG9sCfhv3bVYAMJNWiwpx5e3X2uvpXDtLtdsDJs,1917.2,3.14418276394e-06,0.4367,0.524023,61359,3610,17.63,0.16,29,17
2026-10-06 00:04:58,4DOV,offen,SPLICE,7bC8ugu1ZJn21MhA4ht483nX8brLNesa8R7XLimpFyhq,1870.2,1.2856169949e-06,0.0813,0.048767,23186,2982,18.90,0.03,2,24
2026-10-06 00:04:58,4DOV,offen,Ash,4jxyespUyvDxg1cN1NMCWErHGGyPrBdEzPiDobLBmttL,1552.5,3.87379922821e-08,0.0968,0.019357,1055,24,2.58,0.00,0,0
2026-10-06 00:04:58,4DOV,offen,Human,8nPoBHiBM6pybxMws9PA2JRb9BjkppBfqcZGmot4DMBC,1434.6,8.99793633165e-06,0.5944,0.451356,114491,7137,20.56,0.00,42,48
2026-10-06 00:04:58,4DOV,offen,www,GAwhcphCqCv5bKHmCiN4VDdNWfbXJL4npmkc8L3Q9S9H,1401.9,2.86059629276e-06,0.2738,0.109504,54826,7095,16.84,0.00,42,40
2026-10-06 00:04:58,4DOV,offen,ACTII,DYjM6f2R34Qp4jPE73HsdEVZwwcQFCsokpNYCqBUpump,1329.7,2.38613234569e-07,0.0451,0.013540,6879,1317,22.02,0.00,0,5
2026-10-06 00:04:58,4DOV,offen,BANANA,G7JkKqGb69cCWC2XkDXc8LG8qbifTkCKpsAcr6kApump,1213.5,1.10302985874e-07,0.1056,0.021118,3329,275,28.32,0.00,0,0
2026-10-06 00:04:58,4DOV,offen,JITI,6YuVyHbjdwxiH1CLCSusP9yjXmsVvQfcTbSSPcFuXDew,652.5,1.07038705601e-07,0.0907,0.018146,4023,1018,27.10,0.00,0,1
2026-10-06 00:04:58,4DOV,offen,QINU,4unydQjvYdqR31pkuBYGu2nGst8r8j5XMW8KXRXtpump,416.1,7.47610568103e-08,0.0449,0.017959,2562,676,20.41,1.06,1,1
2026-10-06 00:04:58,4DOV,offen,NOLLA,CXw5hY3BMi87DTa99ekZgwxuvu7pQ2FUQVecs3SvJLD9,236.3,5.58605860188e-08,0.0500,0.009995,1812,439,25.64,0.00,0,4
2026-10-06 00:04:58,4DOV,offen,TRANNIE,BvLqum9qd4TWQ1c9WPmLYMvxxzoXUjsFycVffvjyq16,155.4,7.98488041555e-08,0.3413,0.068251,2432,227,26.68,0.00,1,3
2026-10-06 00:04:58,4DOV,offen,FEEBITS,BJUiNooYiZ4ojatPVeJAUXGEd3dcGzQ1ApWDoVTzpump,97.3,5.24938998617e-06,0.8703,0.522180,45218,1939,37.89,0.00,59,118
2026-10-06 00:04:58,Cooker,offen,SI,DEW9dSN6QpWyNthphCpMmAbZP1Q4cEKR9xQXAri98WDP,6039.8,0.000222875000969,0.6567,0.393999,2038011,57820,13.57,0.00,50,120
2026-10-06 00:04:58,Cooker,offen,HOOKED,C1mBfBoDkwWfd6uTFZp62ARHLjeVp3bDpCDMfMZtPngE,4586.1,7.01511734627e-05,0.6422,2.953956,921018,11090,20.53,0.00,11,42
2026-10-06 00:04:58,Gake,offen,CURVE,7ioeSgzfSKHMnpgfPpgRFsekMBGiu9oi6t6GeqYtNbbh,6728.6,2.6692310288e-06,0.7715,0.154299,144041,1192,16.65,0.04,0,0
2026-10-06 00:04:58,Gake,offen,SDOG,yFcTuQJCMsd1Asya15GZ7h4KGdxsujRLcUiTWWXpump,6542.0,7.88847143408e-07,0.1057,0.021140,16526,1660,21.52,0.00,0,4
2026-10-06 00:04:58,Gake,offen,OP,5PiBn5JdjJDnRGziiSfsu2affgBR3DyTTCR3CHpcode,6479.3,2.53127513274e-06,0.6971,0.139417,32358,1632,20.13,0.00,1,3
2026-10-06 00:04:58,Gake,offen,PURPS,purpFPo5voy6fEu8jxSCwVdMs1zyYEYAH6FBQvTYCZK,4197.1,2.69281833404e-06,0.9447,0.188941,34567,2312,33.90,0.00,0,0
2026-10-06 00:04:58,Pikalosi,offen,Miu,7LNFZcNigZay5U9e2sq6n2Z4iM8BC2Dd53L14pwvpump,4703.6,3.99176438166e-07,0.9564,0.191280,14167,805,20.87,0.00,0,0
2026-10-06 00:04:58,Dior,offen,OTC,MukLDtJ8Cx9DxLbeyLRSWPSposTMWuwHANbuaudpump,5029.5,8.00981069684e-05,1.1843,5.075868,538961,18556,24.80,0.00,12,15
2026-10-06 00:04:58,Dior,offen,TripleT,J8PSdNP3QewKq2Z1JJJFDMaqF7KcaiJhR7gbr5KZpump,4157.6,6.22593155935e-05,1.0048,0.401907,407257,22840,18.89,0.00,2,7
2026-10-06 00:04:58,Dior,offen,Kirkslop,8m5hzX9hprtWwPuVZL4daCZfggWYKc6fhSJDDpiqpump,3836.9,7.93641565998e-07,1.0261,0.205223,16994,394,27.93,0.00,0,0
2026-10-06 00:04:58,Dior,offen,COCKROACH,H4KUxsEgCp2yDpFvyDuGM5k6XevSKKrrKUxZ3Zr6nyJc,676.1,9.11729748752e-06,0.8259,1.156254,125096,3501,17.30,0.00,5,5
2026-10-06 00:04:58,Dior,offen,glungus,Bd9thw3PAeyHeBGSi4R1ARBuptpG5rM4fhB8BRWJkq1e,667.9,1.07564123919e-06,0.8370,0.334812,15963,539,24.86,0.00,0,10
2026-10-06 00:04:58,Dior,offen,AC,HpkDyHK7avch8TS3raZ6mifBjZoUHRgvWwgzRQL1RXFR,390.8,1.67148055013e-06,1.2321,1.232098,20253,946,25.91,0.00,7,22
2026-10-06 00:04:58,3zsr,offen,Sapijiju,8Fs2YLsayR4awLB79nMM3QCpG3pqvcAGP7hHb8fX4L2G,4528.6,1.08656619922e-07,1.0139,0.202773,3864,338,26.44,0.00,0,0
2026-10-06 00:04:58,C7bF,offen,cuh,Cwy6r7eteARzfsYwwJ8sgPZTQr4AGApD8WT8ozdtpump,169.8,9.08635226178e-08,2.4434,0.488689,6173,28,31.83,0.00,0,0
2026-10-06 00:04:58,Eshi,offen,CASPER,WhcjUqCouJcvkSJdE9fw8B6TY4K6sMLYfYp9b1Epump,2374.1,5.49024061338e-08,0.9292,0.185836,1733,128,28.30,0.00,0,0
2026-10-06 00:04:58,G7b2,offen,si.gov,7CTRbkV1tVuq1f59pRxT1Pb2W5AHG4gM9FMH4rGzKiXv,2329.9,2.06550039534e-06,0.9027,1.805395,30808,2317,11.69,0.00,0,5
2026-10-06 00:04:58,G7b2,offen,.si,8RfgokotF4CW3BAAd6Pzy4ap9AHiZq236C63oB8J7nre,2206.8,1.03818703693e-07,0.4757,0.095144,4455,331,17.01,0.00,1,1
2026-10-06 00:04:58,G7b2,offen,GTA6,4kjruqGHDsSqkMdFfCjV7Vb62HPFhtXyWc2t6JpQzDnz,1327.8,5.02768947901e-06,0.9853,0.788202,11325,10680,17.73,0.00,0,0
2026-10-06 00:04:58,G7b2,offen,SXSI,DQysBW79uHzZAWd2ahVQrf89CuSFqVzuNA3ijHbjVJfG,1319.0,1.54280044387e-06,0.4621,0.554468,23818,1382,26.04,0.00,12,3
2026-10-06 00:04:58,G7b2,offen,SI,DEW9dSN6QpWyNthphCpMmAbZP1Q4cEKR9xQXAri98WDP,1279.8,0.000222875000969,0.8301,1.494177,2038011,57820,13.57,0.00,50,120
2026-10-06 00:04:58,GeFg,offen,Percy,9ey7zGjpgQ9a4R5YxdEnv6y99xWeNFUNRow48dyfpump,2713.3,2.69077641486e-08,0.1784,0.035671,2708,81,14.89,0.00,0,0
2026-10-06 00:04:58,GeFg,offen,Yugi,Eo7hAPND5wNHwqEEFp1qZ9cfDVsjtBkQi1hn782jd1bV,1834.4,1.12489759698e-07,0.4067,0.081347,3324,244,25.57,0.00,0,0
2026-10-06 00:04:58,499R,offen,PUMPE,9fJAWKQpkY93hfuZxrHfh5wEh2AV9vjkWNQfzfbziHd2,2540.6,1.46743178663e-05,0.9846,2.975632,84917,2398,18.17,0.80,3,2
2026-10-06 00:04:58,7Cn1,offen,SI,DEW9dSN6QpWyNthphCpMmAbZP1Q4cEKR9xQXAri98WDP,1035.9,0.000222875000969,0.7779,0.446983,2038011,57820,13.57,0.00,50,120
2026-10-06 00:04:58,7Cn1,offen,GEM,EWMZwoCjUo9GvVG9PSvQfJEcfAQod5xosKfJzpxN8HnF,1017.0,3.51269476276e-08,0.7566,0.605248,4054,10,11.73,0.00,0,0
2026-10-06 00:04:58,7Cn1,offen,si.gov,7CTRbkV1tVuq1f59pRxT1Pb2W5AHG4gM9FMH4rGzKiXv,500.4,2.06550039534e-06,0.7435,0.148693,30808,2317,11.69,0.00,0,5
2026-10-06 00:04:58,7Cn1,offen,CRAWL,BXoHJddsWJLHtAopeiSbKUSELsu8hSFMs8baGMDkpump,98.3,3.19578539107e-05,0.9951,0.398053,462576,7570,14.14,0.00,41,73
2026-10-06 00:04:58,Loopierr,schatten,CatCollector,5AgD5tmarU5kgbqHqCgDEMcAHAQAm8muV67xkKs9urps,5155.9,3.16241885617e-08,0.0940,0.018793,168,38,4.00,0.00,0,0
2026-10-06 00:04:58,Loopierr,schatten,SGI,36yTNhb9rfogt4mWxFiTnBeeT9bNXrVdKymAJ3jbvTzM,5005.0,2.91053965058e-08,0.1823,0.036465,3665,8,1.54,0.00,0,0
2026-10-06 00:04:58,6ANG,schatten,ANTHROPIG,25DeVAVF86uAd2wcFewp7F1s6gjZei88Mj4xBzg3AP94,5717.1,1.05946611886e-07,0.4321,0.086410,5094,68,31.13,0.00,0,0
2026-10-06 00:04:58,HEBO,schatten,SI,4qCW74oX82oTeypDzFYYYZ6eJ6yPQVFeX196YpHszJFY,1838.2,2.51623465965e-08,0.4991,0.099823,2652,63,13.02,0.00,0,0
2026-10-06 00:04:58,HEBO,schatten,INCOME,E7mRvAbgZdA6dF7cgXZevkbjd9Yfy5q11XEFnWZfpump,1567.0,6.24818205355e-08,0.9979,0.199571,2534,1273,15.11,0.00,0,0
2026-10-06 00:04:58,HEBO,schatten,GPH,BtmRMRazMTY2KqpbZkdFGrGJSm8rwLG744DV8Webpump,528.6,7.07167252792e-08,1.0022,0.200435,2211,84,27.71,0.00,0,0
2026-10-06 00:04:58,HEBO,schatten,pup,7HE2WmPoYE7uaA7DKh25N5cUwEcUoiyjwZU9ZeaQpump,528.0,7.49580364468e-08,0.6869,0.137371,2639,374,25.27,0.00,0,1
2026-10-06 00:04:58,Troupe,schatten,CLAUSE,EWKyN7QHfJo41ikKqpo8R5gwEvryytKo9Vf7NF39U1GC,213.7,1.96279901681e-08,0.0568,0.011354,2233,39,5.36,0.00,0,0
2026-10-06 00:04:58,4DOV,schatten,Human,8nPoBHiBM6pybxMws9PA2JRb9BjkppBfqcZGmot4DMBC,1434.2,8.99793633165e-06,0.3446,0.023553,114491,7137,20.56,0.00,42,48
2026-10-06 00:04:58,Cooker,schatten,X7,CdhZy8wrRxNxoV8HtoByXKN7mvS46avtuZ1b39tKfx7,5818.9,1.99062691775e-06,0.1967,0.039332,46102,1631,20.97,0.00,0,0
2026-10-06 00:04:58,Cooker,schatten,9e9,HZ4qZQJ7yf6WR1D24GLRLJ3cKUfgtJEF3B7SdLMLvCPZ,4549.5,3.60331127232e-08,0.0419,0.016750,1211,273,17.66,0.00,0,0
2026-10-06 00:04:58,Gake,schatten,MINEPAD,2EUKLvNQ63YCmjSDyJ14Tzj7ASeHGXgseYWrKAa2mine,6698.6,8.67866448863e-07,0.5117,0.086988,18209,738,22.56,0.00,2,2
2026-10-06 00:04:58,Gake,schatten,TERRA,JD3d8mxEJ91LHZSuwVLquFAKdo5PbEeLCUevjjDsPdRe,5416.1,1.37025375778e-07,0.1007,0.020149,4035,130,30.24,0.00,0,0
2026-10-06 00:04:58,Gake,schatten,SHITCOIN,4BxBot4K36N3ZZkpB9sqEocy5iBi8cUttK6s8YbHH9Jo,3908.2,7.15779741381e-08,0.0761,0.015216,2301,124,33.58,0.00,0,0
2026-10-06 00:04:58,Gake,schatten,FROGE,6R1F4sNySF4NKGdhW3UhESWuYYRu4Cehk5rn3mGP375R,3897.4,6.68784456775e-08,0.0630,0.012601,2397,366,25.22,0.00,0,0
2026-10-06 00:04:58,Gake,schatten,GENESIS,CSEd3Pi5WZL7w5vmwNjDVXv8poAqSv2Dn1as1erUpump,1251.5,2.32004468502e-07,0.0480,0.009597,6613,972,26.07,0.10,0,3
2026-10-06 00:04:58,Gake,schatten,OATH,2RSsw9tntE1RmoiPnNFiu93EzQu2eLnCAzvZiqMSoatH,1235.4,3.21212952226e-07,0.2882,0.057648,9030,303,28.42,0.00,1,6
2026-10-06 00:04:58,Gake,schatten,IMAGINE,EpFTb2XcGiMyGLykZ9VYmyPWz2AHEwAggqSbwJpypump,863.3,2.71937455736e-06,1.0175,0.203507,30663,829,37.91,9.27,0,0
2026-10-06 00:04:58,Dior,schatten,AC,HpkDyHK7avch8TS3raZ6mifBjZoUHRgvWwgzRQL1RXFR,392.1,1.67148055013e-06,1.1506,0.230110,20253,946,25.91,0.00,7,22
2026-10-06 00:04:58,C7bF,schatten,cuh,4zgRFQpu1DDNajzfyb3rF5S3cdFif1sNyK4nMcmjpump,219.0,3.34508797413e-08,0.6962,0.139242,3967,4,9.10,0.00,0,0
2026-10-06 00:04:58,koko,schatten,MAJOR,7AUzu756Pp3Cg3NByuKfcRSAFFt31kjC6U6R1npkiA1Q,3068.0,1.96420809057e-07,4.3000,0.859994,5194,175,30.61,0.00,0,0
2026-10-06 00:04:58,77n6,schatten,MOE,L8nRPCzg1Tntw5RCMECXyJSBpLiCz6yKdZmxAjzpump,2463.8,2.09025479381e-07,0.6643,0.132851,5261,168,20.16,0.00,1,4
2026-10-06 00:04:58,G7b2,schatten,.si,8RfgokotF4CW3BAAd6Pzy4ap9AHiZq236C63oB8J7nre,2206.6,1.03818703693e-07,0.3211,0.128428,4455,331,17.01,0.00,1,1
2026-10-06 00:05:58,Loopierr,offen,GARP,FKPdKiZBYMU2MwHXKjyhgV6ozSh2APzvvr3ZBwFCfSHo,7929.7,2.46001139769e-08,0.0387,0.007730,521,148,7.76,0.00,0,0
2026-10-06 00:05:58,6ANG,offen,OpenSI,5ptkVdbpaPpEJPPVXE5CpJNCXEmAidyot5TQcDDawMzm,7657.3,4.74682016295e-07,1.1520,0.886259,11804,1206,23.58,0.00,0,0
2026-10-06 00:05:58,6ANG,offen,ANT,BTZK1B3pCoBDD1vy5e4bDBM4bwvvhkKUMTuKABkGWwGp,5718.3,2.52796051063e-07,0.6555,0.393275,8409,79,25.43,0.00,0,0
2026-10-06 00:05:58,6ANG,offen,ANTHROPIG,25DeVAVF86uAd2wcFewp7F1s6gjZei88Mj4xBzg3AP94,5718.1,1.05886210511e-07,0.4343,0.173727,5094,68,31.13,0.00,0,0
2026-10-06 00:05:58,9LXM,offen,SGI,FcZcFjfNPJR9rycZS1FwkiEgQTW7ZWRjdSaBdJ6M9ha6,7512.3,6.98651878255e-08,0.0459,0.018348,4725,349,19.50,0.00,0,0
2026-10-06 00:05:58,HEBO,offen,SGI,FcZcFjfNPJR9rycZS1FwkiEgQTW7ZWRjdSaBdJ6M9ha6,7950.3,6.98651878255e-08,0.0590,0.067612,4725,349,19.50,0.00,0,0
2026-10-06 00:05:58,HEBO,offen,goon,HSUMi4rMgjrx7zRUabw3ogGu1pa5hmF2eVcXj9Apump,7744.3,3.83414656572e-07,0.4695,0.338265,12094,2925,15.24,0.00,0,0
2026-10-06 00:05:58,HEBO,offen,Tico,35ccP7zmf4THJsDn3UtozYcWm1U8nzhyHcTgK3ETpump,7679.0,3.21317972635e-08,0.5373,0.107452,3877,30,7.18,0.00,0,0
2026-10-06 00:05:58,HEBO,offen,SGI,Cb2pMbsRRvaeZoxpRqnTP6k6hLziSUf5pnqW9Jx5T3Wz,5090.7,1.6143704084e-07,0.4279,0.599080,7585,463,26.36,0.00,0,0
2026-10-06 00:05:58,HEBO,offen,ArmyX,F7y94q8QvGKNCrGt6E5pgQ7ABBkQK4QkqEBGs9Y5ZFFk,5066.2,3.79876558225e-08,0.1418,0.113427,3522,70,17.45,0.00,0,0
2026-10-06 00:05:58,HEBO,offen,BLOBBY,6tr6DHikJCo7Fi5bu65LoC7itWZezz6aZny36H8Kh5Q1,4863.2,3.87402806629e-08,0.1089,0.108938,3578,241,22.04,0.00,0,0
2026-10-06 00:05:58,HEBO,offen,BLOBBY,AsoVfPHWY5YHCpc4aMzUcMENVRaC9Rjje94BpkxcW2VE,4819.9,4.77315369263e-08,0.6726,0.134522,1429,140,15.75,0.00,0,0
2026-10-06 00:05:58,HEBO,offen,ZUCKS,2eBJvNnn7guSjX1yuE7seuDY9pveDiHkfoyeBh2WZroS,4800.6,2.18381826275e-08,0.3340,0.048091,2392,37,7.97,0.00,0,0
2026-10-06 00:05:58,HEBO,offen,TRUMPTV,34w4t74EsbJyBBSyYBFyNo65Ft7Ax8BF3HrubL1mwbpL,4705.7,1.9590731271e-08,0.1502,0.030038,2266,95,5.45,0.00,0,0
2026-10-06 00:05:58,HEBO,offen,pill,DvdmEnztCmXwBnAbedD48XVGZJSxq31zNvnyftXdpump,3641.7,1.42735526254e-05,0.7466,1.642578,257160,5663,19.45,0.00,4,7
2026-10-06 00:05:58,HEBO,offen,PUMPCAT,G4vqe8KAcRGTb7Kc55n9sz43aR4ugTPdSeUnAXZhpump,3641.4,3.28811338257e-06,1.5588,0.311758,53158,1251,24.45,0.00,0,0
2026-10-06 00:05:58,HEBO,offen,CUPTOBER,EKgswaMnRSJHmyFZCbxscTAjiR2bH1oLXsftepUGsPtz,3478.3,4.85943692912e-08,0.5907,0.236293,5471,31,11.81,0.00,0,0
2026-10-06 00:05:58,HEBO,offen,Scronkfinkle,DaUFkgZjwJCsM9QDWCsxtZS2omgHS3Fn9GHgTX5wwpcX,2216.1,3.982984816e-08,0.3919,0.235117,1122,104,19.39,0.00,0,0
2026-10-06 00:05:58,HEBO,offen,Eagle,E3pWKtfQk6LLZpRWVTjJwrMY4vFa9umLYDPxWJtZSTNK,2192.5,3.2893985993e-08,0.1738,0.157431,3151,91,16.39,0.00,0,0
2026-10-06 00:05:58,HEBO,offen,Inu,83LFceyzRNNRUThm4VzHx4jmVuf6xAggSp2UvhQx52Dy,1839.4,2.78377727365e-08,0.1604,0.032075,2808,129,12.84,0.00,0,0
2026-10-06 00:05:58,HEBO,offen,Caviar,F7ktJWjMtubD8zwv5xMb35g5hPTvGQSDMS8UGcwXpump,1571.8,1.17632286056e-07,0.7501,0.300041,3818,91,29.59,0.00,0,0
2026-10-06 00:05:58,HEBO,offen,APU,HoCeDUrd5BqfYmaRk2eiUpzshEvpwfYpgrJ4YKFCpump,1566.3,3.92072169952e-07,0.9342,0.186842,10728,290,27.64,0.00,0,0
2026-10-06 00:05:58,HEBO,offen,TIT,3KM7dvpUk2Wm8qdXtZpBJHgic4bAaz1MTDHvUEjKpump,1546.4,3.65268197051e-07,0.8105,0.486276,9430,152,28.08,0.00,0,0
2026-10-06 00:05:58,HEBO,offen,MIM,6bJtwhtvzkthAYszQ3ZWkFJzSvbGSkbAz9yPcSiXaGK6,1545.8,1.81739153674e-07,1.4371,0.287421,5801,218,25.55,0.00,0,0
2026-10-06 00:05:58,HEBO,offen,Taste,93FWFR63nwQcq5zuXNmTits5BYcKFjmUZzccMvhmpump,1545.4,1.86873196897e-07,2.0820,0.832786,12483,62,25.43,0.00,0,0
2026-10-06 00:05:58,HEBO,offen,GPH,H1hFymzkRE7CAdxEuBWYknvsTCgoDXAqPKFU94iPpump,1539.7,4.98700063793e-08,0.9438,0.188752,899,71,17.96,0.00,0,0
2026-10-06 00:05:58,HEBO,offen,APP,6MnQ921sqsShymdoqPv2RfhL5g2Hk2hoqPvgpDGcpump,534.1,5.67860459477e-07,1.1306,0.678366,10033,385,30.22,0.00,2,0
2026-10-06 00:05:58,HEBO,offen,TIT,Ar3QBegnCQr6ZFyN9h637ar9JCxZRvdboiR1QzMrpump,533.6,2.48936436266e-07,0.5478,0.547779,6154,440,31.59,0.00,6,2
2026-10-06 00:05:58,HEBO,offen,AVERY,8QFGVLXehnTv28eMdXZkhY5d84SVF58LAfRGx8zWpH9b,470.4,6.44626006307e-08,0.3599,0.071975,4343,305,26.43,0.00,1,3
2026-10-06 00:05:58,Troupe,offen,PUMP,pumpCmXqMfrsAkQ5r49WcJnRayYRqmXz6ae8H7H9Dfn,5868.8,5.34411481921e-05,1.1023,0.009967,43448494,307040,59.30,0.00,90,387
2026-10-06 00:05:58,Troupe,offen,homo,42AtRP5d3ySBj9iveMYeD23kkmN3HEZFwUzs1YKvkPA9,4216.3,2.17268985153e-08,0.0584,0.010243,290,150,4.19,0.00,0,0
2026-10-06 00:05:58,Troupe,offen,PUMPE,9fJAWKQpkY93hfuZxrHfh5wEh2AV9vjkWNQfzfbziHd2,4089.5,1.46659518698e-05,0.5307,0.636885,84917,2398,18.17,0.80,2,2
2026-10-06 00:05:58,Troupe,offen,HOLD,6REnZgtxhwdSAHczAp4J5PRsGQYQt7T3x4kEDyfs9U7y,4046.5,3.0143940287e-08,0.0174,0.003471,857,489,12.14,0.00,0,0
2026-10-06 00:05:58,Troupe,offen,THICC,3QEbHMK6ceYevtaCdLmBQMJgcPb9PJQpgyFBP6f6x6Rg,1391.1,1.37309541927e-08,0.0639,0.012771,1524,8,3.94,0.00,0,0
2026-10-06 00:05:58,Troupe,offen,CLAUSE,EWKyN7QHfJo41ikKqpo8R5gwEvryytKo9Vf7NF39U1GC,214.8,1.96168000264e-08,0.0805,0.016109,2233,39,5.36,0.00,0,0
2026-10-06 00:05:58,4DOV,offen,BOT,Aaan4fxwhKtUUPg2GSKq6natLV9oj9QQNf5xT4UE2gXr,5515.8,3.12204712191e-08,0.0366,0.007330,895,332,15.16,0.00,0,0
2026-10-06 00:05:58,4DOV,offen,PUDU,8HQgEcbhR5Xoh735zvndAocCLd7wdAYJfWHV55J8pump,4066.9,3.07529369155e-08,0.0146,0.005835,893,441,13.13,0.00,0,0
2026-10-06 00:05:58,4DOV,offen,Agency,7VertkgF9KLhxxJXHX6uaWuoYZTP9LdGj2bWmVXVpump,3339.0,6.53917248441e-05,0.8057,0.407902,932537,12973,22.00,0.00,120,220
2026-10-06 00:05:58,4DOV,offen,Aiden,9dSMwFfPezQ8WPcW1uZV7ns4rcviEj2LssSAg75WBLXd,2627.7,7.13530138771e-07,0.0507,0.022824,18945,3505,20.60,0.00,16,2
2026-10-06 00:05:58,4DOV,offen,CRAWL,BXoHJddsWJLHtAopeiSbKUSELsu8hSFMs8baGMDkpump,2125.4,3.15260878838e-05,0.8475,0.889850,465592,7565,14.14,0.00,38,72
2026-10-06 00:05:58,4DOV,offen,Ash,F5WvFdG9sCfhv3bVYAMJNWiwpx5e3X2uvpXDtLtdsDJs,1918.2,3.13397017692e-06,0.4353,0.522321,61917,3609,17.70,0.16,15,9
2026-10-06 00:05:58,4DOV,offen,SPLICE,7bC8ugu1ZJn21MhA4ht483nX8brLNesa8R7XLimpFyhq,1871.2,1.28282009747e-06,0.0811,0.048661,22906,2983,18.90,0.03,3,25
2026-10-06 00:05:58,4DOV,offen,Ash,4jxyespUyvDxg1cN1NMCWErHGGyPrBdEzPiDobLBmttL,1553.5,3.87159073095e-08,0.0967,0.019346,1055,24,2.58,0.00,0,0
2026-10-06 00:05:58,4DOV,offen,Human,8nPoBHiBM6pybxMws9PA2JRb9BjkppBfqcZGmot4DMBC,1435.6,8.98123664229e-06,0.5933,0.450518,115330,7139,20.56,0.00,44,46
2026-10-06 00:05:58,4DOV,offen,www,GAwhcphCqCv5bKHmCiN4VDdNWfbXJL4npmkc8L3Q9S9H,1402.9,2.85934358653e-06,0.2736,0.109456,54839,7097,16.84,0.00,46,42
2026-10-06 00:05:58,4DOV,offen,ACTII,DYjM6f2R34Qp4jPE73HsdEVZwwcQFCsokpNYCqBUpump,1330.7,2.39720615151e-07,0.0453,0.013602,6888,1316,22.02,0.00,1,6
2026-10-06 00:05:58,4DOV,offen,BANANA,G7JkKqGb69cCWC2XkDXc8LG8qbifTkCKpsAcr6kApump,1214.6,1.1024010088e-07,0.1055,0.021106,3329,275,28.32,0.00,0,0
2026-10-06 00:05:58,4DOV,offen,JITI,6YuVyHbjdwxiH1CLCSusP9yjXmsVvQfcTbSSPcFuXDew,653.5,1.08713519219e-07,0.0921,0.018430,4041,1019,27.10,0.00,1,1
2026-10-06 00:05:58,4DOV,offen,QINU,4unydQjvYdqR31pkuBYGu2nGst8r8j5XMW8KXRXtpump,417.1,7.6716159865e-08,0.0461,0.018428,2567,677,20.41,1.06,2,1
2026-10-06 00:05:58,4DOV,offen,NOLLA,CXw5hY3BMi87DTa99ekZgwxuvu7pQ2FUQVecs3SvJLD9,237.3,5.58287392596e-08,0.0499,0.009989,1812,439,25.64,0.00,0,4
2026-10-06 00:05:58,4DOV,offen,TRANNIE,BvLqum9qd4TWQ1c9WPmLYMvxxzoXUjsFycVffvjyq16,156.4,7.92887786911e-08,0.3389,0.067772,2432,226,26.68,0.00,1,4
2026-10-06 00:05:58,4DOV,offen,FEEBITS,BJUiNooYiZ4ojatPVeJAUXGEd3dcGzQ1ApWDoVTzpump,98.3,4.99036100503e-06,0.8274,0.496413,46170,1947,37.89,0.00,74,132
2026-10-06 00:05:58,Cooker,offen,SI,DEW9dSN6QpWyNthphCpMmAbZP1Q4cEKR9xQXAri98WDP,6040.8,0.000220437247128,0.6495,0.389689,2034316,57811,13.57,0.00,53,136
2026-10-06 00:05:58,Cooker,offen,HOOKED,C1mBfBoDkwWfd6uTFZp62ARHLjeVp3bDpCDMfMZtPngE,4587.1,6.99597982537e-05,0.6404,2.945898,922648,11094,20.53,0.00,15,55
2026-10-06 00:05:58,Gake,offen,CURVE,7ioeSgzfSKHMnpgfPpgRFsekMBGiu9oi6t6GeqYtNbbh,6729.6,2.66770926966e-06,0.7711,0.154211,144041,1192,16.65,0.04,0,0
2026-10-06 00:05:58,Gake,offen,SDOG,yFcTuQJCMsd1Asya15GZ7h4KGdxsujRLcUiTWWXpump,6543.0,7.85106356101e-07,0.1052,0.021040,16465,1659,21.52,0.00,0,4
2026-10-06 00:05:58,Gake,offen,OP,5PiBn5JdjJDnRGziiSfsu2affgBR3DyTTCR3CHpcode,6480.3,2.52983202383e-06,0.6967,0.139338,32358,1632,20.13,0.00,1,3
2026-10-06 00:05:58,Gake,offen,PURPS,purpFPo5voy6fEu8jxSCwVdMs1zyYEYAH6FBQvTYCZK,4198.1,2.71380429356e-06,0.9521,0.190413,34672,2312,33.90,0.00,1,0
2026-10-06 00:05:58,Pikalosi,offen,Miu,7LNFZcNigZay5U9e2sq6n2Z4iM8BC2Dd53L14pwvpump,4704.6,3.98948863112e-07,0.9559,0.191171,14167,805,20.87,0.00,0,0
2026-10-06 00:05:58,Dior,offen,OTC,MukLDtJ8Cx9DxLbeyLRSWPSposTMWuwHANbuaudpump,5030.5,8.00524421213e-05,1.1836,5.072974,538961,18556,24.80,0.00,12,15
2026-10-06 00:05:58,Dior,offen,TripleT,J8PSdNP3QewKq2Z1JJJFDMaqF7KcaiJhR7gbr5KZpump,4158.6,6.26922943046e-05,1.0118,0.404702,407479,22842,18.89,0.00,2,4
2026-10-06 00:05:58,Dior,offen,Kirkslop,8m5hzX9hprtWwPuVZL4daCZfggWYKc6fhSJDDpiqpump,3837.9,7.93189101862e-07,1.0255,0.205106,16994,394,27.93,0.00,0,0
2026-10-06 00:05:58,Dior,offen,COCKROACH,H4KUxsEgCp2yDpFvyDuGM5k6XevSKKrrKUxZ3Zr6nyJc,677.1,9.09706138859e-06,0.8241,1.153688,125297,3501,17.30,0.00,5,5
2026-10-06 00:05:58,Dior,offen,glungus,Bd9thw3PAeyHeBGSi4R1ARBuptpG5rM4fhB8BRWJkq1e,668.9,1.07502800381e-06,0.8366,0.334621,15963,539,24.86,0.00,0,10
2026-10-06 00:05:58,Dior,offen,AC,HpkDyHK7avch8TS3raZ6mifBjZoUHRgvWwgzRQL1RXFR,391.9,2.03394664692e-06,1.4993,1.499283,22763,981,25.91,0.00,40,40
2026-10-06 00:05:58,3zsr,offen,Sapijiju,8Fs2YLsayR4awLB79nMM3QCpG3pqvcAGP7hHb8fX4L2G,4529.6,1.0859467354e-07,1.0133,0.202658,3864,338,26.44,0.00,0,0
2026-10-06 00:05:58,C7bF,offen,cuh,Cwy6r7eteARzfsYwwJ8sgPZTQr4AGApD8WT8ozdtpump,170.9,8.84719981116e-08,2.3791,0.475827,6209,29,31.83,0.00,1,0
2026-10-06 00:05:58,Eshi,offen,CASPER,WhcjUqCouJcvkSJdE9fw8B6TY4K6sMLYfYp9b1Epump,2375.1,5.4871105644e-08,0.9287,0.185730,1733,128,28.30,0.00,0,0
2026-10-06 00:05:58,G7b2,offen,si.gov,7CTRbkV1tVuq1f59pRxT1Pb2W5AHG4gM9FMH4rGzKiXv,2331.0,2.07836966903e-06,0.9083,1.816644,30321,2320,11.69,0.00,4,11
2026-10-06 00:05:58,G7b2,offen,.si,8RfgokotF4CW3BAAd6Pzy4ap9AHiZq236C63oB8J7nre,2207.8,1.03759515463e-07,0.4754,0.095090,4402,332,17.01,0.00,1,0
2026-10-06 00:05:58,G7b2,offen,GTA6,4kjruqGHDsSqkMdFfCjV7Vb62HPFhtXyWc2t6JpQzDnz,1328.8,5.02482313572e-06,0.9847,0.787752,11325,10680,17.73,0.00,0,0
2026-10-06 00:05:58,G7b2,offen,SXSI,DQysBW79uHzZAWd2ahVQrf89CuSFqVzuNA3ijHbjVJfG,1320.0,1.55789969902e-06,0.4666,0.559895,23556,1382,26.04,0.00,12,4
2026-10-06 00:05:58,G7b2,offen,SI,DEW9dSN6QpWyNthphCpMmAbZP1Q4cEKR9xQXAri98WDP,1280.8,0.000220437247128,0.8210,1.477834,2034316,57811,13.57,0.00,53,136
2026-10-06 00:05:58,GeFg,offen,Percy,9ey7zGjpgQ9a4R5YxdEnv6y99xWeNFUNRow48dyfpump,2714.3,2.68924237245e-08,0.1783,0.035651,2708,81,14.89,0.00,0,0
2026-10-06 00:05:58,GeFg,offen,Yugi,Eo7hAPND5wNHwqEEFp1qZ9cfDVsjtBkQi1hn782jd1bV,1835.4,1.12425627999e-07,0.4065,0.081300,3324,244,25.57,0.00,0,0
2026-10-06 00:05:58,499R,offen,PUMPE,9fJAWKQpkY93hfuZxrHfh5wEh2AV9vjkWNQfzfbziHd2,2541.6,1.46659518698e-05,0.9840,2.973936,84917,2398,18.17,0.80,2,2
2026-10-06 00:05:58,7Cn1,offen,SI,DEW9dSN6QpWyNthphCpMmAbZP1Q4cEKR9xQXAri98WDP,1036.9,0.000220437247128,0.7694,0.442094,2034316,57811,13.57,0.00,53,136
2026-10-06 00:05:58,7Cn1,offen,GEM,EWMZwoCjUo9GvVG9PSvQfJEcfAQod5xosKfJzpxN8HnF,1018.0,3.51069213529e-08,0.7561,0.604903,4054,10,11.73,0.00,0,0
2026-10-06 00:05:58,7Cn1,offen,si.gov,7CTRbkV1tVuq1f59pRxT1Pb2W5AHG4gM9FMH4rGzKiXv,501.4,2.07836966903e-06,0.7481,0.149620,30321,2320,11.69,0.00,4,11
2026-10-06 00:05:58,7Cn1,offen,CRAWL,BXoHJddsWJLHtAopeiSbKUSELsu8hSFMs8baGMDkpump,99.3,3.15260878838e-05,0.9817,0.392675,465592,7565,14.14,0.00,38,72
2026-10-06 00:05:58,Loopierr,schatten,CatCollector,5AgD5tmarU5kgbqHqCgDEMcAHAQAm8muV67xkKs9urps,5157.0,3.160615925e-08,0.0939,0.018782,168,38,4.00,0.00,0,0
2026-10-06 00:05:58,Loopierr,schatten,SGI,36yTNhb9rfogt4mWxFiTnBeeT9bNXrVdKymAJ3jbvTzM,5006.0,2.90888031863e-08,0.1822,0.036445,3665,8,1.54,0.00,0,0
2026-10-06 00:05:58,6ANG,schatten,ANTHROPIG,25DeVAVF86uAd2wcFewp7F1s6gjZei88Mj4xBzg3AP94,5718.1,1.05886210511e-07,0.4318,0.086361,5094,68,31.13,0.00,0,0
2026-10-06 00:05:58,HEBO,schatten,SI,4qCW74oX82oTeypDzFYYYZ6eJ6yPQVFeX196YpHszJFY,1839.2,2.51480012549e-08,0.4988,0.099766,2652,63,13.02,0.00,0,0
2026-10-06 00:05:58,HEBO,schatten,INCOME,E7mRvAbgZdA6dF7cgXZevkbjd9Yfy5q11XEFnWZfpump,1568.0,6.24461989348e-08,0.9973,0.199457,2534,1273,15.11,0.00,0,0
2026-10-06 00:05:58,HEBO,schatten,GPH,BtmRMRazMTY2KqpbZkdFGrGJSm8rwLG744DV8Webpump,529.6,7.06764088652e-08,1.0016,0.200320,2211,84,27.71,0.00,0,0
2026-10-06 00:05:58,HEBO,schatten,pup,7HE2WmPoYE7uaA7DKh25N5cUwEcUoiyjwZU9ZeaQpump,529.0,7.49153020127e-08,0.6865,0.137293,2639,374,25.27,0.00,0,1
2026-10-06 00:05:58,Troupe,schatten,CLAUSE,EWKyN7QHfJo41ikKqpo8R5gwEvryytKo9Vf7NF39U1GC,214.7,1.96168000264e-08,0.0567,0.011348,2233,39,5.36,0.00,0,0
2026-10-06 00:05:58,4DOV,schatten,Human,8nPoBHiBM6pybxMws9PA2JRb9BjkppBfqcZGmot4DMBC,1435.2,8.98123664229e-06,0.3440,0.023509,115330,7139,20.56,0.00,44,46
2026-10-06 00:05:58,Cooker,schatten,X7,CdhZy8wrRxNxoV8HtoByXKN7mvS46avtuZ1b39tKfx7,5820.0,1.98949203857e-06,0.1965,0.039310,46102,1631,20.97,0.00,0,0
2026-10-06 00:05:58,Cooker,schatten,9e9,HZ4qZQJ7yf6WR1D24GLRLJ3cKUfgtJEF3B7SdLMLvCPZ,4550.5,3.60125698334e-08,0.0419,0.016740,1211,273,17.66,0.00,0,0
2026-10-06 00:05:58,Gake,schatten,MINEPAD,2EUKLvNQ63YCmjSDyJ14Tzj7ASeHGXgseYWrKAa2mine,6699.6,8.68959000316e-07,0.5123,0.087098,18232,739,22.56,0.00,2,2
2026-10-06 00:05:58,Gake,schatten,TERRA,JD3d8mxEJ91LHZSuwVLquFAKdo5PbEeLCUevjjDsPdRe,5417.1,1.36947256044e-07,0.1007,0.020138,4035,130,30.24,0.00,0,0
2026-10-06 00:05:58,Gake,schatten,SHITCOIN,4BxBot4K36N3ZZkpB9sqEocy5iBi8cUttK6s8YbHH9Jo,3909.2,7.15371667161e-08,0.0760,0.015207,2301,124,33.58,0.00,0,0
2026-10-06 00:05:58,Gake,schatten,FROGE,6R1F4sNySF4NKGdhW3UhESWuYYRu4Cehk5rn3mGP375R,3898.4,6.68403175105e-08,0.0630,0.012594,2397,366,25.22,0.00,0,0
2026-10-06 00:05:58,Gake,schatten,GENESIS,CSEd3Pi5WZL7w5vmwNjDVXv8poAqSv2Dn1as1erUpump,1252.5,2.31872200101e-07,0.0480,0.009592,6613,972,26.07,0.10,0,3
2026-10-06 00:05:58,Gake,schatten,OATH,2RSsw9tntE1RmoiPnNFiu93EzQu2eLnCAzvZiqMSoatH,1236.4,3.21029825048e-07,0.2881,0.057615,9030,303,28.42,0.00,1,6
2026-10-06 00:05:58,Gake,schatten,IMAGINE,EpFTb2XcGiMyGLykZ9VYmyPWz2AHEwAggqSbwJpypump,864.3,2.71782421081e-06,1.0170,0.203391,30663,829,37.91,9.27,0,0
2026-10-06 00:05:58,Dior,schatten,AC,HpkDyHK7avch8TS3raZ6mifBjZoUHRgvWwgzRQL1RXFR,393.1,2.03394664692e-06,1.4001,0.280011,22763,981,25.91,0.00,40,40
2026-10-06 00:05:58,C7bF,schatten,cuh,4zgRFQpu1DDNajzfyb3rF5S3cdFif1sNyK4nMcmjpump,220.0,3.34318090121e-08,0.6958,0.139163,3967,4,9.10,0.00,0,0
2026-10-06 00:05:58,koko,schatten,MAJOR,7AUzu756Pp3Cg3NByuKfcRSAFFt31kjC6U6R1npkiA1Q,3069.1,1.96308827306e-07,4.2975,0.859504,5194,175,30.61,0.00,0,0
2026-10-06 00:05:58,77n6,schatten,MOE,L8nRPCzg1Tntw5RCMECXyJSBpLiCz6yKdZmxAjzpump,2464.8,2.08906311564e-07,0.6639,0.132775,5261,168,20.16,0.00,1,4
2026-10-06 00:05:58,G7b2,schatten,.si,8RfgokotF4CW3BAAd6Pzy4ap9AHiZq236C63oB8J7nre,2207.6,1.03759515463e-07,0.3209,0.128355,4402,332,17.01,0.00,1,0
2026-10-06 00:06:59,Loopierr,offen,GARP,FKPdKiZBYMU2MwHXKjyhgV6ozSh2APzvvr3ZBwFCfSHo,7930.7,2.46001139769e-08,0.0387,0.007730,521,148,7.76,0.00,0,0
2026-10-06 00:06:59,6ANG,offen,OpenSI,5ptkVdbpaPpEJPPVXE5CpJNCXEmAidyot5TQcDDawMzm,7658.3,4.74682016295e-07,1.1520,0.886259,11804,1206,23.58,0.00,0,0
2026-10-06 00:06:59,6ANG,offen,ANT,BTZK1B3pCoBDD1vy5e4bDBM4bwvvhkKUMTuKABkGWwGp,5719.3,2.52796051063e-07,0.6555,0.393275,8409,79,25.43,0.00,0,0
2026-10-06 00:06:59,6ANG,offen,ANTHROPIG,25DeVAVF86uAd2wcFewp7F1s6gjZei88Mj4xBzg3AP94,5719.1,1.05886210511e-07,0.4343,0.173727,5094,68,31.13,0.00,0,0
2026-10-06 00:06:59,9LXM,offen,SGI,FcZcFjfNPJR9rycZS1FwkiEgQTW7ZWRjdSaBdJ6M9ha6,7513.3,6.98651878255e-08,0.0459,0.018348,4725,349,19.50,0.00,0,0
2026-10-06 00:06:59,HEBO,offen,SGI,FcZcFjfNPJR9rycZS1FwkiEgQTW7ZWRjdSaBdJ6M9ha6,7951.3,6.98651878255e-08,0.0590,0.067612,4725,349,19.50,0.00,0,0
2026-10-06 00:06:59,HEBO,offen,goon,HSUMi4rMgjrx7zRUabw3ogGu1pa5hmF2eVcXj9Apump,7745.3,3.83414656572e-07,0.4695,0.338265,12094,2925,15.24,0.00,0,0
2026-10-06 00:06:59,HEBO,offen,Tico,35ccP7zmf4THJsDn3UtozYcWm1U8nzhyHcTgK3ETpump,7680.0,3.21317972635e-08,0.5373,0.107452,3877,30,7.18,0.00,0,0
2026-10-06 00:06:59,HEBO,offen,SGI,Cb2pMbsRRvaeZoxpRqnTP6k6hLziSUf5pnqW9Jx5T3Wz,5091.7,1.6143704084e-07,0.4279,0.599080,7585,463,26.36,0.00,0,0
2026-10-06 00:06:59,HEBO,offen,ArmyX,F7y94q8QvGKNCrGt6E5pgQ7ABBkQK4QkqEBGs9Y5ZFFk,5067.2,3.79876558225e-08,0.1418,0.113427,3522,70,17.45,0.00,0,0
2026-10-06 00:06:59,HEBO,offen,BLOBBY,6tr6DHikJCo7Fi5bu65LoC7itWZezz6aZny36H8Kh5Q1,4864.2,3.87402806629e-08,0.1089,0.108938,3578,241,22.04,0.00,0,0
2026-10-06 00:06:59,HEBO,offen,BLOBBY,AsoVfPHWY5YHCpc4aMzUcMENVRaC9Rjje94BpkxcW2VE,4820.9,4.77315369263e-08,0.6726,0.134522,1429,140,15.75,0.00,0,0
2026-10-06 00:06:59,HEBO,offen,ZUCKS,2eBJvNnn7guSjX1yuE7seuDY9pveDiHkfoyeBh2WZroS,4801.6,2.18381826275e-08,0.3340,0.048091,2392,37,7.97,0.00,0,0
2026-10-06 00:06:59,HEBO,offen,TRUMPTV,34w4t74EsbJyBBSyYBFyNo65Ft7Ax8BF3HrubL1mwbpL,4706.7,1.9590731271e-08,0.1502,0.030038,2266,95,5.45,0.00,0,0
2026-10-06 00:06:59,HEBO,offen,pill,DvdmEnztCmXwBnAbedD48XVGZJSxq31zNvnyftXdpump,3642.8,1.42735526254e-05,0.7466,1.642578,257160,5663,19.45,0.00,2,1
2026-10-06 00:06:59,HEBO,offen,PUMPCAT,G4vqe8KAcRGTb7Kc55n9sz43aR4ugTPdSeUnAXZhpump,3642.4,3.28811338257e-06,1.5588,0.311758,53158,1251,24.45,0.00,0,0
2026-10-06 00:06:59,HEBO,offen,CUPTOBER,EKgswaMnRSJHmyFZCbxscTAjiR2bH1oLXsftepUGsPtz,3479.3,4.85943692912e-08,0.5907,0.236293,5471,31,11.81,0.00,0,0
2026-10-06 00:06:59,HEBO,offen,Scronkfinkle,DaUFkgZjwJCsM9QDWCsxtZS2omgHS3Fn9GHgTX5wwpcX,2217.1,3.982984816e-08,0.3919,0.235117,1122,104,19.39,0.00,0,0
2026-10-06 00:06:59,HEBO,offen,Eagle,E3pWKtfQk6LLZpRWVTjJwrMY4vFa9umLYDPxWJtZSTNK,2193.5,3.2893985993e-08,0.1738,0.157431,3151,91,16.39,0.00,0,0
2026-10-06 00:06:59,HEBO,offen,Inu,83LFceyzRNNRUThm4VzHx4jmVuf6xAggSp2UvhQx52Dy,1840.4,2.78377727365e-08,0.1604,0.032075,2808,129,12.84,0.00,0,0
2026-10-06 00:06:59,HEBO,offen,Caviar,F7ktJWjMtubD8zwv5xMb35g5hPTvGQSDMS8UGcwXpump,1572.8,1.17632286056e-07,0.7501,0.300041,3818,91,29.59,0.00,0,0
2026-10-06 00:06:59,HEBO,offen,APU,HoCeDUrd5BqfYmaRk2eiUpzshEvpwfYpgrJ4YKFCpump,1567.3,3.92072169952e-07,0.9342,0.186842,10728,290,27.64,0.00,0,0
2026-10-06 00:06:59,HEBO,offen,TIT,3KM7dvpUk2Wm8qdXtZpBJHgic4bAaz1MTDHvUEjKpump,1547.4,3.65268197051e-07,0.8105,0.486276,9430,152,28.08,0.00,0,0
2026-10-06 00:06:59,HEBO,offen,MIM,6bJtwhtvzkthAYszQ3ZWkFJzSvbGSkbAz9yPcSiXaGK6,1546.8,1.81739153674e-07,1.4371,0.287421,5801,218,25.55,0.00,0,0
2026-10-06 00:06:59,HEBO,offen,Taste,93FWFR63nwQcq5zuXNmTits5BYcKFjmUZzccMvhmpump,1546.5,1.86873196897e-07,2.0820,0.832786,12483,62,25.43,0.00,0,0
2026-10-06 00:06:59,HEBO,offen,GPH,H1hFymzkRE7CAdxEuBWYknvsTCgoDXAqPKFU94iPpump,1540.7,4.98700063793e-08,0.9438,0.188752,899,71,17.96,0.00,0,0
2026-10-06 00:06:59,HEBO,offen,APP,6MnQ921sqsShymdoqPv2RfhL5g2Hk2hoqPvgpDGcpump,535.1,5.67860459477e-07,1.1306,0.678366,10033,385,30.22,0.00,2,0
2026-10-06 00:06:59,HEBO,offen,TIT,Ar3QBegnCQr6ZFyN9h637ar9JCxZRvdboiR1QzMrpump,534.6,2.48936436266e-07,0.5478,0.547779,6154,440,31.59,0.00,6,2
2026-10-06 00:06:59,HEBO,offen,AVERY,8QFGVLXehnTv28eMdXZkhY5d84SVF58LAfRGx8zWpH9b,471.4,6.66927708926e-08,0.3723,0.074465,4343,305,26.43,0.00,1,3
2026-10-06 00:06:59,Troupe,offen,PUMP,pumpCmXqMfrsAkQ5r49WcJnRayYRqmXz6ae8H7H9Dfn,5869.8,5.35485748891e-05,1.1045,0.009987,43470115,307028,59.30,0.00,91,363
2026-10-06 00:06:59,Troupe,offen,homo,42AtRP5d3ySBj9iveMYeD23kkmN3HEZFwUzs1YKvkPA9,4217.3,2.17268985153e-08,0.0584,0.010243,290,150,4.19,0.00,0,0
2026-10-06 00:06:59,Troupe,offen,PUMPE,9fJAWKQpkY93hfuZxrHfh5wEh2AV9vjkWNQfzfbziHd2,4090.5,1.47519252776e-05,0.5338,0.640618,85384,2399,18.17,0.80,3,2
2026-10-06 00:06:59,Troupe,offen,HOLD,6REnZgtxhwdSAHczAp4J5PRsGQYQt7T3x4kEDyfs9U7y,4047.5,3.0143940287e-08,0.0174,0.003471,857,489,12.14,0.00,0,0
2026-10-06 00:06:59,Troupe,offen,THICC,3QEbHMK6ceYevtaCdLmBQMJgcPb9PJQpgyFBP6f6x6Rg,1392.1,1.37309541927e-08,0.0639,0.012771,1524,8,3.94,0.00,0,0
2026-10-06 00:06:59,Troupe,offen,CLAUSE,EWKyN7QHfJo41ikKqpo8R5gwEvryytKo9Vf7NF39U1GC,215.8,1.96168000264e-08,0.0805,0.016109,2233,39,5.36,0.00,0,0
2026-10-06 00:06:59,4DOV,offen,BOT,Aaan4fxwhKtUUPg2GSKq6natLV9oj9QQNf5xT4UE2gXr,5516.8,3.12204712191e-08,0.0366,0.007330,895,332,15.16,0.00,0,0
2026-10-06 00:06:59,4DOV,offen,PUDU,8HQgEcbhR5Xoh735zvndAocCLd7wdAYJfWHV55J8pump,4067.9,3.07529369155e-08,0.0146,0.005835,893,441,13.13,0.00,0,0
2026-10-06 00:06:59,4DOV,offen,Agency,7VertkgF9KLhxxJXHX6uaWuoYZTP9LdGj2bWmVXVpump,3340.0,6.49340507299e-05,0.8001,0.405048,933846,12967,22.00,0.00,106,175
2026-10-06 00:06:59,4DOV,offen,Aiden,9dSMwFfPezQ8WPcW1uZV7ns4rcviEj2LssSAg75WBLXd,2628.7,7.1223170531e-07,0.0506,0.022783,18945,3504,20.60,0.00,4,3
2026-10-06 00:06:59,4DOV,offen,CRAWL,BXoHJddsWJLHtAopeiSbKUSELsu8hSFMs8baGMDkpump,2126.4,3.15440952067e-05,0.8480,0.890358,464074,7568,14.14,0.00,42,78
2026-10-06 00:06:59,4DOV,offen,Ash,F5WvFdG9sCfhv3bVYAMJNWiwpx5e3X2uvpXDtLtdsDJs,1919.3,3.15155133656e-06,0.4377,0.525251,63248,3612,17.70,0.16,10,15
2026-10-06 00:06:59,4DOV,offen,SPLICE,7bC8ugu1ZJn21MhA4ht483nX8brLNesa8R7XLimpFyhq,1872.2,1.26215564832e-06,0.0798,0.047877,22854,2981,18.90,0.03,4,27
2026-10-06 00:06:59,4DOV,offen,Ash,4jxyespUyvDxg1cN1NMCWErHGGyPrBdEzPiDobLBmttL,1554.6,3.87159073095e-08,0.0967,0.019346,1055,24,2.58,0.00,0,0
2026-10-06 00:06:59,4DOV,offen,Human,8nPoBHiBM6pybxMws9PA2JRb9BjkppBfqcZGmot4DMBC,1436.6,9.42764495364e-06,0.6228,0.472911,116699,7143,20.56,0.00,34,66
2026-10-06 00:06:59,4DOV,offen,www,GAwhcphCqCv5bKHmCiN4VDdNWfbXJL4npmkc8L3Q9S9H,1403.9,2.84885444163e-06,0.2726,0.109054,54762,7079,16.84,0.00,19,62
2026-10-06 00:06:59,4DOV,offen,ACTII,DYjM6f2R34Qp4jPE73HsdEVZwwcQFCsokpNYCqBUpump,1331.7,2.39720615151e-07,0.0453,0.013602,6915,1316,22.02,0.00,1,4
2026-10-06 00:06:59,4DOV,offen,BANANA,G7JkKqGb69cCWC2XkDXc8LG8qbifTkCKpsAcr6kApump,1215.6,1.1024010088e-07,0.1055,0.021106,3329,275,28.32,0.00,0,0
2026-10-06 00:06:59,4DOV,offen,JITI,6YuVyHbjdwxiH1CLCSusP9yjXmsVvQfcTbSSPcFuXDew,654.5,1.06395839117e-07,0.0902,0.018037,3978,1018,27.10,0.00,1,1
2026-10-06 00:06:59,4DOV,offen,QINU,4unydQjvYdqR31pkuBYGu2nGst8r8j5XMW8KXRXtpump,418.1,7.72102839543e-08,0.0464,0.018547,2590,678,20.41,1.06,2,1
2026-10-06 00:06:59,4DOV,offen,NOLLA,CXw5hY3BMi87DTa99ekZgwxuvu7pQ2FUQVecs3SvJLD9,238.3,5.58287392596e-08,0.0499,0.009989,1812,439,25.64,0.00,0,3
2026-10-06 00:06:59,4DOV,offen,TRANNIE,BvLqum9qd4TWQ1c9WPmLYMvxxzoXUjsFycVffvjyq16,157.4,7.87795790107e-08,0.3367,0.067337,2407,225,26.68,0.00,1,5
2026-10-06 00:06:59,4DOV,offen,FEEBITS,BJUiNooYiZ4ojatPVeJAUXGEd3dcGzQ1ApWDoVTzpump,99.3,5.22069038375e-06,0.8655,0.519325,46706,1941,37.89,0.00,92,154
2026-10-06 00:06:59,Cooker,offen,SI,DEW9dSN6QpWyNthphCpMmAbZP1Q4cEKR9xQXAri98WDP,6041.8,0.000216153156978,0.6369,0.382116,2030504,57808,13.57,0.00,56,142
2026-10-06 00:06:59,Cooker,offen,HOOKED,C1mBfBoDkwWfd6uTFZp62ARHLjeVp3bDpCDMfMZtPngE,4588.1,6.97180772624e-05,0.6382,2.935719,922164,11094,20.53,0.00,15,50
2026-10-06 00:06:59,Gake,offen,CURVE,7ioeSgzfSKHMnpgfPpgRFsekMBGiu9oi6t6GeqYtNbbh,6730.6,2.66770926966e-06,0.7711,0.154211,144041,1192,16.65,0.04,0,0
2026-10-06 00:06:59,Gake,offen,SDOG,yFcTuQJCMsd1Asya15GZ7h4KGdxsujRLcUiTWWXpump,6544.0,7.94270548056e-07,0.1064,0.021285,16463,1659,21.52,0.00,1,4
2026-10-06 00:06:59,Gake,offen,OP,5PiBn5JdjJDnRGziiSfsu2affgBR3DyTTCR3CHpcode,6481.3,2.52983202383e-06,0.6967,0.139338,32358,1631,20.13,0.00,1,2
2026-10-06 00:06:59,Gake,offen,PURPS,purpFPo5voy6fEu8jxSCwVdMs1zyYEYAH6FBQvTYCZK,4199.1,2.71380429356e-06,0.9521,0.190413,34672,2312,33.90,0.00,1,0
2026-10-06 00:06:59,Pikalosi,offen,Miu,7LNFZcNigZay5U9e2sq6n2Z4iM8BC2Dd53L14pwvpump,4705.6,3.98948863112e-07,0.9559,0.191171,14167,805,20.87,0.00,0,0
2026-10-06 00:06:59,Dior,offen,OTC,MukLDtJ8Cx9DxLbeyLRSWPSposTMWuwHANbuaudpump,5031.5,8.00524421213e-05,1.1836,5.072974,538961,18556,24.80,0.00,9,15
2026-10-06 00:06:59,Dior,offen,TripleT,J8PSdNP3QewKq2Z1JJJFDMaqF7KcaiJhR7gbr5KZpump,4159.6,6.26922943046e-05,1.0118,0.404702,407479,22842,18.89,0.00,2,4
2026-10-06 00:06:59,Dior,offen,Kirkslop,8m5hzX9hprtWwPuVZL4daCZfggWYKc6fhSJDDpiqpump,3838.9,7.93189101862e-07,1.0255,0.205106,16994,394,27.93,0.00,0,0
2026-10-06 00:06:59,Dior,offen,COCKROACH,H4KUxsEgCp2yDpFvyDuGM5k6XevSKKrrKUxZ3Zr6nyJc,678.2,9.1132810148e-06,0.8255,1.155745,125082,3501,17.30,0.00,4,4
2026-10-06 00:06:59,Dior,offen,glungus,Bd9thw3PAeyHeBGSi4R1ARBuptpG5rM4fhB8BRWJkq1e,669.9,1.07502800381e-06,0.8366,0.334621,15963,539,24.86,0.00,0,10
2026-10-06 00:06:59,Dior,offen,AC,HpkDyHK7avch8TS3raZ6mifBjZoUHRgvWwgzRQL1RXFR,392.9,1.97795195281e-06,1.4580,1.458008,22141,978,25.91,0.00,38,49
2026-10-06 00:06:59,3zsr,offen,Sapijiju,8Fs2YLsayR4awLB79nMM3QCpG3pqvcAGP7hHb8fX4L2G,4530.6,1.0859467354e-07,1.0133,0.202658,3864,338,26.44,0.00,0,0
2026-10-06 00:06:59,C7bF,offen,cuh,Cwy6r7eteARzfsYwwJ8sgPZTQr4AGApD8WT8ozdtpump,171.9,8.84719981116e-08,2.3791,0.475827,6209,29,31.83,0.00,1,0
2026-10-06 00:06:59,Eshi,offen,CASPER,WhcjUqCouJcvkSJdE9fw8B6TY4K6sMLYfYp9b1Epump,2376.1,5.4871105644e-08,0.9287,0.185730,1733,128,28.30,0.00,0,0
2026-10-06 00:06:59,G7b2,offen,si.gov,7CTRbkV1tVuq1f59pRxT1Pb2W5AHG4gM9FMH4rGzKiXv,2332.0,2.07836966903e-06,0.9083,1.816644,30321,2320,11.69,0.00,4,11
2026-10-06 00:06:59,G7b2,offen,.si,8RfgokotF4CW3BAAd6Pzy4ap9AHiZq236C63oB8J7nre,2208.8,1.03759515463e-07,0.4754,0.095090,4402,332,17.01,0.00,1,0
2026-10-06 00:06:59,G7b2,offen,GTA6,4kjruqGHDsSqkMdFfCjV7Vb62HPFhtXyWc2t6JpQzDnz,1329.8,5.02482313572e-06,0.9847,0.787752,11325,10680,17.73,0.00,0,0
2026-10-06 00:06:59,G7b2,offen,SXSI,DQysBW79uHzZAWd2ahVQrf89CuSFqVzuNA3ijHbjVJfG,1321.0,1.50094881151e-06,0.4495,0.539427,23506,1380,26.04,0.00,12,6
2026-10-06 00:06:59,G7b2,offen,SI,DEW9dSN6QpWyNthphCpMmAbZP1Q4cEKR9xQXAri98WDP,1281.8,0.000216153156978,0.8051,1.449113,2030504,57808,13.57,0.00,56,142
2026-10-06 00:06:59,GeFg,offen,Percy,9ey7zGjpgQ9a4R5YxdEnv6y99xWeNFUNRow48dyfpump,2715.3,2.68924237245e-08,0.1783,0.035651,2708,81,14.89,0.00,0,0
2026-10-06 00:06:59,GeFg,offen,Yugi,Eo7hAPND5wNHwqEEFp1qZ9cfDVsjtBkQi1hn782jd1bV,1836.4,1.12425627999e-07,0.4065,0.081300,3324,244,25.57,0.00,0,0
2026-10-06 00:06:59,499R,offen,PUMPE,9fJAWKQpkY93hfuZxrHfh5wEh2AV9vjkWNQfzfbziHd2,2542.6,1.47519252776e-05,0.9898,2.991369,85384,2399,18.17,0.80,3,2
2026-10-06 00:06:59,7Cn1,offen,SI,DEW9dSN6QpWyNthphCpMmAbZP1Q4cEKR9xQXAri98WDP,1038.0,0.000216153156978,0.7545,0.433502,2030504,57808,13.57,0.00,56,142
2026-10-06 00:06:59,7Cn1,offen,GEM,EWMZwoCjUo9GvVG9PSvQfJEcfAQod5xosKfJzpxN8HnF,1019.0,3.51069213529e-08,0.7561,0.604903,4054,10,11.73,0.00,0,0
2026-10-06 00:06:59,7Cn1,offen,si.gov,7CTRbkV1tVuq1f59pRxT1Pb2W5AHG4gM9FMH4rGzKiXv,502.4,2.07836966903e-06,0.7481,0.149620,30321,2320,11.69,0.00,4,11
2026-10-06 00:06:59,7Cn1,offen,CRAWL,BXoHJddsWJLHtAopeiSbKUSELsu8hSFMs8baGMDkpump,100.4,3.15440952067e-05,0.9822,0.392900,464074,7568,14.14,0.00,42,78
2026-10-06 00:06:59,Loopierr,schatten,CatCollector,5AgD5tmarU5kgbqHqCgDEMcAHAQAm8muV67xkKs9urps,5158.0,3.160615925e-08,0.0939,0.018782,168,38,4.00,0.00,0,0
2026-10-06 00:06:59,Loopierr,schatten,SGI,36yTNhb9rfogt4mWxFiTnBeeT9bNXrVdKymAJ3jbvTzM,5007.0,2.90888031863e-08,0.1822,0.036445,3665,8,1.54,0.00,0,0
2026-10-06 00:06:59,6ANG,schatten,ANTHROPIG,25DeVAVF86uAd2wcFewp7F1s6gjZei88Mj4xBzg3AP94,5719.1,1.05886210511e-07,0.4318,0.086361,5094,68,31.13,0.00,0,0
2026-10-06 00:06:59,HEBO,schatten,SI,4qCW74oX82oTeypDzFYYYZ6eJ6yPQVFeX196YpHszJFY,1840.2,2.51480012549e-08,0.4988,0.099766,2652,63,13.02,0.00,0,0
2026-10-06 00:06:59,HEBO,schatten,INCOME,E7mRvAbgZdA6dF7cgXZevkbjd9Yfy5q11XEFnWZfpump,1569.0,6.24461989348e-08,0.9973,0.199457,2534,1273,15.11,0.00,0,0
2026-10-06 00:06:59,HEBO,schatten,GPH,BtmRMRazMTY2KqpbZkdFGrGJSm8rwLG744DV8Webpump,530.6,7.06764088652e-08,1.0016,0.200320,2211,84,27.71,0.00,0,0
2026-10-06 00:06:59,HEBO,schatten,pup,7HE2WmPoYE7uaA7DKh25N5cUwEcUoiyjwZU9ZeaQpump,530.1,7.49153020127e-08,0.6865,0.137293,2639,374,25.27,0.00,0,0
2026-10-06 00:06:59,Troupe,schatten,CLAUSE,EWKyN7QHfJo41ikKqpo8R5gwEvryytKo9Vf7NF39U1GC,215.7,1.96168000264e-08,0.0567,0.011348,2233,39,5.36,0.00,0,0
2026-10-06 00:06:59,4DOV,schatten,Human,8nPoBHiBM6pybxMws9PA2JRb9BjkppBfqcZGmot4DMBC,1436.2,9.42764495364e-06,0.3611,0.024678,116699,7143,20.56,0.00,34,66
2026-10-06 00:06:59,Cooker,schatten,X7,CdhZy8wrRxNxoV8HtoByXKN7mvS46avtuZ1b39tKfx7,5821.0,1.98949203857e-06,0.1965,0.039310,46102,1631,20.97,0.00,0,0
2026-10-06 00:06:59,Cooker,schatten,9e9,HZ4qZQJ7yf6WR1D24GLRLJ3cKUfgtJEF3B7SdLMLvCPZ,4551.5,3.60125698334e-08,0.0419,0.016740,1211,273,17.66,0.00,0,0
2026-10-06 00:06:59,Gake,schatten,MINEPAD,2EUKLvNQ63YCmjSDyJ14Tzj7ASeHGXgseYWrKAa2mine,6700.6,8.68959000316e-07,0.5123,0.087098,18232,739,22.56,0.00,2,2
2026-10-06 00:06:59,Gake,schatten,TERRA,JD3d8mxEJ91LHZSuwVLquFAKdo5PbEeLCUevjjDsPdRe,5418.1,1.36947256044e-07,0.1007,0.020138,4035,130,30.24,0.00,0,0
2026-10-06 00:06:59,Gake,schatten,SHITCOIN,4BxBot4K36N3ZZkpB9sqEocy5iBi8cUttK6s8YbHH9Jo,3910.2,7.15371667161e-08,0.0760,0.015207,2301,124,33.58,0.00,0,0
2026-10-06 00:06:59,Gake,schatten,FROGE,6R1F4sNySF4NKGdhW3UhESWuYYRu4Cehk5rn3mGP375R,3899.5,6.68403175105e-08,0.0630,0.012594,2397,366,25.22,0.00,0,0
2026-10-06 00:06:59,Gake,schatten,GENESIS,CSEd3Pi5WZL7w5vmwNjDVXv8poAqSv2Dn1as1erUpump,1253.5,2.31854301095e-07,0.0480,0.009591,6613,971,26.07,0.10,0,4
2026-10-06 00:06:59,Gake,schatten,OATH,2RSsw9tntE1RmoiPnNFiu93EzQu2eLnCAzvZiqMSoatH,1237.4,3.21029825048e-07,0.2881,0.057615,9030,303,28.42,0.00,1,6
2026-10-06 00:06:59,Gake,schatten,IMAGINE,EpFTb2XcGiMyGLykZ9VYmyPWz2AHEwAggqSbwJpypump,865.3,2.68388068724e-06,1.0043,0.200851,30548,827,37.91,9.27,0,2
2026-10-06 00:06:59,Dior,schatten,AC,HpkDyHK7avch8TS3raZ6mifBjZoUHRgvWwgzRQL1RXFR,394.1,1.97795195281e-06,1.3615,0.272302,22141,978,25.91,0.00,38,49
2026-10-06 00:06:59,C7bF,schatten,cuh,4zgRFQpu1DDNajzfyb3rF5S3cdFif1sNyK4nMcmjpump,221.0,3.34318090121e-08,0.6958,0.139163,3967,4,9.10,0.00,0,0
2026-10-06 00:06:59,koko,schatten,MAJOR,7AUzu756Pp3Cg3NByuKfcRSAFFt31kjC6U6R1npkiA1Q,3070.1,1.96308827306e-07,4.2975,0.859504,5194,175,30.61,0.00,0,0
2026-10-06 00:06:59,77n6,schatten,MOE,L8nRPCzg1Tntw5RCMECXyJSBpLiCz6yKdZmxAjzpump,2465.8,2.08906311564e-07,0.6639,0.132775,5261,168,20.16,0.00,1,4
2026-10-06 00:06:59,G7b2,schatten,.si,8RfgokotF4CW3BAAd6Pzy4ap9AHiZq236C63oB8J7nre,2208.6,1.03759515463e-07,0.3209,0.128355,4402,332,17.01,0.00,1,0
