zeit,trader,art,symbol,mint,minuten_seit_kauf,preis_sol,vielfaches,wert_sol,liquiditaet,holder,top10_pct,dev_pct,netto_kaeufer_5m,verkaeufe_5m
2026-10-09 00:00:07,Loopierr,offen,GARP,FKPdKiZBYMU2MwHXKjyhgV6ozSh2APzvvr3ZBwFCfSHo,12243.8,2.61799976046e-08,0.0411,0.008227,552,145,10.92,0.00,0,0
2026-10-09 00:00:07,6ANG,offen,OpenSI,5ptkVdbpaPpEJPPVXE5CpJNCXEmAidyot5TQcDDawMzm,11971.4,9.37613499532e-07,2.1955,1.638419,14977,1169,21.98,0.00,3,1
2026-10-09 00:00:07,6ANG,offen,ANT,BTZK1B3pCoBDD1vy5e4bDBM4bwvvhkKUMTuKABkGWwGp,10032.5,4.14659182752e-07,1.0751,0.645086,9926,92,27.37,0.00,0,0
2026-10-09 00:00:07,6ANG,offen,ANTHROPIG,25DeVAVF86uAd2wcFewp7F1s6gjZei88Mj4xBzg3AP94,10032.2,1.30021831671e-07,0.5333,0.213326,5356,67,31.18,0.00,0,0
2026-10-09 00:00:07,9LXM,offen,SGI,FcZcFjfNPJR9rycZS1FwkiEgQTW7ZWRjdSaBdJ6M9ha6,11826.4,9.71021346325e-08,0.0638,0.025500,5136,340,23.03,0.00,0,0
2026-10-09 00:00:07,HEBO,offen,goon,HSUMi4rMgjrx7zRUabw3ogGu1pa5hmF2eVcXj9Apump,12058.4,5.12189250639e-07,0.6272,0.451875,13380,2839,17.60,0.00,0,0
2026-10-09 00:00:07,HEBO,offen,Tico,35ccP7zmf4THJsDn3UtozYcWm1U8nzhyHcTgK3ETpump,11993.2,3.55740167966e-08,0.5948,0.118963,3890,29,7.17,0.00,0,0
2026-10-09 00:00:07,HEBO,offen,ArmyX,F7y94q8QvGKNCrGt6E5pgQ7ABBkQK4QkqEBGs9Y5ZFFk,9380.3,3.39434365228e-08,0.1267,0.101351,3122,57,15.71,0.00,0,0
2026-10-09 00:00:07,HEBO,offen,ZUCKS,2eBJvNnn7guSjX1yuE7seuDY9pveDiHkfoyeBh2WZroS,9114.7,2.25670528051e-08,0.3451,0.049696,2313,35,7.97,0.00,0,0
2026-10-09 00:00:07,HEBO,offen,TRUMPTV,34w4t74EsbJyBBSyYBFyNo65Ft7Ax8BF3HrubL1mwbpL,9019.8,2.02702561835e-08,0.1554,0.031080,2126,89,5.45,0.00,0,0
2026-10-09 00:00:07,HEBO,offen,pill,DvdmEnztCmXwBnAbedD48XVGZJSxq31zNvnyftXdpump,7955.9,1.8136680587e-05,1.0354,2.692156,218635,5977,21.87,0.00,5,6
2026-10-09 00:00:07,HEBO,offen,PUMPCAT,G4vqe8KAcRGTb7Kc55n9sz43aR4ugTPdSeUnAXZhpump,7955.5,3.58643286754e-06,1.7002,0.340043,47291,1290,24.73,0.00,0,1
2026-10-09 00:00:07,HEBO,offen,CUPTOBER,EKgswaMnRSJHmyFZCbxscTAjiR2bH1oLXsftepUGsPtz,7792.4,4.85582767998e-08,0.5903,0.236118,4854,28,13.44,0.00,0,0
2026-10-09 00:00:07,HEBO,offen,Scronkfinkle,DaUFkgZjwJCsM9QDWCsxtZS2omgHS3Fn9GHgTX5wwpcX,6530.2,5.05305209669e-08,0.4971,0.298283,1393,100,22.82,0.00,0,0
2026-10-09 00:00:07,HEBO,offen,Eagle,E3pWKtfQk6LLZpRWVTjJwrMY4vFa9umLYDPxWJtZSTNK,6506.6,2.68539743351e-08,0.1419,0.128523,2674,73,12.02,0.00,0,0
2026-10-09 00:00:07,HEBO,offen,Caviar,F7ktJWjMtubD8zwv5xMb35g5hPTvGQSDMS8UGcwXpump,5885.9,1.0957619546e-07,0.6987,0.279493,3260,86,27.76,0.00,0,0
2026-10-09 00:00:07,HEBO,offen,TIT,3KM7dvpUk2Wm8qdXtZpBJHgic4bAaz1MTDHvUEjKpump,5860.5,2.17280152256e-07,0.5753,0.575337,5934,129,26.88,0.00,0,0
2026-10-09 00:00:07,HEBO,offen,MIM,6bJtwhtvzkthAYszQ3ZWkFJzSvbGSkbAz9yPcSiXaGK6,5859.9,1.70234782367e-07,1.3461,0.269226,5019,193,27.38,0.00,0,0
2026-10-09 00:00:07,HEBO,offen,Taste,93FWFR63nwQcq5zuXNmTits5BYcKFjmUZzccMvhmpump,5859.6,1.16009552439e-07,1.2925,0.516988,8801,38,24.15,0.00,0,0
2026-10-09 00:00:07,HEBO,offen,GPH,H1hFymzkRE7CAdxEuBWYknvsTCgoDXAqPKFU94iPpump,5853.8,4.86009292161e-08,0.9197,0.183949,867,68,10.72,0.00,0,0
2026-10-09 00:00:07,HEBO,offen,TIT,Ar3QBegnCQr6ZFyN9h637ar9JCxZRvdboiR1QzMrpump,4847.7,1.66799839848e-07,0.5632,0.901164,4248,280,37.63,0.00,4,6
2026-10-09 00:00:07,HEBO,offen,AVERY,8QFGVLXehnTv28eMdXZkhY5d84SVF58LAfRGx8zWpH9b,4784.5,3.09223918386e-08,0.1726,0.034526,2601,220,19.30,0.00,0,0
2026-10-09 00:00:07,HEBO,offen,APU,HoCeDUrd5BqfYmaRk2eiUpzshEvpwfYpgrJ4YKFCpump,3583.3,1.38439126906e-07,0.7733,0.154667,4473,257,26.35,0.00,0,0
2026-10-09 00:00:07,HEBO,offen,APU,E7eCZS2cq655qJ7uVx3dSHR2zK31kwNQsWS6P6Hpump,3583.1,1.69644231333e-06,2.3731,2.373086,18535,453,27.05,0.00,3,2
2026-10-09 00:00:07,HEBO,offen,COCKROACH,H4KUxsEgCp2yDpFvyDuGM5k6XevSKKrrKUxZ3Zr6nyJc,3578.4,1.08450798101e-05,1.6018,2.883179,92045,3656,19.17,0.00,1,2
2026-10-09 00:00:07,HEBO,offen,MDOG,F5zC2QoP6j2erxNyf4z6iNCi6X6AkburMC2Xofhxpump,3357.6,8.52715926088e-08,0.9999,0.199975,3212,1642,17.78,0.00,0,0
2026-10-09 00:00:07,HEBO,offen,SI,8ALHRuN5q4MHRaKPdiXi7cHyVWicZVwQx2TBTCH8GZ4h,3113.0,1.58629835702e-07,1.4979,0.299586,4293,68,23.06,0.00,0,0
2026-10-09 00:00:07,HEBO,offen,PHASEONE,GfawjB4Fxz389kECjrrnsdS8MKb9hMgALonJddGQasHL,1978.8,2.50991119047e-08,0.4269,0.085381,406,71,10.53,0.00,0,0
2026-10-09 00:00:07,HEBO,offen,TITS,GLsHzxjtktCKzAA8LEEfXJ5UF2Jdsj161e5Duh3tkzga,1965.6,3.64005655965e-08,0.6703,0.134054,1115,484,16.26,0.00,0,0
2026-10-09 00:00:07,HEBO,offen,AI,4AvWfTKcEFqwRjxBnoyWRY7wF7UV9cqH3492UFKHpump,1941.8,4.44535185366e-08,0.6454,0.129078,1196,54,21.25,0.00,0,1
2026-10-09 00:00:07,HEBO,offen,INSTADOCS,AMj8gG4mXckBoaT5mGQDwriKUqJtEApNg2CuXw6Ypump,1941.6,5.80382397748e-08,1.2104,0.242070,1618,21,23.26,0.00,0,0
2026-10-09 00:00:07,HEBO,offen,DICK,CN2hyxJgVbcnTC7jDhXuoJhZYA8aZ82LYwjM6MbU1Sen,724.8,2.56985255068e-08,0.1469,0.117509,415,55,7.59,0.00,0,0
2026-10-09 00:00:07,HEBO,offen,b,Cr8kuNqKwiVVuzqLYKcJhmpSHy767837BwLFr9GDYXUf,719.3,5.98006200709e-08,0.3277,0.131099,1777,275,23.89,0.00,0,0
2026-10-09 00:00:07,HEBO,offen,DICK,3b1yu2Xz3qYJSrsKxnRKPgQCxTD7QWjdL2UZKQd63hXv,718.6,3.14900338991e-08,0.2322,0.092879,3537,9,4.59,0.00,0,0
2026-10-09 00:00:07,HEBO,offen,b,GQhGVgVSEreBxFi6p68M5sEKn2KirzZMDfoj6BpbVnoY,706.5,7.4533908296e-08,0.6418,0.256702,2103,72,19.55,0.00,0,0
2026-10-09 00:00:07,HEBO,offen,Thing,2YScUrXEdNzChj7U76CQ41UadmKjzx33cTcfQyLtpump,704.3,3.51932780143e-08,0.9211,0.184228,3732,15,10.41,0.00,0,0
2026-10-09 00:00:07,HEBO,offen,RARI,EFn88CiiFHhihqdr1Y11XBDxbbYarBf1ij92DsrigYwR,584.2,1.1614934666e-05,1.7539,2.455398,140409,3462,21.13,0.00,7,17
2026-10-09 00:00:07,HEBO,offen,Macca,8m2HLRPyaHV2h2xPj6FxJyxocCqXdf8msP51VUhzpump,475.8,1.95835926956e-07,1.0104,0.202073,4450,62,28.62,0.00,0,0
2026-10-09 00:00:07,Troupe,offen,PUMP,pumpCmXqMfrsAkQ5r49WcJnRayYRqmXz6ae8H7H9Dfn,10183.0,5.0600031082e-05,1.0437,0.009437,41378622,320322,59.34,0.00,114,547
2026-10-09 00:00:07,Troupe,offen,homo,42AtRP5d3ySBj9iveMYeD23kkmN3HEZFwUzs1YKvkPA9,8530.4,2.23721418728e-08,0.0602,0.010547,252,146,3.18,0.00,0,0
2026-10-09 00:00:07,Troupe,offen,PUMPE,9fJAWKQpkY93hfuZxrHfh5wEh2AV9vjkWNQfzfbziHd2,8403.6,5.44160692905e-06,0.1969,0.236308,42242,2247,18.17,0.80,2,0
2026-10-09 00:00:07,Troupe,offen,HOLD,6REnZgtxhwdSAHczAp4J5PRsGQYQt7T3x4kEDyfs9U7y,8360.7,2.47914395721e-08,0.0143,0.002855,549,467,2.94,0.00,0,0
2026-10-09 00:00:07,Troupe,offen,THICC,3QEbHMK6ceYevtaCdLmBQMJgcPb9PJQpgyFBP6f6x6Rg,5705.2,1.4149540778e-08,0.0658,0.013160,1486,8,4.02,0.00,0,0
2026-10-09 00:00:07,Troupe,offen,CLAUSE,EWKyN7QHfJo41ikKqpo8R5gwEvryytKo9Vf7NF39U1GC,4528.9,1.95202963622e-08,0.0801,0.016030,2085,24,2.31,0.00,0,0
2026-10-09 00:00:07,Troupe,offen,TESTla,TESZBZpTRGUDriZQg72kYre1Vozyp2de7Z6o5JUtdRA,2875.8,0,0.0000,0.000000,1,38,3.55,0.04,0,0
2026-10-09 00:00:07,4DOV,offen,BOT,Aaan4fxwhKtUUPg2GSKq6natLV9oj9QQNf5xT4UE2gXr,9829.9,3.11974905766e-08,0.0366,0.007324,806,314,15.16,0.00,0,0
2026-10-09 00:00:07,4DOV,offen,PUDU,8HQgEcbhR5Xoh735zvndAocCLd7wdAYJfWHV55J8pump,8381.0,2.78326671033e-08,0.0132,0.005281,573,423,13.10,0.00,0,0
2026-10-09 00:00:07,4DOV,offen,Aiden,9dSMwFfPezQ8WPcW1uZV7ns4rcviEj2LssSAg75WBLXd,6941.8,4.59093635302e-07,0.0326,0.014685,11546,3043,20.89,0.00,0,0
2026-10-09 00:00:07,4DOV,offen,SPLICE,7bC8ugu1ZJn21MhA4ht483nX8brLNesa8R7XLimpFyhq,6185.4,4.65168155645e-07,0.0294,0.017645,11626,2526,25.94,0.03,0,1
2026-10-09 00:00:07,4DOV,offen,Ash,4jxyespUyvDxg1cN1NMCWErHGGyPrBdEzPiDobLBmttL,5867.7,4.25651531618e-08,0.1063,0.021269,1049,21,2.44,0.00,0,0
2026-10-09 00:00:07,4DOV,offen,www,GAwhcphCqCv5bKHmCiN4VDdNWfbXJL4npmkc8L3Q9S9H,5717.0,7.47461955821e-07,0.0715,0.028613,24221,6256,20.41,0.00,1,2
2026-10-09 00:00:07,4DOV,offen,ACTII,DYjM6f2R34Qp4jPE73HsdEVZwwcQFCsokpNYCqBUpump,5644.8,2.30440917405e-07,0.0436,0.013076,5992,1060,23.43,0.00,0,0
2026-10-09 00:00:07,4DOV,offen,BANANA,G7JkKqGb69cCWC2XkDXc8LG8qbifTkCKpsAcr6kApump,5528.7,2.86786306916e-08,0.0275,0.005491,610,180,15.89,0.00,0,0
2026-10-09 00:00:07,4DOV,offen,JITI,6YuVyHbjdwxiH1CLCSusP9yjXmsVvQfcTbSSPcFuXDew,4967.6,4.66281318225e-08,0.0395,0.007905,1774,781,17.80,0.00,0,0
2026-10-09 00:00:07,4DOV,offen,QINU,4unydQjvYdqR31pkuBYGu2nGst8r8j5XMW8KXRXtpump,4731.2,3.493746546e-08,0.0210,0.008392,986,519,12.45,1.06,0,0
2026-10-09 00:00:07,4DOV,offen,NOLLA,CXw5hY3BMi87DTa99ekZgwxuvu7pQ2FUQVecs3SvJLD9,4551.4,2.95967567703e-08,0.0265,0.005296,684,316,15.30,0.00,0,0
2026-10-09 00:00:07,4DOV,offen,TRANNIE,BvLqum9qd4TWQ1c9WPmLYMvxxzoXUjsFycVffvjyq16,4470.5,2.53708629031e-08,0.1084,0.021686,377,108,11.98,0.00,0,0
2026-10-09 00:00:07,4DOV,offen,OTC,MukLDtJ8Cx9DxLbeyLRSWPSposTMWuwHANbuaudpump,4017.9,8.39186096525e-05,0.7873,0.018100,509262,20676,25.81,0.00,13,66
2026-10-09 00:00:07,4DOV,offen,TRADE,Euz6EjyubNjJmCkahGEfCXmnCwNVLunxc1LZWsmV3wKf,3041.2,2.99303638581e-08,0.0239,0.009576,706,184,16.73,0.00,0,0
2026-10-09 00:00:07,4DOV,offen,Human,8nPoBHiBM6pybxMws9PA2JRb9BjkppBfqcZGmot4DMBC,1870.0,1.57589009789e-06,0.3706,0.005052,33261,5378,24.18,0.00,0,5
2026-10-09 00:00:07,4DOV,offen,HSM,2856wfnQ27LH23yKeFHJ4XQpQ2bsw4sen8RqyW5Wpump,1726.9,3.74370418684e-08,0.0824,0.032972,1385,542,15.92,0.00,0,1
2026-10-09 00:00:07,4DOV,offen,QPEPE,BwVrWfDgT6UFpJsfH7J8bqtRu8vekE2w1GyEAEuZKa9R,362.2,2.21080578665e-07,0.4126,0.330102,6743,165,27.59,0.00,2,0
2026-10-09 00:00:07,4DOV,offen,OP_CAT,4QV31UeJJyUVWP2f1qgEz8gUPkf6WyPZyAmGdT8UD8Ld,344.9,2.98663673066e-07,0.2442,0.048844,6346,344,23.76,0.00,3,11
2026-10-09 00:00:07,4DOV,offen,pear,6UCR8nmHZGauct3tKfismdYuLFemB6iMtuKEGycq7wCX,332.3,1.02706741769e-07,0.0470,0.012986,5248,1023,24.11,0.00,0,3
2026-10-09 00:00:07,4DOV,offen,INU,AACtroE9u7vTbLWBbMtkPx4bK79YYxBHgb8tfd1Apump,325.5,6.57956611341e-08,0.0471,0.009416,2606,848,25.21,0.00,16,0
2026-10-09 00:00:07,4DOV,offen,Alcebíades,7CWUYu169uBLva1PEjWXG2m12XU5nFe2dR454FmCpump,126.6,4.48925527774e-07,0.1636,0.016363,8353,496,23.18,0.00,8,4
2026-10-09 00:00:07,Cooker,offen,SI,DEW9dSN6QpWyNthphCpMmAbZP1Q4cEKR9xQXAri98WDP,10354.9,0.000252470680363,0.7439,0.446318,1808311,55241,16.95,0.00,48,148
2026-10-09 00:00:07,Cooker,offen,HOOKED,C1mBfBoDkwWfd6uTFZp62ARHLjeVp3bDpCDMfMZtPngE,8901.2,8.33529742453e-05,0.7630,1.614807,1035447,12556,19.30,0.00,10,34
2026-10-09 00:00:07,Gake,offen,CURVE,7ioeSgzfSKHMnpgfPpgRFsekMBGiu9oi6t6GeqYtNbbh,11043.8,1.66462847965e-06,0.4811,0.096226,101981,1103,14.73,0.07,0,0
2026-10-09 00:00:07,Gake,offen,SDOG,yFcTuQJCMsd1Asya15GZ7h4KGdxsujRLcUiTWWXpump,10857.1,4.02000116043e-07,0.0539,0.010773,9678,1535,21.02,0.00,5,6
2026-10-09 00:00:07,Gake,offen,OP,5PiBn5JdjJDnRGziiSfsu2affgBR3DyTTCR3CHpcode,10794.5,2.56302389118e-07,0.0706,0.014117,8447,1380,23.08,0.00,0,3
2026-10-09 00:00:07,Gake,offen,PURPS,purpFPo5voy6fEu8jxSCwVdMs1zyYEYAH6FBQvTYCZK,8512.2,1.67375674673e-06,0.5872,0.117438,24775,2254,31.58,0.00,0,0
2026-10-09 00:00:07,Pikalosi,offen,Miu,7LNFZcNigZay5U9e2sq6n2Z4iM8BC2Dd53L14pwvpump,9018.7,4.92187927249e-07,1.1793,0.235850,14899,799,21.50,0.00,0,0
2026-10-09 00:00:07,Dior,offen,OTC,MukLDtJ8Cx9DxLbeyLRSWPSposTMWuwHANbuaudpump,9344.6,8.39186096525e-05,1.2386,6.794078,509262,20676,25.81,0.00,13,66
2026-10-09 00:00:07,Dior,offen,TripleT,J8PSdNP3QewKq2Z1JJJFDMaqF7KcaiJhR7gbr5KZpump,8472.7,5.97958313371e-05,0.9650,0.386004,349502,24800,18.98,0.00,5,41
2026-10-09 00:00:07,Dior,offen,Kirkslop,8m5hzX9hprtWwPuVZL4daCZfggWYKc6fhSJDDpiqpump,8152.0,6.14575023048e-07,0.9354,0.561219,13555,393,28.14,0.00,0,0
2026-10-09 00:00:07,Dior,offen,COCKROACH,H4KUxsEgCp2yDpFvyDuGM5k6XevSKKrrKUxZ3Zr6nyJc,4991.3,1.08450798101e-05,1.1647,3.261075,92045,3656,19.17,0.00,1,2
2026-10-09 00:00:07,Dior,offen,CAESAR,8cp1WhUDxTbfX8nDe1kAB1ogPUyQvUSKgzFz365LbQyZ,3961.0,2.47695711425e-07,0.1236,0.346166,7934,1388,21.31,0.00,1,1
2026-10-09 00:00:07,Dior,offen,ClapCat,5BjfgmtfqvNpAWx1CnZynoWLWNMnrwHLhTFzQ81vkEc8,2146.2,1.6902165638e-06,0.6183,0.741939,24220,846,26.36,0.00,1,6
2026-10-09 00:00:07,Dior,offen,Gunner,7thxAzq4B9KwPe4NqMNAntF2Njgqb9FTKQb4z6fYpump,853.1,5.61695240284e-07,0.5267,2.633688,9965,1016,19.84,0.00,11,10
2026-10-09 00:00:07,Dior,offen,OpiumBird,HmCxqpgxaQng3A73F7vLgJjc9sr6ACFt8CEJwWY2hMGR,661.6,2.64867228241e-06,1.0333,0.413309,33843,2414,30.70,0.00,0,0
2026-10-09 00:00:07,Dior,offen,vamp,H72pex1VtfY2M7v2Tfk9D9PgvCocRuFN3owCveERSa4s,93.6,3.248973757e-06,6.1882,2.475278,34273,1052,20.82,0.00,152,378
2026-10-09 00:00:07,3zsr,offen,Sapijiju,8Fs2YLsayR4awLB79nMM3QCpG3pqvcAGP7hHb8fX4L2G,8843.7,1.1050476374e-07,1.0311,0.206222,3516,367,25.65,0.00,0,0
2026-10-09 00:00:07,3zsr,offen,EZRA,4qTqqkexQCEP2m8UrDWXACHpA8bEkGxpNJrDPMNcfHKQ,4180.4,3.56594266423e-08,1.0795,0.215896,3889,6,7.67,0.00,0,0
2026-10-09 00:00:07,3zsr,offen,ELONMUSK,5QmEgE9rK3aB1SDi7mK7rXPt2QHe7FRT69zbb2X2iSip,4180.2,3.45326999498e-08,1.0068,0.201368,3775,5,12.21,0.00,0,0
2026-10-09 00:00:07,3zsr,offen,HIGCAT,52sQ5kFhaTD6NsfN4oKreHZAwxrxgUo129ZCG3EBsVhv,4180.0,3.37673587869e-08,0.9528,0.190552,3726,6,6.49,0.00,0,0
2026-10-09 00:00:07,3zsr,offen,GIA,4FuWREkDYG1chHxHfgmUv3AN1iLPUi42Er6UboWUJKwU,4179.7,3.34247824296e-08,0.9365,0.187299,3669,8,7.03,0.00,0,0
2026-10-09 00:00:07,3zsr,offen,Sworddog,2QLpYwa5tzMjGBZWCmu9WHEPTNPH65w7xeFHSU1Hpump,3607.3,3.75660964607e-08,0.9482,0.189645,3846,16,15.41,0.00,0,0
2026-10-09 00:00:07,3zsr,offen,TRUMP,AYLh1Bgthdgego4EBAJQZtzXiQ6b1EbrPWES5V1vjhzV,3492.1,3.17884956725e-08,0.5127,0.051271,665,82,17.07,0.00,0,0
2026-10-09 00:00:07,3zsr,offen,RUGRUN,2VFjLcouktUNWRsZVkdiJ57nmRZR8HTJjKzDkZ3mbN8f,3464.8,3.50774091408e-08,1.0240,0.204798,3866,5,6.69,0.00,0,0
2026-10-09 00:00:07,3zsr,offen,HOUS,4pZQCY4HLpeYyJJ48yu7Z49B4G1Z7B1ZH3YdvVfNqKGn,3464.6,3.74788091122e-08,0.9093,0.181858,3758,14,15.47,0.00,0,0
2026-10-09 00:00:07,3zsr,offen,OWL,vEtdEEWyX8SS5ZrRZjtT3WzV8bdLS13t5Uvg7YLpump,572.1,3.2766417542e-08,0.9720,0.194402,3519,16,9.17,0.00,0,0
2026-10-09 00:00:07,3zsr,offen,BCAT,6rtt3rgrgRYbgWDkMGLZmNjjMAkyTquqVZTkhYzn6xdB,546.6,3.33748485042e-08,0.9526,0.283045,3591,8,9.00,0.00,0,0
2026-10-09 00:00:07,3zsr,offen,PQCINU,26UJpU6dCjGJQjaUodSB8V7bzYjdTWZrDyN8jtXfL8Vf,538.0,3.14874055768e-08,0.9158,0.183154,3398,6,8.70,0.00,0,0
2026-10-09 00:00:07,3zsr,offen,PDOG,Dj9fsUKStiepdQdXzBLcHr59FnR58pAyc6XnXi4eZrCr,527.8,3.24939082906e-08,0.8665,0.173291,3519,5,8.35,0.00,0,0
2026-10-09 00:00:07,3zsr,offen,SKATE,Wwn74emwczd4bWNp4j1EnQCt299pedr1uEacqsgwerk,512.3,4.03753503579e-08,0.9502,0.190033,3949,48,14.87,0.00,0,0
2026-10-09 00:00:07,3zsr,offen,STREETCRAFT,5y4eGSBuc43Z3g9mDrPa8Z7w9VMdRYEWK3zfPRpRuhwi,510.7,2.54554585581e-08,0.8883,0.177661,423,109,9.76,0.00,0,0
2026-10-09 00:00:07,3zsr,offen,QCAT,5Q8D4128ZqRiXb8ivCKMVtWaLpC23cssosiTNQVeGgQM,505.9,3.72070344008e-08,0.7365,0.147298,3735,17,14.71,0.00,0,0
2026-10-09 00:00:07,3zsr,offen,trump,2zM3QpEjbE6RYf8ZeNzdaTTAZJJQzJxV6PWDPBKRNH2n,503.1,3.36063263219e-08,0.8074,0.161479,3586,8,9.81,0.00,0,0
2026-10-09 00:00:07,3zsr,offen,fallout,7gAJBUhr3RPxGRkQQhphUvi4668dBjwpuQ22TwqPnt2h,466.3,3.49182971221e-08,0.9543,0.190853,3628,7,12.37,0.00,0,0
2026-10-09 00:00:07,3zsr,offen,QEPE,BrMHuM7uRbmygmhJMPXQEJxUuJr3xJWqgFoFngvgZHdc,403.7,3.14714201459e-08,0.8915,0.178306,3447,7,7.24,0.00,0,0
2026-10-09 00:00:07,3zsr,offen,Quantum,81cKqDPK7xEGQWvfqBT3mJTvPL7dF5QFcjmWt4uxugEq,382.4,4.21684028758e-08,0.8835,0.176707,4053,32,16.70,0.00,0,0
2026-10-09 00:00:07,3zsr,offen,QUBIT,4Wsk4ezKTweuuMgetUBC3PzcoM9TzB8cky1c68vApR96,379.1,5.33798306487e-08,0.7176,0.143525,4430,24,25.52,0.00,0,1
2026-10-09 00:00:07,3zsr,offen,SKATE3,BZDShqTtTL5EAk38RYSrFUfYM1YBZT4zqRajQz1Wpump,342.6,9.55532160701e-08,1.2902,0.258033,6082,109,21.62,0.00,1,3
2026-10-09 00:00:07,3zsr,offen,Bunker,3WzaZwVmjr3JMWKknJtnEn3R4kaX9pVkwQJmC9fxpump,311.8,7.1407358799e-08,0.8729,0.174590,6234,1060,11.09,0.00,0,0
2026-10-09 00:00:07,3zsr,offen,KOTH,3RRGi7ZcodyqNRNDJEySgCuteuE9AV5MsYjXiZLQpCJH,293.4,6.30853652127e-08,0.9094,0.181887,1771,146,20.71,0.00,0,0
2026-10-09 00:00:07,3zsr,offen,Tiktok,kmNXT7yTqLbNKwYmCHf8A1gAhLB6XgTmiRDv9Udpump,242.4,3.18318518192e-08,0.7831,0.156626,631,63,21.33,0.00,0,0
2026-10-09 00:00:07,C7bF,offen,SPSI,ERvSTRZsoEdM79d9Ajb2KMSnM1uPgamW3BoNgj21teCa,1824.2,3.76949777953e-08,1.0119,0.202384,299,4,10.89,0.00,0,0
2026-10-09 00:00:07,C7bF,offen,KMS,D1sm1V3pHGTv32ugeXoer4a91xqfuh4jJBYQwePSKVez,507.8,3.51526130019e-07,0.1154,0.023075,8750,895,24.56,0.00,1,2
2026-10-09 00:00:07,C7bF,offen,MASSIMO,H6XiYttyMFsKXj6BJzYZMEjhUz6EwymaX4ug35G6pump,267.0,6.02951347895e-08,0.1698,0.033967,1686,146,19.10,0.00,0,0
2026-10-09 00:00:07,77n6,offen,DIP,7KWJEZ9gUA839LqaSj2wgEhsTLCxghfsqFdimrDC98WY,429.6,1.04345860905e-07,0.4563,0.273776,2895,215,23.46,0.00,7,6
2026-10-09 00:00:07,G7b2,offen,SXSI,DQysBW79uHzZAWd2ahVQrf89CuSFqVzuNA3ijHbjVJfG,5634.1,1.86537029897e-06,0.7452,1.192324,24668,1162,28.76,0.00,1,4
2026-10-09 00:00:07,G7b2,offen,SI,DEW9dSN6QpWyNthphCpMmAbZP1Q4cEKR9xQXAri98WDP,5595.0,0.000252470680363,1.1401,3.941533,1808311,55241,16.95,0.00,48,148
2026-10-09 00:00:07,7Cn1,offen,si.gov,7CTRbkV1tVuq1f59pRxT1Pb2W5AHG4gM9FMH4rGzKiXv,4815.5,3.46938260953e-06,1.2722,0.970014,38065,2199,13.68,0.00,0,6
2026-10-09 00:00:07,7Cn1,offen,CRAWL,BXoHJddsWJLHtAopeiSbKUSELsu8hSFMs8baGMDkpump,1563.2,3.88906849543e-05,1.2439,0.559753,457757,9886,15.77,0.00,13,27
2026-10-09 00:00:07,Croco-AC7K,offen,CLAUDIA,2j5SaS7xy776qCBpyPQbZjyQSAtKiFgrwjfErthnW2ZM,1138.7,3.69027747107e-06,0.7246,0.289840,50194,2505,19.67,0.00,8,19
2026-10-09 00:00:07,HoneyBadger-6kfX,offen,phubber,CBcjQNdtgb4SHwKDqKFxD3yPSk7pEMpKHQiMmZrgpump,2979.8,3.52728878731e-06,0.8956,1.791125,43262,2861,21.02,0.00,1,2
2026-10-09 00:00:07,HoneyBadger-6kfX,offen,pup,7HE2WmPoYE7uaA7DKh25N5cUwEcUoiyjwZU9ZeaQpump,2426.0,7.62559954229e-08,0.7446,0.297854,2427,317,24.29,0.00,0,0
2026-10-09 00:00:07,8K7Z,offen,RARI,EFn88CiiFHhihqdr1Y11XBDxbbYarBf1ij92DsrigYwR,2637.4,1.1614934666e-05,0.8773,0.905872,140409,3462,21.13,0.00,7,17
2026-10-09 00:00:07,FKJE,offen,HOOKED,C1mBfBoDkwWfd6uTFZp62ARHLjeVp3bDpCDMfMZtPngE,3401.6,8.33529742453e-05,1.4343,0.439391,1035447,12556,19.30,0.00,10,34
2026-10-09 00:00:07,FKJE,offen,Cartridge,ArenDYANqFNkp8ZqAXt69vT5Dz7WD4zDfSpVw6oPpump,1349.2,1.40650618136e-06,1.4043,0.561728,22990,862,24.43,0.85,1,1
2026-10-09 00:00:07,FKJE,offen,BORDR,6Mix12LiHrQFojaQEnfPUC65Qkwd6X4Y5Qg93oFbordr,588.7,1.14901589921e-05,1.4489,0.579544,125207,3241,14.46,0.00,32,50
2026-10-09 00:00:07,2z7o,offen,WII,Betne2zJWDB3wZufUXhWdaBWFqiMZYiZ6fSxeTwzpump,28.5,1.60396772659e-07,1.1431,0.228617,7863,96,20.33,0.00,5,6
2026-10-09 00:00:07,2z7o,offen,TAVE,7yKXbKZFXRj8imN2jdt4PXrncZkdbPaT7kYLEMMypump,22.1,5.29036961258e-08,0.9199,0.183983,4504,23,24.51,0.05,1,1
2026-10-09 00:00:07,2z7o,offen,Garlic,GK8nbwNuowbZX5d5NRhJ2rRpvazvLZ78GuCXoYUHpump,10.1,6.54864206221e-08,1.0669,0.213386,5032,37,25.59,0.00,1,4
2026-10-09 00:00:07,54QZ,offen,GOBLIN,E2itWssNNRVYSTd7U6Q7y5XVRVJM4eAxG7TGSv5epump,2003.1,3.0501042584e-07,0.7832,0.723316,9364,552,23.45,0.00,1,1
2026-10-09 00:00:07,54QZ,offen,GODS,8nV3xKVvhX7KVnoxVN93ahcvFSecrWovturHggMHruQn,697.5,4.825894975e-07,1.0208,0.312943,9421,541,24.82,0.00,2,0
2026-10-09 00:00:07,54QZ,offen,MARVIN,7HjUj6sghEh964xp1cxf7uUovSsSsuQVdt9jheH3ruqb,414.7,8.47436524194e-08,0.9753,0.195053,4342,52,28.22,0.00,0,0
2026-10-09 00:00:07,DWRA,offen,ZCASH,5n7LRhpGcZQ4Xas2WoxwEiES315cV27bEaZubELrKZ49,102.6,4.60919480794e-08,0.0863,0.034539,3096,26,33.26,0.00,0,1
2026-10-09 00:00:07,CCBV,offen,ZCASH,5n7LRhpGcZQ4Xas2WoxwEiES315cV27bEaZubELrKZ49,102.9,4.60919480794e-08,0.0876,0.035053,3096,26,33.26,0.00,0,1
2026-10-09 00:00:07,Loopierr,schatten,CatCollector,5AgD5tmarU5kgbqHqCgDEMcAHAQAm8muV67xkKs9urps,9471.1,3.51208780574e-08,0.1044,0.020871,129,32,2.94,0.00,0,0
2026-10-09 00:00:07,Loopierr,schatten,SGI,36yTNhb9rfogt4mWxFiTnBeeT9bNXrVdKymAJ3jbvTzM,9320.1,3.18746911577e-08,0.1997,0.039935,3679,6,0.36,0.00,0,0
2026-10-09 00:00:07,6ANG,schatten,ANTHROPIG,25DeVAVF86uAd2wcFewp7F1s6gjZei88Mj4xBzg3AP94,10032.3,1.30021831671e-07,0.5302,0.106046,5356,67,31.18,0.00,0,0
2026-10-09 00:00:07,HEBO,schatten,SI,4qCW74oX82oTeypDzFYYYZ6eJ6yPQVFeX196YpHszJFY,6153.4,2.30451313045e-08,0.4571,0.091424,2303,53,10.81,0.00,0,0
2026-10-09 00:00:07,HEBO,schatten,INCOME,E7mRvAbgZdA6dF7cgXZevkbjd9Yfy5q11XEFnWZfpump,5882.1,5.51656848514e-08,0.8810,0.176203,2010,1258,13.27,0.00,0,0
2026-10-09 00:00:07,HEBO,schatten,GPH,BtmRMRazMTY2KqpbZkdFGrGJSm8rwLG744DV8Webpump,4843.7,3.46306241438e-08,0.4908,0.098155,916,56,21.37,0.00,0,0
2026-10-09 00:00:07,HEBO,schatten,pup,7HE2WmPoYE7uaA7DKh25N5cUwEcUoiyjwZU9ZeaQpump,4843.2,7.62559954229e-08,0.6988,0.139750,2427,317,24.29,0.00,0,0
2026-10-09 00:00:07,HEBO,schatten,ACTII,41QF43mQKs1Qm51xK7uQWjxRA9oZ6S5mBVYveR4wLfzx,1970.6,3.44224017628e-08,0.5763,0.115269,791,52,20.38,0.00,0,0
2026-10-09 00:00:07,HEBO,schatten,TITS,DPVNMLe7zXsrg8Y9rMyPmxBG31qqo3v9FyWChbKQpump,1968.5,6.77156391662e-08,1.4301,0.228818,1928,34,27.67,0.00,0,0
2026-10-09 00:00:07,HEBO,schatten,TITS,C21p56TNF1Ec8BmyMkmLnwX56G3TzgYvzqMMVUPL7Fcm,1965.7,2.6683729492e-08,0.6813,0.136254,486,109,13.79,0.00,0,0
2026-10-09 00:00:07,HEBO,schatten,DICK,CN2hyxJgVbcnTC7jDhXuoJhZYA8aZ82LYwjM6MbU1Sen,724.3,2.56985255068e-08,0.1650,0.032994,415,55,7.59,0.00,0,0
2026-10-09 00:00:07,HEBO,schatten,b,GQhGVgVSEreBxFi6p68M5sEKn2KirzZMDfoj6BpbVnoY,719.0,7.4533908296e-08,0.1450,0.028993,2103,72,19.55,0.00,0,0
2026-10-09 00:00:07,Troupe,schatten,CLAUSE,EWKyN7QHfJo41ikKqpo8R5gwEvryytKo9Vf7NF39U1GC,4528.9,1.95202963622e-08,0.0565,0.011292,2085,24,2.31,0.00,0,0
2026-10-09 00:00:07,4DOV,schatten,TRADE,Euz6EjyubNjJmCkahGEfCXmnCwNVLunxc1LZWsmV3wKf,3041.0,2.99303638581e-08,0.0223,0.004460,706,184,16.73,0.00,0,0
2026-10-09 00:00:07,4DOV,schatten,pear,6UCR8nmHZGauct3tKfismdYuLFemB6iMtuKEGycq7wCX,331.4,1.02706741769e-07,0.0295,0.002948,5248,1023,24.11,0.00,0,3
2026-10-09 00:00:07,Cooker,schatten,X7,CdhZy8wrRxNxoV8HtoByXKN7mvS46avtuZ1b39tKfx7,10134.1,2.53906243325e-06,0.2508,0.050168,48120,1748,21.04,0.00,5,8
2026-10-09 00:00:07,Cooker,schatten,9e9,HZ4qZQJ7yf6WR1D24GLRLJ3cKUfgtJEF3B7SdLMLvCPZ,8864.6,3.27716318435e-08,0.0381,0.015234,918,251,12.98,0.00,0,0
2026-10-09 00:00:07,Gake,schatten,MINEPAD,2EUKLvNQ63YCmjSDyJ14Tzj7ASeHGXgseYWrKAa2mine,11013.7,6.7793914942e-07,0.3997,0.067952,15119,681,21.77,0.00,0,0
2026-10-09 00:00:07,Gake,schatten,TERRA,JD3d8mxEJ91LHZSuwVLquFAKdo5PbEeLCUevjjDsPdRe,9731.2,8.55913763626e-08,0.0629,0.012586,2496,111,29.73,0.00,0,0
2026-10-09 00:00:07,Gake,schatten,SHITCOIN,4BxBot4K36N3ZZkpB9sqEocy5iBi8cUttK6s8YbHH9Jo,8223.4,5.96830027311e-08,0.0634,0.012688,1735,105,37.14,0.00,0,0
2026-10-09 00:00:07,Gake,schatten,FROGE,6R1F4sNySF4NKGdhW3UhESWuYYRu4Cehk5rn3mGP375R,8212.6,4.90353215615e-08,0.0462,0.009239,1584,333,24.02,0.00,0,0
2026-10-09 00:00:07,Gake,schatten,GENESIS,CSEd3Pi5WZL7w5vmwNjDVXv8poAqSv2Dn1as1erUpump,5566.6,6.58322614713e-08,0.0136,0.002723,2369,766,17.87,0.10,1,1
2026-10-09 00:00:07,Gake,schatten,OATH,2RSsw9tntE1RmoiPnNFiu93EzQu2eLnCAzvZiqMSoatH,5550.5,1.06063217379e-06,0.9518,0.190351,15017,378,26.08,0.00,1,1
2026-10-09 00:00:07,Gake,schatten,IMAGINE,EpFTb2XcGiMyGLykZ9VYmyPWz2AHEwAggqSbwJpypump,5178.4,2.54918589085e-06,0.9539,0.190771,26915,785,37.75,9.37,0,0
2026-10-09 00:00:07,Dior,schatten,CAESAR,8cp1WhUDxTbfX8nDe1kAB1ogPUyQvUSKgzFz365LbQyZ,3982.9,2.47695711425e-07,0.1073,0.021452,7934,1388,21.31,0.00,1,1
2026-10-09 00:00:07,Dior,schatten,ClapCat,5BjfgmtfqvNpAWx1CnZynoWLWNMnrwHLhTFzQ81vkEc8,2154.0,1.6902165638e-06,0.4818,0.096354,24220,846,26.36,0.00,1,6
2026-10-09 00:00:07,Dior,schatten,Gunner,7thxAzq4B9KwPe4NqMNAntF2Njgqb9FTKQb4z6fYpump,856.5,5.61695240284e-07,0.5869,0.117373,9965,1016,19.84,0.00,11,10
2026-10-09 00:00:07,Dior,schatten,vamp,H72pex1VtfY2M7v2Tfk9D9PgvCocRuFN3owCveERSa4s,98.9,3.248973757e-06,5.2026,0.936461,34273,1052,20.82,0.00,152,378
2026-10-09 00:00:07,C7bF,schatten,Pao,3K2vx7ww6dNcHViJStztSJvTQZWaMkYrYnTop5178iR2,350.1,5.85783326152e-08,0.9506,0.190115,1617,93,31.05,2.56,0,0
2026-10-09 00:00:07,koko,schatten,MAJOR,7AUzu756Pp3Cg3NByuKfcRSAFFt31kjC6U6R1npkiA1Q,7383.2,1.63530740089e-07,3.5800,0.715991,4171,159,30.33,0.00,0,0
2026-10-09 00:00:07,77n6,schatten,DIP,7KWJEZ9gUA839LqaSj2wgEhsTLCxghfsqFdimrDC98WY,435.6,1.04345860905e-07,0.2296,0.045930,2895,215,23.46,0.00,7,6
2026-10-09 00:00:07,499R,schatten,COIN,J7bhFegCHZAeRzdYDwmbSp1CJ1bDJkutSg26B4SXpump,9.5,3.38773866681e-06,0.9141,0.365636,50485,2636,20.81,0.00,411,1089
2026-10-09 00:00:07,DWRA,schatten,ZCASH,5n7LRhpGcZQ4Xas2WoxwEiES315cV27bEaZubELrKZ49,103.0,4.60919480794e-08,0.0950,0.019006,3096,26,33.26,0.00,0,1
2026-10-09 00:00:07,CCBV,schatten,ZCASH,5n7LRhpGcZQ4Xas2WoxwEiES315cV27bEaZubELrKZ49,102.9,4.60919480794e-08,0.0950,0.019001,3096,26,33.26,0.00,0,1
2026-10-09 00:01:08,Loopierr,offen,GARP,FKPdKiZBYMU2MwHXKjyhgV6ozSh2APzvvr3ZBwFCfSHo,12244.8,2.61799976046e-08,0.0411,0.008227,552,145,10.92,0.00,0,0
2026-10-09 00:01:08,6ANG,offen,OpenSI,5ptkVdbpaPpEJPPVXE5CpJNCXEmAidyot5TQcDDawMzm,11972.4,9.37613499532e-07,2.1955,1.638419,14977,1169,21.98,0.00,3,1
2026-10-09 00:01:08,6ANG,offen,ANT,BTZK1B3pCoBDD1vy5e4bDBM4bwvvhkKUMTuKABkGWwGp,10033.5,4.14659182752e-07,1.0751,0.645086,9926,92,27.37,0.00,0,0
2026-10-09 00:01:08,6ANG,offen,ANTHROPIG,25DeVAVF86uAd2wcFewp7F1s6gjZei88Mj4xBzg3AP94,10033.2,1.30021831671e-07,0.5333,0.213326,5356,67,31.18,0.00,0,0
2026-10-09 00:01:08,9LXM,offen,SGI,FcZcFjfNPJR9rycZS1FwkiEgQTW7ZWRjdSaBdJ6M9ha6,11827.4,9.71021346325e-08,0.0638,0.025500,5136,340,23.03,0.00,0,0
2026-10-09 00:01:08,HEBO,offen,goon,HSUMi4rMgjrx7zRUabw3ogGu1pa5hmF2eVcXj9Apump,12059.4,5.09606261211e-07,0.6240,0.449597,13319,2839,17.60,0.00,0,1
2026-10-09 00:01:08,HEBO,offen,Tico,35ccP7zmf4THJsDn3UtozYcWm1U8nzhyHcTgK3ETpump,11994.2,3.55740167966e-08,0.5948,0.118963,3890,29,7.17,0.00,0,0
2026-10-09 00:01:08,HEBO,offen,ArmyX,F7y94q8QvGKNCrGt6E5pgQ7ABBkQK4QkqEBGs9Y5ZFFk,9381.3,3.39434365228e-08,0.1267,0.101351,3122,57,15.71,0.00,0,0
2026-10-09 00:01:08,HEBO,offen,ZUCKS,2eBJvNnn7guSjX1yuE7seuDY9pveDiHkfoyeBh2WZroS,9115.7,2.25670528051e-08,0.3451,0.049696,2313,35,7.97,0.00,0,0
2026-10-09 00:01:08,HEBO,offen,TRUMPTV,34w4t74EsbJyBBSyYBFyNo65Ft7Ax8BF3HrubL1mwbpL,9020.8,2.02702561835e-08,0.1554,0.031080,2126,89,5.45,0.00,0,0
2026-10-09 00:01:08,HEBO,offen,pill,DvdmEnztCmXwBnAbedD48XVGZJSxq31zNvnyftXdpump,7956.9,1.8136680587e-05,1.0354,2.692156,218635,6055,21.87,0.00,4,5
2026-10-09 00:01:08,HEBO,offen,PUMPCAT,G4vqe8KAcRGTb7Kc55n9sz43aR4ugTPdSeUnAXZhpump,7956.5,3.58643286754e-06,1.7002,0.340043,47291,1290,24.73,0.00,0,1
2026-10-09 00:01:08,HEBO,offen,CUPTOBER,EKgswaMnRSJHmyFZCbxscTAjiR2bH1oLXsftepUGsPtz,7793.4,4.85582767998e-08,0.5903,0.236118,4854,28,13.44,0.00,0,0
2026-10-09 00:01:08,HEBO,offen,Scronkfinkle,DaUFkgZjwJCsM9QDWCsxtZS2omgHS3Fn9GHgTX5wwpcX,6531.2,5.05305209669e-08,0.4971,0.298283,1393,100,22.82,0.00,0,0
2026-10-09 00:01:08,HEBO,offen,Eagle,E3pWKtfQk6LLZpRWVTjJwrMY4vFa9umLYDPxWJtZSTNK,6507.7,2.68539743351e-08,0.1419,0.128523,2674,73,12.02,0.00,0,0
2026-10-09 00:01:08,HEBO,offen,Caviar,F7ktJWjMtubD8zwv5xMb35g5hPTvGQSDMS8UGcwXpump,5886.9,1.0957619546e-07,0.6987,0.279493,3260,86,27.76,0.00,0,0
2026-10-09 00:01:08,HEBO,offen,TIT,3KM7dvpUk2Wm8qdXtZpBJHgic4bAaz1MTDHvUEjKpump,5861.5,2.17280152256e-07,0.5753,0.575337,5945,129,26.88,0.00,0,0
2026-10-09 00:01:08,HEBO,offen,MIM,6bJtwhtvzkthAYszQ3ZWkFJzSvbGSkbAz9yPcSiXaGK6,5860.9,1.70234782367e-07,1.3461,0.269226,5019,193,27.38,0.00,0,0
2026-10-09 00:01:08,HEBO,offen,Taste,93FWFR63nwQcq5zuXNmTits5BYcKFjmUZzccMvhmpump,5860.6,1.16009552439e-07,1.2925,0.516988,8801,38,24.15,0.00,0,0
2026-10-09 00:01:08,HEBO,offen,GPH,H1hFymzkRE7CAdxEuBWYknvsTCgoDXAqPKFU94iPpump,5854.8,4.86009292161e-08,0.9197,0.183949,867,68,10.72,0.00,0,0
2026-10-09 00:01:08,HEBO,offen,TIT,Ar3QBegnCQr6ZFyN9h637ar9JCxZRvdboiR1QzMrpump,4848.7,1.66799839848e-07,0.5632,0.901164,4248,280,37.63,0.00,4,5
2026-10-09 00:01:08,HEBO,offen,AVERY,8QFGVLXehnTv28eMdXZkhY5d84SVF58LAfRGx8zWpH9b,4785.5,3.09223918386e-08,0.1726,0.034526,2601,220,19.30,0.00,0,0
2026-10-09 00:01:08,HEBO,offen,APU,HoCeDUrd5BqfYmaRk2eiUpzshEvpwfYpgrJ4YKFCpump,3584.4,1.38439126906e-07,0.7733,0.154667,4473,257,26.35,0.00,0,0
2026-10-09 00:01:08,HEBO,offen,APU,E7eCZS2cq655qJ7uVx3dSHR2zK31kwNQsWS6P6Hpump,3584.1,1.69644231333e-06,2.3731,2.373086,18535,453,27.05,0.00,2,2
2026-10-09 00:01:08,HEBO,offen,COCKROACH,H4KUxsEgCp2yDpFvyDuGM5k6XevSKKrrKUxZ3Zr6nyJc,3579.4,1.09363947472e-05,1.6153,2.907455,92054,3657,19.17,0.00,2,1
2026-10-09 00:01:08,HEBO,offen,MDOG,F5zC2QoP6j2erxNyf4z6iNCi6X6AkburMC2Xofhxpump,3358.7,8.22486488816e-08,0.9644,0.192885,3219,1642,17.78,0.00,0,0
2026-10-09 00:01:08,HEBO,offen,SI,8ALHRuN5q4MHRaKPdiXi7cHyVWicZVwQx2TBTCH8GZ4h,3114.0,1.58629835702e-07,1.4979,0.299586,4293,73,23.06,0.00,0,0
2026-10-09 00:01:08,HEBO,offen,PHASEONE,GfawjB4Fxz389kECjrrnsdS8MKb9hMgALonJddGQasHL,1979.8,2.50991119047e-08,0.4269,0.085381,406,71,10.53,0.00,0,0
2026-10-09 00:01:08,HEBO,offen,TITS,GLsHzxjtktCKzAA8LEEfXJ5UF2Jdsj161e5Duh3tkzga,1966.6,3.64005655965e-08,0.6703,0.134054,1115,484,16.26,0.00,0,0
2026-10-09 00:01:08,HEBO,offen,AI,4AvWfTKcEFqwRjxBnoyWRY7wF7UV9cqH3492UFKHpump,1942.8,4.44535185366e-08,0.6454,0.129078,1196,54,21.25,0.00,0,1
2026-10-09 00:01:08,HEBO,offen,INSTADOCS,AMj8gG4mXckBoaT5mGQDwriKUqJtEApNg2CuXw6Ypump,1942.6,5.80382397748e-08,1.2104,0.242070,1618,21,23.26,0.00,0,0
2026-10-09 00:01:08,HEBO,offen,DICK,CN2hyxJgVbcnTC7jDhXuoJhZYA8aZ82LYwjM6MbU1Sen,725.8,2.56985255068e-08,0.1469,0.117509,415,55,7.59,0.00,0,0
2026-10-09 00:01:08,HEBO,offen,b,Cr8kuNqKwiVVuzqLYKcJhmpSHy767837BwLFr9GDYXUf,720.3,5.98006200709e-08,0.3277,0.131099,1778,275,23.89,0.00,0,0
2026-10-09 00:01:08,HEBO,offen,DICK,3b1yu2Xz3qYJSrsKxnRKPgQCxTD7QWjdL2UZKQd63hXv,719.6,3.14900338991e-08,0.2322,0.092879,3537,9,4.59,0.00,0,0
2026-10-09 00:01:08,HEBO,offen,b,GQhGVgVSEreBxFi6p68M5sEKn2KirzZMDfoj6BpbVnoY,707.5,7.4533908296e-08,0.6418,0.256702,2103,72,19.55,0.00,0,0
2026-10-09 00:01:08,HEBO,offen,Thing,2YScUrXEdNzChj7U76CQ41UadmKjzx33cTcfQyLtpump,705.3,3.51932780143e-08,0.9211,0.184228,3732,15,10.41,0.00,0,0
2026-10-09 00:01:08,HEBO,offen,RARI,EFn88CiiFHhihqdr1Y11XBDxbbYarBf1ij92DsrigYwR,585.2,1.10410160982e-05,1.6672,2.334072,139593,3461,21.13,0.00,5,16
2026-10-09 00:01:08,HEBO,offen,Macca,8m2HLRPyaHV2h2xPj6FxJyxocCqXdf8msP51VUhzpump,476.8,1.95835926956e-07,1.0104,0.202073,4450,62,28.62,0.00,0,0
2026-10-09 00:01:08,Troupe,offen,PUMP,pumpCmXqMfrsAkQ5r49WcJnRayYRqmXz6ae8H7H9Dfn,10184.0,5.0649531071e-05,1.0447,0.009446,41342088,320303,59.34,0.00,111,559
2026-10-09 00:01:08,Troupe,offen,homo,42AtRP5d3ySBj9iveMYeD23kkmN3HEZFwUzs1YKvkPA9,8531.4,2.23721418728e-08,0.0602,0.010547,252,146,3.18,0.00,0,0
2026-10-09 00:01:08,Troupe,offen,PUMPE,9fJAWKQpkY93hfuZxrHfh5wEh2AV9vjkWNQfzfbziHd2,8404.6,5.44160692905e-06,0.1969,0.236308,42242,2247,18.17,0.80,2,1
2026-10-09 00:01:08,Troupe,offen,HOLD,6REnZgtxhwdSAHczAp4J5PRsGQYQt7T3x4kEDyfs9U7y,8361.7,2.47914395721e-08,0.0143,0.002855,549,467,2.94,0.00,0,0
2026-10-09 00:01:08,Troupe,offen,THICC,3QEbHMK6ceYevtaCdLmBQMJgcPb9PJQpgyFBP6f6x6Rg,5706.2,1.4149540778e-08,0.0658,0.013160,1486,8,4.02,0.00,0,0
2026-10-09 00:01:08,Troupe,offen,CLAUSE,EWKyN7QHfJo41ikKqpo8R5gwEvryytKo9Vf7NF39U1GC,4529.9,1.95202963622e-08,0.0801,0.016030,2085,24,2.31,0.00,0,0
2026-10-09 00:01:08,Troupe,offen,TESTla,TESZBZpTRGUDriZQg72kYre1Vozyp2de7Z6o5JUtdRA,2876.8,0,0.0000,0.000000,1,38,3.55,0.04,0,0
2026-10-09 00:01:08,4DOV,offen,BOT,Aaan4fxwhKtUUPg2GSKq6natLV9oj9QQNf5xT4UE2gXr,9830.9,3.11974905766e-08,0.0366,0.007324,806,314,15.16,0.00,0,0
2026-10-09 00:01:08,4DOV,offen,PUDU,8HQgEcbhR5Xoh735zvndAocCLd7wdAYJfWHV55J8pump,8382.0,2.78326671033e-08,0.0132,0.005281,573,423,13.10,0.00,0,0
2026-10-09 00:01:08,4DOV,offen,Aiden,9dSMwFfPezQ8WPcW1uZV7ns4rcviEj2LssSAg75WBLXd,6942.9,4.59093635302e-07,0.0326,0.014685,11546,3043,20.89,0.00,0,0
2026-10-09 00:01:08,4DOV,offen,SPLICE,7bC8ugu1ZJn21MhA4ht483nX8brLNesa8R7XLimpFyhq,6186.4,4.65168155645e-07,0.0294,0.017645,11626,2526,25.94,0.03,0,1
2026-10-09 00:01:08,4DOV,offen,Ash,4jxyespUyvDxg1cN1NMCWErHGGyPrBdEzPiDobLBmttL,5868.7,4.25651531618e-08,0.1063,0.021269,1049,21,2.44,0.00,0,0
2026-10-09 00:01:08,4DOV,offen,www,GAwhcphCqCv5bKHmCiN4VDdNWfbXJL4npmkc8L3Q9S9H,5718.0,7.48556311777e-07,0.0716,0.028655,24222,6256,20.41,0.00,3,2
2026-10-09 00:01:08,4DOV,offen,ACTII,DYjM6f2R34Qp4jPE73HsdEVZwwcQFCsokpNYCqBUpump,5645.8,2.25532580646e-07,0.0427,0.012797,6018,1060,23.43,0.00,1,1
2026-10-09 00:01:08,4DOV,offen,BANANA,G7JkKqGb69cCWC2XkDXc8LG8qbifTkCKpsAcr6kApump,5529.7,2.86786306916e-08,0.0275,0.005491,610,180,15.89,0.00,0,0
2026-10-09 00:01:08,4DOV,offen,JITI,6YuVyHbjdwxiH1CLCSusP9yjXmsVvQfcTbSSPcFuXDew,4968.6,4.66281318225e-08,0.0395,0.007905,1774,781,17.80,0.00,0,0
2026-10-09 00:01:08,4DOV,offen,QINU,4unydQjvYdqR31pkuBYGu2nGst8r8j5XMW8KXRXtpump,4732.3,3.493746546e-08,0.0210,0.008392,986,519,12.45,1.06,0,0
2026-10-09 00:01:08,4DOV,offen,NOLLA,CXw5hY3BMi87DTa99ekZgwxuvu7pQ2FUQVecs3SvJLD9,4552.4,2.95967567703e-08,0.0265,0.005296,684,316,15.30,0.00,0,0
2026-10-09 00:01:08,4DOV,offen,TRANNIE,BvLqum9qd4TWQ1c9WPmLYMvxxzoXUjsFycVffvjyq16,4471.5,2.53708629031e-08,0.1084,0.021686,377,108,11.98,0.00,0,0
2026-10-09 00:01:08,4DOV,offen,OTC,MukLDtJ8Cx9DxLbeyLRSWPSposTMWuwHANbuaudpump,4018.9,8.44934117129e-05,0.7927,0.018224,509266,20667,25.81,0.00,13,56
2026-10-09 00:01:08,4DOV,offen,TRADE,Euz6EjyubNjJmCkahGEfCXmnCwNVLunxc1LZWsmV3wKf,3042.2,2.99303638581e-08,0.0239,0.009576,706,184,16.73,0.00,0,0
2026-10-09 00:01:08,4DOV,offen,Human,8nPoBHiBM6pybxMws9PA2JRb9BjkppBfqcZGmot4DMBC,1871.0,1.57589009789e-06,0.3706,0.005052,33261,5378,24.18,0.00,0,5
2026-10-09 00:01:08,4DOV,offen,HSM,2856wfnQ27LH23yKeFHJ4XQpQ2bsw4sen8RqyW5Wpump,1727.9,3.74370418684e-08,0.0824,0.032972,1385,542,15.92,0.00,0,1
2026-10-09 00:01:08,4DOV,offen,QPEPE,BwVrWfDgT6UFpJsfH7J8bqtRu8vekE2w1GyEAEuZKa9R,363.2,2.2293613733e-07,0.4161,0.332873,6795,166,27.59,0.00,3,0
2026-10-09 00:01:08,4DOV,offen,OP_CAT,4QV31UeJJyUVWP2f1qgEz8gUPkf6WyPZyAmGdT8UD8Ld,345.9,3.03451078795e-07,0.2481,0.049627,6377,345,23.76,0.00,1,11
2026-10-09 00:01:08,4DOV,offen,pear,6UCR8nmHZGauct3tKfismdYuLFemB6iMtuKEGycq7wCX,333.3,1.01689495676e-07,0.0466,0.012857,5197,1022,24.11,0.00,0,4
2026-10-09 00:01:08,4DOV,offen,INU,AACtroE9u7vTbLWBbMtkPx4bK79YYxBHgb8tfd1Apump,326.5,6.57956611341e-08,0.0471,0.009416,2606,848,25.21,0.00,17,0
2026-10-09 00:01:08,4DOV,offen,Alcebíades,7CWUYu169uBLva1PEjWXG2m12XU5nFe2dR454FmCpump,127.7,4.30341192125e-07,0.1569,0.015685,8114,496,23.18,0.00,8,5
2026-10-09 00:01:08,Cooker,offen,SI,DEW9dSN6QpWyNthphCpMmAbZP1Q4cEKR9xQXAri98WDP,10355.9,0.000250717650436,0.7387,0.443219,1807564,55232,16.95,0.00,53,168
2026-10-09 00:01:08,Cooker,offen,HOOKED,C1mBfBoDkwWfd6uTFZp62ARHLjeVp3bDpCDMfMZtPngE,8902.2,8.45086843663e-05,0.7736,1.637196,1041893,12565,19.30,0.00,21,60
2026-10-09 00:01:08,Gake,offen,CURVE,7ioeSgzfSKHMnpgfPpgRFsekMBGiu9oi6t6GeqYtNbbh,11044.8,1.65913900793e-06,0.4795,0.095909,101625,1103,14.73,0.07,1,0
2026-10-09 00:01:08,Gake,offen,SDOG,yFcTuQJCMsd1Asya15GZ7h4KGdxsujRLcUiTWWXpump,10858.1,4.1444556032e-07,0.0555,0.011107,10221,1533,21.11,0.00,5,7
2026-10-09 00:01:08,Gake,offen,OP,5PiBn5JdjJDnRGziiSfsu2affgBR3DyTTCR3CHpcode,10795.5,2.56302389118e-07,0.0706,0.014117,8351,1380,23.08,0.00,0,3
2026-10-09 00:01:08,Gake,offen,PURPS,purpFPo5voy6fEu8jxSCwVdMs1zyYEYAH6FBQvTYCZK,8513.3,1.67440175967e-06,0.5874,0.117484,24667,2253,31.58,0.00,1,1
2026-10-09 00:01:08,Pikalosi,offen,Miu,7LNFZcNigZay5U9e2sq6n2Z4iM8BC2Dd53L14pwvpump,9019.7,4.92187927249e-07,1.1793,0.235850,14899,799,21.50,0.00,0,0
2026-10-09 00:01:08,Dior,offen,OTC,MukLDtJ8Cx9DxLbeyLRSWPSposTMWuwHANbuaudpump,9345.6,8.44934117129e-05,1.2470,6.840615,509266,20667,25.81,0.00,13,56
2026-10-09 00:01:08,Dior,offen,TripleT,J8PSdNP3QewKq2Z1JJJFDMaqF7KcaiJhR7gbr5KZpump,8473.7,5.90907889482e-05,0.9536,0.381453,348806,24801,18.98,0.00,7,33
2026-10-09 00:01:08,Dior,offen,Kirkslop,8m5hzX9hprtWwPuVZL4daCZfggWYKc6fhSJDDpiqpump,8153.0,6.14575023048e-07,0.9354,0.561219,13555,393,28.14,0.00,0,0
2026-10-09 00:01:08,Dior,offen,COCKROACH,H4KUxsEgCp2yDpFvyDuGM5k6XevSKKrrKUxZ3Zr6nyJc,4992.3,1.09363947472e-05,1.1745,3.288533,92054,3657,19.17,0.00,2,1
2026-10-09 00:01:08,Dior,offen,CAESAR,8cp1WhUDxTbfX8nDe1kAB1ogPUyQvUSKgzFz365LbQyZ,3962.0,2.47695711425e-07,0.1236,0.346166,7934,1388,21.31,0.00,1,2
2026-10-09 00:01:08,Dior,offen,ClapCat,5BjfgmtfqvNpAWx1CnZynoWLWNMnrwHLhTFzQ81vkEc8,2147.2,1.68496030185e-06,0.6164,0.739631,24220,846,26.36,0.00,1,5
2026-10-09 00:01:08,Dior,offen,Gunner,7thxAzq4B9KwPe4NqMNAntF2Njgqb9FTKQb4z6fYpump,854.1,5.65593172351e-07,0.5304,2.651965,10101,1019,19.84,0.00,13,4
2026-10-09 00:01:08,Dior,offen,OpiumBird,HmCxqpgxaQng3A73F7vLgJjc9sr6ACFt8CEJwWY2hMGR,662.6,2.64867228241e-06,1.0333,0.413309,33843,2414,30.70,0.00,0,0
2026-10-09 00:01:08,Dior,offen,vamp,H72pex1VtfY2M7v2Tfk9D9PgvCocRuFN3owCveERSa4s,94.7,2.94855348782e-06,5.6160,2.246399,33355,1118,20.75,0.00,167,447
2026-10-09 00:01:08,3zsr,offen,Sapijiju,8Fs2YLsayR4awLB79nMM3QCpG3pqvcAGP7hHb8fX4L2G,8844.7,1.1050476374e-07,1.0311,0.206222,3516,367,25.65,0.00,0,0
2026-10-09 00:01:08,3zsr,offen,EZRA,4qTqqkexQCEP2m8UrDWXACHpA8bEkGxpNJrDPMNcfHKQ,4181.4,3.56594266423e-08,1.0795,0.215896,3889,6,7.67,0.00,0,0
2026-10-09 00:01:08,3zsr,offen,ELONMUSK,5QmEgE9rK3aB1SDi7mK7rXPt2QHe7FRT69zbb2X2iSip,4181.2,3.45326999498e-08,1.0068,0.201368,3775,5,12.21,0.00,0,0
2026-10-09 00:01:08,3zsr,offen,HIGCAT,52sQ5kFhaTD6NsfN4oKreHZAwxrxgUo129ZCG3EBsVhv,4181.0,3.37673587869e-08,0.9528,0.190552,3726,6,6.49,0.00,0,0
2026-10-09 00:01:08,3zsr,offen,GIA,4FuWREkDYG1chHxHfgmUv3AN1iLPUi42Er6UboWUJKwU,4180.7,3.34247824296e-08,0.9365,0.187299,3669,8,7.03,0.00,0,0
2026-10-09 00:01:08,3zsr,offen,Sworddog,2QLpYwa5tzMjGBZWCmu9WHEPTNPH65w7xeFHSU1Hpump,3608.3,3.75660964607e-08,0.9482,0.189645,3846,16,15.41,0.00,0,0
2026-10-09 00:01:08,3zsr,offen,TRUMP,AYLh1Bgthdgego4EBAJQZtzXiQ6b1EbrPWES5V1vjhzV,3493.1,3.17884956725e-08,0.5127,0.051271,665,82,17.07,0.00,0,0
2026-10-09 00:01:08,3zsr,offen,RUGRUN,2VFjLcouktUNWRsZVkdiJ57nmRZR8HTJjKzDkZ3mbN8f,3465.8,3.50774091408e-08,1.0240,0.204798,3866,5,6.69,0.00,0,0
2026-10-09 00:01:08,3zsr,offen,HOUS,4pZQCY4HLpeYyJJ48yu7Z49B4G1Z7B1ZH3YdvVfNqKGn,3465.6,3.74788091122e-08,0.9093,0.181858,3758,14,15.47,0.00,0,0
2026-10-09 00:01:08,3zsr,offen,OWL,vEtdEEWyX8SS5ZrRZjtT3WzV8bdLS13t5Uvg7YLpump,573.2,3.2766417542e-08,0.9720,0.194402,3519,16,9.17,0.00,0,0
2026-10-09 00:01:08,3zsr,offen,BCAT,6rtt3rgrgRYbgWDkMGLZmNjjMAkyTquqVZTkhYzn6xdB,547.6,3.33748485042e-08,0.9526,0.283045,3591,8,9.00,0.00,0,0
2026-10-09 00:01:08,3zsr,offen,PQCINU,26UJpU6dCjGJQjaUodSB8V7bzYjdTWZrDyN8jtXfL8Vf,539.0,3.14874055768e-08,0.9158,0.183154,3398,6,8.70,0.00,0,0
2026-10-09 00:01:08,3zsr,offen,PDOG,Dj9fsUKStiepdQdXzBLcHr59FnR58pAyc6XnXi4eZrCr,528.8,3.24939082906e-08,0.8665,0.173291,3519,5,8.35,0.00,0,0
2026-10-09 00:01:08,3zsr,offen,SKATE,Wwn74emwczd4bWNp4j1EnQCt299pedr1uEacqsgwerk,513.3,4.03753503579e-08,0.9502,0.190033,3949,48,14.87,0.00,0,0
2026-10-09 00:01:08,3zsr,offen,STREETCRAFT,5y4eGSBuc43Z3g9mDrPa8Z7w9VMdRYEWK3zfPRpRuhwi,511.7,2.54554585581e-08,0.8883,0.177661,423,109,9.76,0.00,0,0
2026-10-09 00:01:08,3zsr,offen,QCAT,5Q8D4128ZqRiXb8ivCKMVtWaLpC23cssosiTNQVeGgQM,506.9,3.72070344008e-08,0.7365,0.147298,3735,17,14.71,0.00,0,0
2026-10-09 00:01:08,3zsr,offen,trump,2zM3QpEjbE6RYf8ZeNzdaTTAZJJQzJxV6PWDPBKRNH2n,504.1,3.36063263219e-08,0.8074,0.161479,3586,8,9.81,0.00,0,0
2026-10-09 00:01:08,3zsr,offen,fallout,7gAJBUhr3RPxGRkQQhphUvi4668dBjwpuQ22TwqPnt2h,467.3,3.49182971221e-08,0.9543,0.190853,3628,7,12.37,0.00,0,0
2026-10-09 00:01:08,3zsr,offen,QEPE,BrMHuM7uRbmygmhJMPXQEJxUuJr3xJWqgFoFngvgZHdc,404.7,3.14714201459e-08,0.8915,0.178306,3447,7,7.24,0.00,0,0
2026-10-09 00:01:08,3zsr,offen,Quantum,81cKqDPK7xEGQWvfqBT3mJTvPL7dF5QFcjmWt4uxugEq,383.4,4.21684028758e-08,0.8835,0.176707,4053,32,16.70,0.00,0,0
2026-10-09 00:01:08,3zsr,offen,QUBIT,4Wsk4ezKTweuuMgetUBC3PzcoM9TzB8cky1c68vApR96,380.1,5.33798306487e-08,0.7176,0.143525,4683,24,25.52,0.00,0,1
2026-10-09 00:01:08,3zsr,offen,SKATE3,BZDShqTtTL5EAk38RYSrFUfYM1YBZT4zqRajQz1Wpump,343.7,9.55532160701e-08,1.2902,0.258033,6082,109,21.62,0.00,1,3
2026-10-09 00:01:08,3zsr,offen,Bunker,3WzaZwVmjr3JMWKknJtnEn3R4kaX9pVkwQJmC9fxpump,312.8,7.1407358799e-08,0.8729,0.174590,6234,1060,11.09,0.00,0,0
2026-10-09 00:01:08,3zsr,offen,KOTH,3RRGi7ZcodyqNRNDJEySgCuteuE9AV5MsYjXiZLQpCJH,294.4,6.30853652127e-08,0.9094,0.181887,1771,146,20.71,0.00,0,0
2026-10-09 00:01:08,3zsr,offen,Tiktok,kmNXT7yTqLbNKwYmCHf8A1gAhLB6XgTmiRDv9Udpump,243.4,3.18318518192e-08,0.7831,0.156626,631,63,21.33,0.00,0,0
2026-10-09 00:01:08,C7bF,offen,SPSI,ERvSTRZsoEdM79d9Ajb2KMSnM1uPgamW3BoNgj21teCa,1825.2,3.76949777953e-08,1.0119,0.202384,299,4,10.89,0.00,0,0
2026-10-09 00:01:08,C7bF,offen,KMS,D1sm1V3pHGTv32ugeXoer4a91xqfuh4jJBYQwePSKVez,508.8,3.51526130019e-07,0.1154,0.023075,8750,895,24.56,0.00,1,2
2026-10-09 00:01:08,C7bF,offen,MASSIMO,H6XiYttyMFsKXj6BJzYZMEjhUz6EwymaX4ug35G6pump,268.0,6.02951347895e-08,0.1698,0.033967,1686,146,19.10,0.00,0,0
2026-10-09 00:01:08,77n6,offen,DIP,7KWJEZ9gUA839LqaSj2wgEhsTLCxghfsqFdimrDC98WY,430.6,1.04345860905e-07,0.4563,0.273776,2895,215,23.46,0.00,7,6
2026-10-09 00:01:08,G7b2,offen,SXSI,DQysBW79uHzZAWd2ahVQrf89CuSFqVzuNA3ijHbjVJfG,5635.2,1.80278053591e-06,0.7202,1.152317,24593,1161,28.76,0.00,2,4
2026-10-09 00:01:08,G7b2,offen,SI,DEW9dSN6QpWyNthphCpMmAbZP1Q4cEKR9xQXAri98WDP,5596.0,0.000250717650436,1.1321,3.914165,1807564,55232,16.95,0.00,53,168
2026-10-09 00:01:08,7Cn1,offen,si.gov,7CTRbkV1tVuq1f59pRxT1Pb2W5AHG4gM9FMH4rGzKiXv,4816.5,3.47235603376e-06,1.2733,0.970845,37589,2200,13.68,0.00,3,8
2026-10-09 00:01:08,7Cn1,offen,CRAWL,BXoHJddsWJLHtAopeiSbKUSELsu8hSFMs8baGMDkpump,1564.2,3.93532118989e-05,1.2587,0.566410,458016,9879,15.77,0.00,16,35
2026-10-09 00:01:08,Croco-AC7K,offen,CLAUDIA,2j5SaS7xy776qCBpyPQbZjyQSAtKiFgrwjfErthnW2ZM,1139.7,3.75760240804e-06,0.7378,0.295128,50344,2505,19.67,0.00,5,18
2026-10-09 00:01:08,HoneyBadger-6kfX,offen,phubber,CBcjQNdtgb4SHwKDqKFxD3yPSk7pEMpKHQiMmZrgpump,2980.8,3.58166575426e-06,0.9094,1.818737,43267,2862,21.02,0.00,0,2
2026-10-09 00:01:08,HoneyBadger-6kfX,offen,pup,7HE2WmPoYE7uaA7DKh25N5cUwEcUoiyjwZU9ZeaQpump,2427.0,7.62559954229e-08,0.7446,0.297854,2427,317,24.29,0.00,0,0
2026-10-09 00:01:08,8K7Z,offen,RARI,EFn88CiiFHhihqdr1Y11XBDxbbYarBf1ij92DsrigYwR,2638.4,1.10410160982e-05,0.8339,0.861111,139593,3461,21.13,0.00,5,16
2026-10-09 00:01:08,FKJE,offen,HOOKED,C1mBfBoDkwWfd6uTFZp62ARHLjeVp3bDpCDMfMZtPngE,3402.6,8.45086843663e-05,1.4542,0.445483,1041893,12565,19.30,0.00,21,60
2026-10-09 00:01:08,FKJE,offen,Cartridge,ArenDYANqFNkp8ZqAXt69vT5Dz7WD4zDfSpVw6oPpump,1350.2,1.40650618136e-06,1.4043,0.561728,22990,862,24.43,0.85,1,1
2026-10-09 00:01:08,FKJE,offen,BORDR,6Mix12LiHrQFojaQEnfPUC65Qkwd6X4Y5Qg93oFbordr,589.7,1.15813851117e-05,1.4604,0.584146,128172,3244,14.46,0.00,27,38
2026-10-09 00:01:08,2z7o,offen,WII,Betne2zJWDB3wZufUXhWdaBWFqiMZYiZ6fSxeTwzpump,29.6,1.60002008736e-07,1.1403,0.228055,7857,97,20.33,0.00,1,1
2026-10-09 00:01:08,2z7o,offen,TAVE,7yKXbKZFXRj8imN2jdt4PXrncZkdbPaT7kYLEMMypump,23.1,5.29036961258e-08,0.9199,0.183983,4504,23,24.51,0.05,1,1
2026-10-09 00:01:08,2z7o,offen,Garlic,GK8nbwNuowbZX5d5NRhJ2rRpvazvLZ78GuCXoYUHpump,11.2,6.54864206221e-08,1.0669,0.213386,5032,37,25.59,0.00,1,4
2026-10-09 00:01:08,54QZ,offen,GOBLIN,E2itWssNNRVYSTd7U6Q7y5XVRVJM4eAxG7TGSv5epump,2004.1,2.98464826023e-07,0.7664,0.707793,9249,551,23.45,0.00,0,1
2026-10-09 00:01:08,54QZ,offen,GODS,8nV3xKVvhX7KVnoxVN93ahcvFSecrWovturHggMHruQn,698.5,4.825894975e-07,1.0208,0.312943,9421,541,24.82,0.00,2,0
2026-10-09 00:01:08,54QZ,offen,MARVIN,7HjUj6sghEh964xp1cxf7uUovSsSsuQVdt9jheH3ruqb,415.7,8.47436524194e-08,0.9753,0.195053,4342,52,28.22,0.00,0,0
2026-10-09 00:01:08,DWRA,offen,ZCASH,5n7LRhpGcZQ4Xas2WoxwEiES315cV27bEaZubELrKZ49,103.6,4.60919480794e-08,0.0863,0.034539,3096,26,33.26,0.00,0,0
2026-10-09 00:01:08,CCBV,offen,ZCASH,5n7LRhpGcZQ4Xas2WoxwEiES315cV27bEaZubELrKZ49,103.9,4.60919480794e-08,0.0876,0.035053,3096,26,33.26,0.00,0,0
2026-10-09 00:01:08,Loopierr,schatten,CatCollector,5AgD5tmarU5kgbqHqCgDEMcAHAQAm8muV67xkKs9urps,9472.1,3.51208780574e-08,0.1044,0.020871,129,32,2.94,0.00,0,0
2026-10-09 00:01:08,Loopierr,schatten,SGI,36yTNhb9rfogt4mWxFiTnBeeT9bNXrVdKymAJ3jbvTzM,9321.2,3.18746911577e-08,0.1997,0.039935,3679,6,0.36,0.00,0,0
2026-10-09 00:01:08,6ANG,schatten,ANTHROPIG,25DeVAVF86uAd2wcFewp7F1s6gjZei88Mj4xBzg3AP94,10033.3,1.30021831671e-07,0.5302,0.106046,5356,67,31.18,0.00,0,0
2026-10-09 00:01:08,HEBO,schatten,SI,4qCW74oX82oTeypDzFYYYZ6eJ6yPQVFeX196YpHszJFY,6154.4,2.30451313045e-08,0.4571,0.091424,2303,53,10.81,0.00,0,0
2026-10-09 00:01:08,HEBO,schatten,INCOME,E7mRvAbgZdA6dF7cgXZevkbjd9Yfy5q11XEFnWZfpump,5883.1,5.51656848514e-08,0.8810,0.176203,2010,1258,13.27,0.00,0,0
2026-10-09 00:01:08,HEBO,schatten,GPH,BtmRMRazMTY2KqpbZkdFGrGJSm8rwLG744DV8Webpump,4844.7,3.46306241438e-08,0.4908,0.098155,916,56,21.37,0.00,0,0
2026-10-09 00:01:08,HEBO,schatten,pup,7HE2WmPoYE7uaA7DKh25N5cUwEcUoiyjwZU9ZeaQpump,4844.2,7.62559954229e-08,0.6988,0.139750,2427,317,24.29,0.00,0,0
2026-10-09 00:01:08,HEBO,schatten,ACTII,41QF43mQKs1Qm51xK7uQWjxRA9oZ6S5mBVYveR4wLfzx,1971.6,3.44224017628e-08,0.5763,0.115269,791,53,20.38,0.00,0,0
2026-10-09 00:01:08,HEBO,schatten,TITS,DPVNMLe7zXsrg8Y9rMyPmxBG31qqo3v9FyWChbKQpump,1969.5,6.77156391662e-08,1.4301,0.228818,1928,34,27.67,0.00,0,0
2026-10-09 00:01:08,HEBO,schatten,TITS,C21p56TNF1Ec8BmyMkmLnwX56G3TzgYvzqMMVUPL7Fcm,1966.7,2.6683729492e-08,0.6813,0.136254,486,109,13.79,0.00,0,0
2026-10-09 00:01:08,HEBO,schatten,DICK,CN2hyxJgVbcnTC7jDhXuoJhZYA8aZ82LYwjM6MbU1Sen,725.3,2.56985255068e-08,0.1650,0.032994,415,55,7.59,0.00,0,0
2026-10-09 00:01:08,HEBO,schatten,b,GQhGVgVSEreBxFi6p68M5sEKn2KirzZMDfoj6BpbVnoY,720.0,7.4533908296e-08,0.1450,0.028993,2103,72,19.55,0.00,0,0
2026-10-09 00:01:08,Troupe,schatten,CLAUSE,EWKyN7QHfJo41ikKqpo8R5gwEvryytKo9Vf7NF39U1GC,4529.9,1.95202963622e-08,0.0565,0.011292,2085,24,2.31,0.00,0,0
2026-10-09 00:01:08,4DOV,schatten,TRADE,Euz6EjyubNjJmCkahGEfCXmnCwNVLunxc1LZWsmV3wKf,3042.0,2.99303638581e-08,0.0223,0.004460,706,184,16.73,0.00,0,0
2026-10-09 00:01:08,4DOV,schatten,pear,6UCR8nmHZGauct3tKfismdYuLFemB6iMtuKEGycq7wCX,332.5,1.01689495676e-07,0.0292,0.002919,5197,1022,24.11,0.00,0,4
2026-10-09 00:01:08,Cooker,schatten,X7,CdhZy8wrRxNxoV8HtoByXKN7mvS46avtuZ1b39tKfx7,10135.1,2.53906243325e-06,0.2508,0.050168,48120,1748,21.04,0.00,0,0
2026-10-09 00:01:08,Cooker,schatten,9e9,HZ4qZQJ7yf6WR1D24GLRLJ3cKUfgtJEF3B7SdLMLvCPZ,8865.6,3.27716318435e-08,0.0381,0.015234,918,251,12.98,0.00,0,0
2026-10-09 00:01:08,Gake,schatten,MINEPAD,2EUKLvNQ63YCmjSDyJ14Tzj7ASeHGXgseYWrKAa2mine,11014.7,6.7793914942e-07,0.3997,0.067952,15033,681,21.77,0.00,0,0
2026-10-09 00:01:08,Gake,schatten,TERRA,JD3d8mxEJ91LHZSuwVLquFAKdo5PbEeLCUevjjDsPdRe,9732.2,8.55913763626e-08,0.0629,0.012586,2496,111,29.73,0.00,0,0
2026-10-09 00:01:08,Gake,schatten,SHITCOIN,4BxBot4K36N3ZZkpB9sqEocy5iBi8cUttK6s8YbHH9Jo,8224.4,5.96830027311e-08,0.0634,0.012688,1735,105,37.14,0.00,0,0
2026-10-09 00:01:08,Gake,schatten,FROGE,6R1F4sNySF4NKGdhW3UhESWuYYRu4Cehk5rn3mGP375R,8213.6,4.90353215615e-08,0.0462,0.009239,1584,333,24.02,0.00,0,0
2026-10-09 00:01:08,Gake,schatten,GENESIS,CSEd3Pi5WZL7w5vmwNjDVXv8poAqSv2Dn1as1erUpump,5567.6,6.58322614713e-08,0.0136,0.002723,2369,766,17.87,0.10,1,2
2026-10-09 00:01:08,Gake,schatten,OATH,2RSsw9tntE1RmoiPnNFiu93EzQu2eLnCAzvZiqMSoatH,5551.5,1.06800148477e-06,0.9584,0.191673,15082,379,26.08,0.00,2,1
2026-10-09 00:01:08,Gake,schatten,IMAGINE,EpFTb2XcGiMyGLykZ9VYmyPWz2AHEwAggqSbwJpypump,5179.4,2.54918589085e-06,0.9539,0.190771,26915,785,37.75,9.37,0,0
2026-10-09 00:01:08,Dior,schatten,CAESAR,8cp1WhUDxTbfX8nDe1kAB1ogPUyQvUSKgzFz365LbQyZ,3983.9,2.47695711425e-07,0.1073,0.021452,7934,1388,21.31,0.00,1,2
2026-10-09 00:01:08,Dior,schatten,ClapCat,5BjfgmtfqvNpAWx1CnZynoWLWNMnrwHLhTFzQ81vkEc8,2155.0,1.68496030185e-06,0.4803,0.096055,24220,846,26.36,0.00,1,5
2026-10-09 00:01:08,Dior,schatten,Gunner,7thxAzq4B9KwPe4NqMNAntF2Njgqb9FTKQb4z6fYpump,857.6,5.65593172351e-07,0.5909,0.118187,10101,1019,19.84,0.00,13,4
2026-10-09 00:01:08,Dior,schatten,vamp,H72pex1VtfY2M7v2Tfk9D9PgvCocRuFN3owCveERSa4s,100.0,2.94855348782e-06,4.7215,0.849870,33355,1118,20.75,0.00,167,447
2026-10-09 00:01:08,C7bF,schatten,Pao,3K2vx7ww6dNcHViJStztSJvTQZWaMkYrYnTop5178iR2,351.1,5.85783326152e-08,0.9506,0.190115,1617,93,31.05,2.56,0,0
2026-10-09 00:01:08,koko,schatten,MAJOR,7AUzu756Pp3Cg3NByuKfcRSAFFt31kjC6U6R1npkiA1Q,7384.2,1.63530740089e-07,3.5800,0.715991,4171,159,30.33,0.00,0,0
2026-10-09 00:01:08,77n6,schatten,DIP,7KWJEZ9gUA839LqaSj2wgEhsTLCxghfsqFdimrDC98WY,436.6,1.04345860905e-07,0.2296,0.045930,2895,215,23.46,0.00,7,6
2026-10-09 00:01:08,499R,schatten,COIN,J7bhFegCHZAeRzdYDwmbSp1CJ1bDJkutSg26B4SXpump,10.5,3.51964547812e-06,0.9497,0.379872,55454,2698,20.63,0.00,382,1069
2026-10-09 00:01:08,DWRA,schatten,ZCASH,5n7LRhpGcZQ4Xas2WoxwEiES315cV27bEaZubELrKZ49,104.0,4.60919480794e-08,0.0950,0.019006,3096,26,33.26,0.00,0,0
2026-10-09 00:01:08,CCBV,schatten,ZCASH,5n7LRhpGcZQ4Xas2WoxwEiES315cV27bEaZubELrKZ49,103.9,4.60919480794e-08,0.0950,0.019001,3096,26,33.26,0.00,0,0
2026-10-09 00:02:17,Loopierr,offen,GARP,FKPdKiZBYMU2MwHXKjyhgV6ozSh2APzvvr3ZBwFCfSHo,12246.0,2.61799976046e-08,0.0411,0.008227,552,145,10.92,0.00,0,0
2026-10-09 00:02:17,6ANG,offen,OpenSI,5ptkVdbpaPpEJPPVXE5CpJNCXEmAidyot5TQcDDawMzm,11973.6,9.45286305674e-07,2.2135,1.651827,15053,1169,21.98,0.00,1,0
2026-10-09 00:02:17,6ANG,offen,ANT,BTZK1B3pCoBDD1vy5e4bDBM4bwvvhkKUMTuKABkGWwGp,10034.6,4.14659182752e-07,1.0751,0.645086,9926,92,27.37,0.00,0,0
2026-10-09 00:02:17,6ANG,offen,ANTHROPIG,25DeVAVF86uAd2wcFewp7F1s6gjZei88Mj4xBzg3AP94,10034.4,1.30021831671e-07,0.5333,0.213326,5356,67,31.18,0.00,0,0
2026-10-09 00:02:17,9LXM,offen,SGI,FcZcFjfNPJR9rycZS1FwkiEgQTW7ZWRjdSaBdJ6M9ha6,11828.6,9.71021346325e-08,0.0638,0.025500,5136,340,23.03,0.00,0,0
2026-10-09 00:02:17,HEBO,offen,goon,HSUMi4rMgjrx7zRUabw3ogGu1pa5hmF2eVcXj9Apump,12060.6,5.24622754373e-07,0.6424,0.462845,13373,2839,17.60,0.00,1,1
2026-10-09 00:02:17,HEBO,offen,Tico,35ccP7zmf4THJsDn3UtozYcWm1U8nzhyHcTgK3ETpump,11995.3,3.55740167966e-08,0.5948,0.118963,3890,29,7.17,0.00,0,0
2026-10-09 00:02:17,HEBO,offen,ArmyX,F7y94q8QvGKNCrGt6E5pgQ7ABBkQK4QkqEBGs9Y5ZFFk,9382.5,3.39434365228e-08,0.1267,0.101351,3122,57,15.71,0.00,0,0
2026-10-09 00:02:17,HEBO,offen,ZUCKS,2eBJvNnn7guSjX1yuE7seuDY9pveDiHkfoyeBh2WZroS,9116.8,2.25670528051e-08,0.3451,0.049696,2313,35,7.97,0.00,0,0
2026-10-09 00:02:17,HEBO,offen,TRUMPTV,34w4t74EsbJyBBSyYBFyNo65Ft7Ax8BF3HrubL1mwbpL,9022.0,2.02702561835e-08,0.1554,0.031080,2126,89,5.45,0.00,0,0
2026-10-09 00:02:17,HEBO,offen,pill,DvdmEnztCmXwBnAbedD48XVGZJSxq31zNvnyftXdpump,7958.0,1.75117100546e-05,0.9998,2.599387,218620,6054,21.87,0.00,4,5
2026-10-09 00:02:17,HEBO,offen,PUMPCAT,G4vqe8KAcRGTb7Kc55n9sz43aR4ugTPdSeUnAXZhpump,7957.7,3.58643286754e-06,1.7002,0.340043,47291,1290,24.73,0.00,0,0
2026-10-09 00:02:17,HEBO,offen,CUPTOBER,EKgswaMnRSJHmyFZCbxscTAjiR2bH1oLXsftepUGsPtz,7794.6,4.85582767998e-08,0.5903,0.236118,4854,28,13.44,0.00,0,0
2026-10-09 00:02:17,HEBO,offen,Scronkfinkle,DaUFkgZjwJCsM9QDWCsxtZS2omgHS3Fn9GHgTX5wwpcX,6532.3,5.05305209669e-08,0.4971,0.298283,1393,100,22.82,0.00,0,0
2026-10-09 00:02:17,HEBO,offen,Eagle,E3pWKtfQk6LLZpRWVTjJwrMY4vFa9umLYDPxWJtZSTNK,6508.8,2.68539743351e-08,0.1419,0.128523,2674,73,12.02,0.00,0,0
2026-10-09 00:02:17,HEBO,offen,Caviar,F7ktJWjMtubD8zwv5xMb35g5hPTvGQSDMS8UGcwXpump,5888.1,1.07600654007e-07,0.6861,0.274454,3086,85,27.76,0.00,1,1
2026-10-09 00:02:17,HEBO,offen,TIT,3KM7dvpUk2Wm8qdXtZpBJHgic4bAaz1MTDHvUEjKpump,5862.7,2.17280152256e-07,0.5753,0.575337,5934,129,26.88,0.00,0,0
2026-10-09 00:02:17,HEBO,offen,MIM,6bJtwhtvzkthAYszQ3ZWkFJzSvbGSkbAz9yPcSiXaGK6,5862.1,1.64716798404e-07,1.3025,0.260500,4881,192,27.38,0.00,0,1
2026-10-09 00:02:17,HEBO,offen,Taste,93FWFR63nwQcq5zuXNmTits5BYcKFjmUZzccMvhmpump,5861.7,1.16009552439e-07,1.2925,0.516988,8801,38,24.15,0.00,0,0
2026-10-09 00:02:17,HEBO,offen,GPH,H1hFymzkRE7CAdxEuBWYknvsTCgoDXAqPKFU94iPpump,5856.0,4.86009292161e-08,0.9197,0.183949,867,68,10.72,0.00,0,0
2026-10-09 00:02:17,HEBO,offen,TIT,Ar3QBegnCQr6ZFyN9h637ar9JCxZRvdboiR1QzMrpump,4849.8,1.80181876894e-07,0.6084,0.973462,4688,281,37.63,0.00,0,3
2026-10-09 00:02:17,HEBO,offen,AVERY,8QFGVLXehnTv28eMdXZkhY5d84SVF58LAfRGx8zWpH9b,4786.7,3.09223918386e-08,0.1726,0.034526,2601,220,19.30,0.00,0,0
2026-10-09 00:02:17,HEBO,offen,APU,HoCeDUrd5BqfYmaRk2eiUpzshEvpwfYpgrJ4YKFCpump,3585.5,1.38439126906e-07,0.7733,0.154667,4473,257,26.35,0.00,0,0
2026-10-09 00:02:17,HEBO,offen,APU,E7eCZS2cq655qJ7uVx3dSHR2zK31kwNQsWS6P6Hpump,3585.3,1.70104546421e-06,2.3795,2.379525,18551,452,27.05,0.00,1,3
2026-10-09 00:02:17,HEBO,offen,COCKROACH,H4KUxsEgCp2yDpFvyDuGM5k6XevSKKrrKUxZ3Zr6nyJc,3580.5,1.06154598805e-05,1.5679,2.822134,91844,3657,19.17,0.00,4,2
2026-10-09 00:02:17,HEBO,offen,MDOG,F5zC2QoP6j2erxNyf4z6iNCi6X6AkburMC2Xofhxpump,3359.8,8.22486488816e-08,0.9644,0.192885,3212,1642,17.78,0.00,0,0
2026-10-09 00:02:17,HEBO,offen,SI,8ALHRuN5q4MHRaKPdiXi7cHyVWicZVwQx2TBTCH8GZ4h,3115.2,1.58629835702e-07,1.4979,0.299586,4293,68,23.06,0.00,0,0
2026-10-09 00:02:17,HEBO,offen,PHASEONE,GfawjB4Fxz389kECjrrnsdS8MKb9hMgALonJddGQasHL,1981.0,2.50991119047e-08,0.4269,0.085381,406,71,10.53,0.00,0,0
2026-10-09 00:02:17,HEBO,offen,TITS,GLsHzxjtktCKzAA8LEEfXJ5UF2Jdsj161e5Duh3tkzga,1967.7,3.64005655965e-08,0.6703,0.134054,1115,484,16.26,0.00,0,0
2026-10-09 00:02:17,HEBO,offen,AI,4AvWfTKcEFqwRjxBnoyWRY7wF7UV9cqH3492UFKHpump,1944.0,4.44535185366e-08,0.6454,0.129078,1196,54,21.25,0.00,0,1
2026-10-09 00:02:17,HEBO,offen,INSTADOCS,AMj8gG4mXckBoaT5mGQDwriKUqJtEApNg2CuXw6Ypump,1943.8,5.80382397748e-08,1.2104,0.242070,1618,21,23.26,0.00,0,0
2026-10-09 00:02:17,HEBO,offen,DICK,CN2hyxJgVbcnTC7jDhXuoJhZYA8aZ82LYwjM6MbU1Sen,726.9,2.56985255068e-08,0.1469,0.117509,415,55,7.59,0.00,0,0
2026-10-09 00:02:17,HEBO,offen,b,Cr8kuNqKwiVVuzqLYKcJhmpSHy767837BwLFr9GDYXUf,721.5,5.99618425465e-08,0.3286,0.131453,1776,274,23.89,0.00,0,2
2026-10-09 00:02:17,HEBO,offen,DICK,3b1yu2Xz3qYJSrsKxnRKPgQCxTD7QWjdL2UZKQd63hXv,720.8,3.14900338991e-08,0.2322,0.092879,3537,9,4.59,0.00,0,0
2026-10-09 00:02:17,HEBO,offen,b,GQhGVgVSEreBxFi6p68M5sEKn2KirzZMDfoj6BpbVnoY,708.6,7.4533908296e-08,0.6418,0.256702,2103,72,19.55,0.00,0,0
2026-10-09 00:02:17,HEBO,offen,Thing,2YScUrXEdNzChj7U76CQ41UadmKjzx33cTcfQyLtpump,706.5,3.51932780143e-08,0.9211,0.184228,3732,15,10.41,0.00,0,0
2026-10-09 00:02:17,HEBO,offen,RARI,EFn88CiiFHhihqdr1Y11XBDxbbYarBf1ij92DsrigYwR,586.4,1.14170254882e-05,1.7240,2.413560,139821,3464,21.13,0.00,9,22
2026-10-09 00:02:17,HEBO,offen,Macca,8m2HLRPyaHV2h2xPj6FxJyxocCqXdf8msP51VUhzpump,477.9,1.95835926956e-07,1.0104,0.202073,4450,62,28.62,0.00,0,0
2026-10-09 00:02:17,Troupe,offen,PUMP,pumpCmXqMfrsAkQ5r49WcJnRayYRqmXz6ae8H7H9Dfn,10185.1,5.07024351606e-05,1.0458,0.009456,41369009,320294,59.34,0.00,118,572
2026-10-09 00:02:17,Troupe,offen,homo,42AtRP5d3ySBj9iveMYeD23kkmN3HEZFwUzs1YKvkPA9,8532.6,2.23721418728e-08,0.0602,0.010547,252,146,3.18,0.00,0,0
2026-10-09 00:02:17,Troupe,offen,PUMPE,9fJAWKQpkY93hfuZxrHfh5wEh2AV9vjkWNQfzfbziHd2,8405.8,5.44160692905e-06,0.1969,0.236308,42242,2247,18.17,0.80,2,0
2026-10-09 00:02:17,Troupe,offen,HOLD,6REnZgtxhwdSAHczAp4J5PRsGQYQt7T3x4kEDyfs9U7y,8362.8,2.47914395721e-08,0.0143,0.002855,549,467,2.94,0.00,0,0
2026-10-09 00:02:17,Troupe,offen,THICC,3QEbHMK6ceYevtaCdLmBQMJgcPb9PJQpgyFBP6f6x6Rg,5707.4,1.4149540778e-08,0.0658,0.013160,1486,8,4.02,0.00,0,0
2026-10-09 00:02:17,Troupe,offen,CLAUSE,EWKyN7QHfJo41ikKqpo8R5gwEvryytKo9Vf7NF39U1GC,4531.1,1.95202963622e-08,0.0801,0.016030,2085,24,2.31,0.00,0,0
2026-10-09 00:02:17,Troupe,offen,TESTla,TESZBZpTRGUDriZQg72kYre1Vozyp2de7Z6o5JUtdRA,2877.9,0,0.0000,0.000000,1,38,3.55,0.04,0,0
2026-10-09 00:02:17,4DOV,offen,BOT,Aaan4fxwhKtUUPg2GSKq6natLV9oj9QQNf5xT4UE2gXr,9832.1,3.11974905766e-08,0.0366,0.007324,806,314,15.16,0.00,0,0
2026-10-09 00:02:17,4DOV,offen,PUDU,8HQgEcbhR5Xoh735zvndAocCLd7wdAYJfWHV55J8pump,8383.2,2.78326671033e-08,0.0132,0.005281,573,423,13.10,0.00,0,0
2026-10-09 00:02:17,4DOV,offen,Aiden,9dSMwFfPezQ8WPcW1uZV7ns4rcviEj2LssSAg75WBLXd,6944.0,4.59093635302e-07,0.0326,0.014685,11546,3043,20.89,0.00,0,0
2026-10-09 00:02:17,4DOV,offen,SPLICE,7bC8ugu1ZJn21MhA4ht483nX8brLNesa8R7XLimpFyhq,6187.5,4.65168155645e-07,0.0294,0.017645,11626,2525,25.94,0.03,0,2
2026-10-09 00:02:17,4DOV,offen,Ash,4jxyespUyvDxg1cN1NMCWErHGGyPrBdEzPiDobLBmttL,5869.8,4.25651531618e-08,0.1063,0.021269,1049,21,2.44,0.00,0,0
2026-10-09 00:02:17,4DOV,offen,www,GAwhcphCqCv5bKHmCiN4VDdNWfbXJL4npmkc8L3Q9S9H,5719.2,7.63888373938e-07,0.0731,0.029242,24441,6258,20.41,0.00,5,2
2026-10-09 00:02:17,4DOV,offen,ACTII,DYjM6f2R34Qp4jPE73HsdEVZwwcQFCsokpNYCqBUpump,5647.0,2.25532580646e-07,0.0427,0.012797,5989,1060,23.43,0.00,1,1
2026-10-09 00:02:17,4DOV,offen,BANANA,G7JkKqGb69cCWC2XkDXc8LG8qbifTkCKpsAcr6kApump,5530.8,2.86786306916e-08,0.0275,0.005491,610,180,15.89,0.00,0,0
2026-10-09 00:02:17,4DOV,offen,JITI,6YuVyHbjdwxiH1CLCSusP9yjXmsVvQfcTbSSPcFuXDew,4969.8,4.66281318225e-08,0.0395,0.007905,1774,781,17.80,0.00,0,0
2026-10-09 00:02:17,4DOV,offen,QINU,4unydQjvYdqR31pkuBYGu2nGst8r8j5XMW8KXRXtpump,4733.4,3.493746546e-08,0.0210,0.008392,986,519,12.45,1.06,0,0
2026-10-09 00:02:17,4DOV,offen,NOLLA,CXw5hY3BMi87DTa99ekZgwxuvu7pQ2FUQVecs3SvJLD9,4553.6,2.95967567703e-08,0.0265,0.005296,684,316,15.30,0.00,0,0
2026-10-09 00:02:17,4DOV,offen,TRANNIE,BvLqum9qd4TWQ1c9WPmLYMvxxzoXUjsFycVffvjyq16,4472.7,2.53708629031e-08,0.1084,0.021686,377,108,11.98,0.00,0,0
2026-10-09 00:02:17,4DOV,offen,OTC,MukLDtJ8Cx9DxLbeyLRSWPSposTMWuwHANbuaudpump,4020.0,8.46210271635e-05,0.7939,0.018251,509235,20667,25.81,0.00,10,41
2026-10-09 00:02:17,4DOV,offen,TRADE,Euz6EjyubNjJmCkahGEfCXmnCwNVLunxc1LZWsmV3wKf,3043.4,2.99303638581e-08,0.0239,0.009576,706,184,16.73,0.00,0,0
2026-10-09 00:02:17,4DOV,offen,Human,8nPoBHiBM6pybxMws9PA2JRb9BjkppBfqcZGmot4DMBC,1872.2,1.57589009789e-06,0.3706,0.005052,33261,5378,24.18,0.00,0,5
2026-10-09 00:02:17,4DOV,offen,HSM,2856wfnQ27LH23yKeFHJ4XQpQ2bsw4sen8RqyW5Wpump,1729.0,3.74370418684e-08,0.0824,0.032972,1385,542,15.92,0.00,0,1
2026-10-09 00:02:17,4DOV,offen,QPEPE,BwVrWfDgT6UFpJsfH7J8bqtRu8vekE2w1GyEAEuZKa9R,364.4,2.12849737905e-07,0.3973,0.317813,6795,165,27.59,0.00,3,1
2026-10-09 00:02:17,4DOV,offen,OP_CAT,4QV31UeJJyUVWP2f1qgEz8gUPkf6WyPZyAmGdT8UD8Ld,347.1,2.97706981368e-07,0.2434,0.048687,6291,345,23.76,0.00,2,10
2026-10-09 00:02:17,4DOV,offen,pear,6UCR8nmHZGauct3tKfismdYuLFemB6iMtuKEGycq7wCX,334.5,1.01689495676e-07,0.0466,0.012857,5197,1022,24.11,0.00,0,3
2026-10-09 00:02:17,4DOV,offen,INU,AACtroE9u7vTbLWBbMtkPx4bK79YYxBHgb8tfd1Apump,327.7,6.37674675334e-08,0.0456,0.009125,2529,847,25.21,0.00,17,1
2026-10-09 00:02:17,4DOV,offen,Alcebíades,7CWUYu169uBLva1PEjWXG2m12XU5nFe2dR454FmCpump,128.8,3.91053905593e-07,0.1425,0.014253,7707,493,23.18,0.00,5,9
2026-10-09 00:02:17,Cooker,offen,SI,DEW9dSN6QpWyNthphCpMmAbZP1Q4cEKR9xQXAri98WDP,10357.1,0.000252612990304,0.7443,0.446570,1806539,55222,16.95,0.00,43,189
2026-10-09 00:02:17,Cooker,offen,HOOKED,C1mBfBoDkwWfd6uTFZp62ARHLjeVp3bDpCDMfMZtPngE,8903.4,8.50575104438e-05,0.7786,1.647829,1042036,12571,19.30,0.00,28,83
2026-10-09 00:02:17,Gake,offen,CURVE,7ioeSgzfSKHMnpgfPpgRFsekMBGiu9oi6t6GeqYtNbbh,11045.9,1.65913900793e-06,0.4795,0.095909,101625,1103,14.73,0.07,1,0
2026-10-09 00:02:17,Gake,offen,SDOG,yFcTuQJCMsd1Asya15GZ7h4KGdxsujRLcUiTWWXpump,10859.3,4.1444556032e-07,0.0555,0.011107,10221,1533,21.11,0.00,5,7
2026-10-09 00:02:17,Gake,offen,OP,5PiBn5JdjJDnRGziiSfsu2affgBR3DyTTCR3CHpcode,10796.6,2.56302389118e-07,0.0706,0.014117,8447,1380,23.08,0.00,0,3
2026-10-09 00:02:17,Gake,offen,PURPS,purpFPo5voy6fEu8jxSCwVdMs1zyYEYAH6FBQvTYCZK,8514.4,1.67440175967e-06,0.5874,0.117484,24667,2253,31.58,0.00,1,1
2026-10-09 00:02:17,Pikalosi,offen,Miu,7LNFZcNigZay5U9e2sq6n2Z4iM8BC2Dd53L14pwvpump,9020.9,4.92187927249e-07,1.1793,0.235850,14899,799,21.50,0.00,0,0
2026-10-09 00:02:17,Dior,offen,OTC,MukLDtJ8Cx9DxLbeyLRSWPSposTMWuwHANbuaudpump,9346.8,8.46210271635e-05,1.2489,6.850946,509235,20667,25.81,0.00,10,41
2026-10-09 00:02:17,Dior,offen,TripleT,J8PSdNP3QewKq2Z1JJJFDMaqF7KcaiJhR7gbr5KZpump,8474.9,5.90305445116e-05,0.9527,0.381064,348748,24798,18.98,0.00,6,25
2026-10-09 00:02:17,Dior,offen,Kirkslop,8m5hzX9hprtWwPuVZL4daCZfggWYKc6fhSJDDpiqpump,8154.2,6.14575023048e-07,0.9354,0.561219,13555,393,28.14,0.00,0,0
2026-10-09 00:02:17,Dior,offen,COCKROACH,H4KUxsEgCp2yDpFvyDuGM5k6XevSKKrrKUxZ3Zr6nyJc,4993.4,1.06154598805e-05,1.1400,3.192029,91844,3657,19.17,0.00,4,2
2026-10-09 00:02:17,Dior,offen,CAESAR,8cp1WhUDxTbfX8nDe1kAB1ogPUyQvUSKgzFz365LbQyZ,3963.2,2.47695711425e-07,0.1236,0.346166,7934,1388,21.31,0.00,1,1
2026-10-09 00:02:17,Dior,offen,ClapCat,5BjfgmtfqvNpAWx1CnZynoWLWNMnrwHLhTFzQ81vkEc8,2148.4,1.85226703265e-06,0.6776,0.813072,25646,846,26.36,0.00,2,8
2026-10-09 00:02:17,Dior,offen,Gunner,7thxAzq4B9KwPe4NqMNAntF2Njgqb9FTKQb4z6fYpump,855.2,5.49492652618e-07,0.5153,2.576472,9942,1014,19.84,0.00,13,12
2026-10-09 00:02:17,Dior,offen,OpiumBird,HmCxqpgxaQng3A73F7vLgJjc9sr6ACFt8CEJwWY2hMGR,663.8,2.64867228241e-06,1.0333,0.413309,33843,2414,30.70,0.00,0,0
2026-10-09 00:02:17,Dior,offen,vamp,H72pex1VtfY2M7v2Tfk9D9PgvCocRuFN3owCveERSa4s,95.8,2.80435590653e-06,5.3413,2.136540,31371,1141,20.75,0.00,183,510
2026-10-09 00:02:17,3zsr,offen,Sapijiju,8Fs2YLsayR4awLB79nMM3QCpG3pqvcAGP7hHb8fX4L2G,8845.9,1.09822130341e-07,1.0247,0.204949,3494,367,25.65,0.00,1,0
2026-10-09 00:02:17,3zsr,offen,EZRA,4qTqqkexQCEP2m8UrDWXACHpA8bEkGxpNJrDPMNcfHKQ,4182.6,3.56594266423e-08,1.0795,0.215896,3889,6,7.67,0.00,0,0
2026-10-09 00:02:17,3zsr,offen,ELONMUSK,5QmEgE9rK3aB1SDi7mK7rXPt2QHe7FRT69zbb2X2iSip,4182.4,3.45326999498e-08,1.0068,0.201368,3775,5,12.21,0.00,0,0
2026-10-09 00:02:17,3zsr,offen,HIGCAT,52sQ5kFhaTD6NsfN4oKreHZAwxrxgUo129ZCG3EBsVhv,4182.2,3.37673587869e-08,0.9528,0.190552,3726,6,6.49,0.00,0,0
2026-10-09 00:02:17,3zsr,offen,GIA,4FuWREkDYG1chHxHfgmUv3AN1iLPUi42Er6UboWUJKwU,4181.8,3.34247824296e-08,0.9365,0.187299,3669,8,7.03,0.00,0,0
2026-10-09 00:02:17,3zsr,offen,Sworddog,2QLpYwa5tzMjGBZWCmu9WHEPTNPH65w7xeFHSU1Hpump,3609.5,3.75660964607e-08,0.9482,0.189645,3846,16,15.41,0.00,0,0
2026-10-09 00:02:17,3zsr,offen,TRUMP,AYLh1Bgthdgego4EBAJQZtzXiQ6b1EbrPWES5V1vjhzV,3494.2,3.17884956725e-08,0.5127,0.051271,665,82,17.07,0.00,0,0
2026-10-09 00:02:17,3zsr,offen,RUGRUN,2VFjLcouktUNWRsZVkdiJ57nmRZR8HTJjKzDkZ3mbN8f,3467.0,3.50774091408e-08,1.0240,0.204798,3866,5,6.69,0.00,0,0
2026-10-09 00:02:17,3zsr,offen,HOUS,4pZQCY4HLpeYyJJ48yu7Z49B4G1Z7B1ZH3YdvVfNqKGn,3466.8,3.74788091122e-08,0.9093,0.181858,3758,14,15.47,0.00,0,0
2026-10-09 00:02:17,3zsr,offen,OWL,vEtdEEWyX8SS5ZrRZjtT3WzV8bdLS13t5Uvg7YLpump,574.3,3.2766417542e-08,0.9720,0.194402,3519,16,9.17,0.00,0,0
2026-10-09 00:02:17,3zsr,offen,BCAT,6rtt3rgrgRYbgWDkMGLZmNjjMAkyTquqVZTkhYzn6xdB,548.8,3.33748485042e-08,0.9526,0.283045,3591,8,9.00,0.00,0,0
2026-10-09 00:02:17,3zsr,offen,PQCINU,26UJpU6dCjGJQjaUodSB8V7bzYjdTWZrDyN8jtXfL8Vf,540.2,3.14874055768e-08,0.9158,0.183154,3398,6,8.70,0.00,0,0
2026-10-09 00:02:17,3zsr,offen,PDOG,Dj9fsUKStiepdQdXzBLcHr59FnR58pAyc6XnXi4eZrCr,530.0,3.24939082906e-08,0.8665,0.173291,3519,5,8.35,0.00,0,0
2026-10-09 00:02:17,3zsr,offen,SKATE,Wwn74emwczd4bWNp4j1EnQCt299pedr1uEacqsgwerk,514.5,4.03753503579e-08,0.9502,0.190033,3949,48,14.87,0.00,0,0
2026-10-09 00:02:17,3zsr,offen,STREETCRAFT,5y4eGSBuc43Z3g9mDrPa8Z7w9VMdRYEWK3zfPRpRuhwi,512.9,2.54554585581e-08,0.8883,0.177661,423,109,9.76,0.00,0,0
2026-10-09 00:02:17,3zsr,offen,QCAT,5Q8D4128ZqRiXb8ivCKMVtWaLpC23cssosiTNQVeGgQM,508.0,3.72070344008e-08,0.7365,0.147298,3735,17,14.71,0.00,0,0
2026-10-09 00:02:17,3zsr,offen,trump,2zM3QpEjbE6RYf8ZeNzdaTTAZJJQzJxV6PWDPBKRNH2n,505.2,3.36063263219e-08,0.8074,0.161479,3586,8,9.81,0.00,0,0
2026-10-09 00:02:17,3zsr,offen,fallout,7gAJBUhr3RPxGRkQQhphUvi4668dBjwpuQ22TwqPnt2h,468.5,3.49182971221e-08,0.9543,0.190853,3628,7,12.37,0.00,0,0
2026-10-09 00:02:17,3zsr,offen,QEPE,BrMHuM7uRbmygmhJMPXQEJxUuJr3xJWqgFoFngvgZHdc,405.9,3.14714201459e-08,0.8915,0.178306,3447,7,7.24,0.00,0,0
2026-10-09 00:02:17,3zsr,offen,Quantum,81cKqDPK7xEGQWvfqBT3mJTvPL7dF5QFcjmWt4uxugEq,384.6,4.21684028758e-08,0.8835,0.176707,4053,32,16.70,0.00,0,0
2026-10-09 00:02:17,3zsr,offen,QUBIT,4Wsk4ezKTweuuMgetUBC3PzcoM9TzB8cky1c68vApR96,381.3,5.33798306487e-08,0.7176,0.143525,4430,24,25.52,0.00,0,1
2026-10-09 00:02:17,3zsr,offen,SKATE3,BZDShqTtTL5EAk38RYSrFUfYM1YBZT4zqRajQz1Wpump,344.8,8.26210700497e-08,1.1156,0.223111,6082,104,21.62,0.00,1,8
2026-10-09 00:02:17,3zsr,offen,Bunker,3WzaZwVmjr3JMWKknJtnEn3R4kaX9pVkwQJmC9fxpump,314.0,7.1407358799e-08,0.8729,0.174590,6234,1060,11.09,0.00,0,0
2026-10-09 00:02:17,3zsr,offen,KOTH,3RRGi7ZcodyqNRNDJEySgCuteuE9AV5MsYjXiZLQpCJH,295.6,6.30853652127e-08,0.9094,0.181887,1771,146,20.71,0.00,0,0
2026-10-09 00:02:17,3zsr,offen,Tiktok,kmNXT7yTqLbNKwYmCHf8A1gAhLB6XgTmiRDv9Udpump,244.6,3.18318518192e-08,0.7831,0.156626,631,63,21.33,0.00,0,0
2026-10-09 00:02:17,C7bF,offen,SPSI,ERvSTRZsoEdM79d9Ajb2KMSnM1uPgamW3BoNgj21teCa,1826.4,3.76949777953e-08,1.0119,0.202384,299,4,10.89,0.00,0,0
2026-10-09 00:02:17,C7bF,offen,KMS,D1sm1V3pHGTv32ugeXoer4a91xqfuh4jJBYQwePSKVez,510.0,3.51526130019e-07,0.1154,0.023075,8750,895,24.56,0.00,0,0
2026-10-09 00:02:17,C7bF,offen,MASSIMO,H6XiYttyMFsKXj6BJzYZMEjhUz6EwymaX4ug35G6pump,269.1,6.02951347895e-08,0.1698,0.033967,1686,146,19.10,0.00,0,0
2026-10-09 00:02:17,77n6,offen,DIP,7KWJEZ9gUA839LqaSj2wgEhsTLCxghfsqFdimrDC98WY,431.8,1.04345860905e-07,0.4563,0.273776,2895,215,23.46,0.00,2,6
2026-10-09 00:02:17,G7b2,offen,SXSI,DQysBW79uHzZAWd2ahVQrf89CuSFqVzuNA3ijHbjVJfG,5636.3,1.7918769852e-06,0.7158,1.145348,24523,1161,28.76,0.00,2,4
2026-10-09 00:02:17,G7b2,offen,SI,DEW9dSN6QpWyNthphCpMmAbZP1Q4cEKR9xQXAri98WDP,5597.1,0.000252612990304,1.1407,3.943755,1806539,55222,16.95,0.00,43,189
2026-10-09 00:02:17,499R,offen,bracat,FZ9BqVmfANPMMD6DogBmkn9uXBPqivNhr1Gu1awGgprS,0.5,8.57139178161e-07,0.9423,0.188451,16941,539,22.24,0.00,31,87
2026-10-09 00:02:17,7Cn1,offen,si.gov,7CTRbkV1tVuq1f59pRxT1Pb2W5AHG4gM9FMH4rGzKiXv,4817.7,3.51639556679e-06,1.2894,0.983159,37586,2200,13.68,0.00,4,10
2026-10-09 00:02:17,7Cn1,offen,CRAWL,BXoHJddsWJLHtAopeiSbKUSELsu8hSFMs8baGMDkpump,1565.3,3.93562277019e-05,1.2588,0.566454,453220,9877,15.77,0.00,24,45
2026-10-09 00:02:17,Croco-AC7K,offen,CLAUDIA,2j5SaS7xy776qCBpyPQbZjyQSAtKiFgrwjfErthnW2ZM,1140.9,3.7309436066e-06,0.7326,0.293034,50266,2501,19.67,0.00,4,20
2026-10-09 00:02:17,HoneyBadger-6kfX,offen,phubber,CBcjQNdtgb4SHwKDqKFxD3yPSk7pEMpKHQiMmZrgpump,2981.9,3.54611815177e-06,0.9003,1.800686,43274,2861,21.02,0.00,1,2
2026-10-09 00:02:17,HoneyBadger-6kfX,offen,pup,7HE2WmPoYE7uaA7DKh25N5cUwEcUoiyjwZU9ZeaQpump,2428.2,7.62559954229e-08,0.7446,0.297854,2427,317,24.29,0.00,0,0
2026-10-09 00:02:17,8K7Z,offen,RARI,EFn88CiiFHhihqdr1Y11XBDxbbYarBf1ij92DsrigYwR,2639.6,1.14170254882e-05,0.8623,0.890437,139821,3464,21.13,0.00,9,22
2026-10-09 00:02:17,FKJE,offen,HOOKED,C1mBfBoDkwWfd6uTFZp62ARHLjeVp3bDpCDMfMZtPngE,3403.7,8.50575104438e-05,1.4636,0.448376,1042036,12571,19.30,0.00,28,83
2026-10-09 00:02:17,FKJE,offen,Cartridge,ArenDYANqFNkp8ZqAXt69vT5Dz7WD4zDfSpVw6oPpump,1351.4,1.40650618136e-06,1.4043,0.561728,22990,863,24.43,0.85,1,1
2026-10-09 00:02:17,FKJE,offen,BORDR,6Mix12LiHrQFojaQEnfPUC65Qkwd6X4Y5Qg93oFbordr,590.9,1.1563951611e-05,1.4582,0.583266,126572,3243,14.46,0.00,20,39
2026-10-09 00:02:17,2z7o,offen,WII,Betne2zJWDB3wZufUXhWdaBWFqiMZYiZ6fSxeTwzpump,30.7,1.60732100353e-07,1.1455,0.229095,7886,98,20.33,0.00,2,0
2026-10-09 00:02:17,2z7o,offen,TAVE,7yKXbKZFXRj8imN2jdt4PXrncZkdbPaT7kYLEMMypump,24.3,5.29036961258e-08,0.9199,0.183983,4504,23,24.51,0.05,1,1
2026-10-09 00:02:17,2z7o,offen,Garlic,GK8nbwNuowbZX5d5NRhJ2rRpvazvLZ78GuCXoYUHpump,12.3,6.17277310373e-08,1.0057,0.201138,4874,35,25.59,0.00,1,2
2026-10-09 00:02:17,54QZ,offen,GOBLIN,E2itWssNNRVYSTd7U6Q7y5XVRVJM4eAxG7TGSv5epump,2005.3,2.98464826023e-07,0.7664,0.707793,9249,551,23.45,0.00,0,2
2026-10-09 00:02:17,54QZ,offen,GODS,8nV3xKVvhX7KVnoxVN93ahcvFSecrWovturHggMHruQn,699.6,4.87826740596e-07,1.0319,0.316339,9540,541,24.82,0.00,2,1
2026-10-09 00:02:17,54QZ,offen,MARVIN,7HjUj6sghEh964xp1cxf7uUovSsSsuQVdt9jheH3ruqb,416.9,8.47436524194e-08,0.9753,0.195053,4342,52,28.22,0.00,0,0
2026-10-09 00:02:17,DWRA,offen,ZCASH,5n7LRhpGcZQ4Xas2WoxwEiES315cV27bEaZubELrKZ49,104.8,4.60919480794e-08,0.0863,0.034539,3096,26,33.26,0.00,0,1
2026-10-09 00:02:17,CCBV,offen,ZCASH,5n7LRhpGcZQ4Xas2WoxwEiES315cV27bEaZubELrKZ49,105.1,4.60919480794e-08,0.0876,0.035053,3096,26,33.26,0.00,0,1
2026-10-09 00:02:17,Loopierr,schatten,CatCollector,5AgD5tmarU5kgbqHqCgDEMcAHAQAm8muV67xkKs9urps,9473.2,3.51208780574e-08,0.1044,0.020871,129,32,2.94,0.00,0,0
2026-10-09 00:02:17,Loopierr,schatten,SGI,36yTNhb9rfogt4mWxFiTnBeeT9bNXrVdKymAJ3jbvTzM,9322.3,3.18746911577e-08,0.1997,0.039935,3679,6,0.36,0.00,0,0
2026-10-09 00:02:17,6ANG,schatten,ANTHROPIG,25DeVAVF86uAd2wcFewp7F1s6gjZei88Mj4xBzg3AP94,10034.4,1.30021831671e-07,0.5302,0.106046,5356,67,31.18,0.00,0,0
2026-10-09 00:02:17,HEBO,schatten,SI,4qCW74oX82oTeypDzFYYYZ6eJ6yPQVFeX196YpHszJFY,6155.5,2.30451313045e-08,0.4571,0.091424,2303,53,10.81,0.00,0,0
2026-10-09 00:02:17,HEBO,schatten,INCOME,E7mRvAbgZdA6dF7cgXZevkbjd9Yfy5q11XEFnWZfpump,5884.3,5.51656848514e-08,0.8810,0.176203,2010,1258,13.27,0.00,0,0
2026-10-09 00:02:17,HEBO,schatten,GPH,BtmRMRazMTY2KqpbZkdFGrGJSm8rwLG744DV8Webpump,4845.9,3.46306241438e-08,0.4908,0.098155,916,56,21.37,0.00,0,0
2026-10-09 00:02:17,HEBO,schatten,pup,7HE2WmPoYE7uaA7DKh25N5cUwEcUoiyjwZU9ZeaQpump,4845.3,7.62559954229e-08,0.6988,0.139750,2427,317,24.29,0.00,0,0
2026-10-09 00:02:17,HEBO,schatten,ACTII,41QF43mQKs1Qm51xK7uQWjxRA9oZ6S5mBVYveR4wLfzx,1972.7,3.44224017628e-08,0.5763,0.115269,791,52,20.38,0.00,0,0
2026-10-09 00:02:17,HEBO,schatten,TITS,DPVNMLe7zXsrg8Y9rMyPmxBG31qqo3v9FyWChbKQpump,1970.6,6.77156391662e-08,1.4301,0.228818,1928,34,27.67,0.00,0,0
2026-10-09 00:02:17,HEBO,schatten,TITS,C21p56TNF1Ec8BmyMkmLnwX56G3TzgYvzqMMVUPL7Fcm,1967.8,2.6683729492e-08,0.6813,0.136254,486,109,13.79,0.00,0,0
2026-10-09 00:02:17,HEBO,schatten,DICK,CN2hyxJgVbcnTC7jDhXuoJhZYA8aZ82LYwjM6MbU1Sen,726.4,2.56985255068e-08,0.1650,0.032994,415,55,7.59,0.00,0,0
2026-10-09 00:02:17,HEBO,schatten,b,GQhGVgVSEreBxFi6p68M5sEKn2KirzZMDfoj6BpbVnoY,721.2,7.4533908296e-08,0.1450,0.028993,2103,72,19.55,0.00,0,0
2026-10-09 00:02:17,Troupe,schatten,CLAUSE,EWKyN7QHfJo41ikKqpo8R5gwEvryytKo9Vf7NF39U1GC,4531.0,1.95202963622e-08,0.0565,0.011292,2085,24,2.31,0.00,0,0
2026-10-09 00:02:17,4DOV,schatten,TRADE,Euz6EjyubNjJmCkahGEfCXmnCwNVLunxc1LZWsmV3wKf,3043.2,2.99303638581e-08,0.0223,0.004460,706,184,16.73,0.00,0,0
2026-10-09 00:02:17,4DOV,schatten,pear,6UCR8nmHZGauct3tKfismdYuLFemB6iMtuKEGycq7wCX,333.6,1.01689495676e-07,0.0292,0.002919,5197,1022,24.11,0.00,0,3
2026-10-09 00:02:17,Cooker,schatten,X7,CdhZy8wrRxNxoV8HtoByXKN7mvS46avtuZ1b39tKfx7,10136.2,2.51234805894e-06,0.2482,0.049641,48120,1747,21.04,0.00,1,1
2026-10-09 00:02:17,Cooker,schatten,9e9,HZ4qZQJ7yf6WR1D24GLRLJ3cKUfgtJEF3B7SdLMLvCPZ,8866.8,3.27716318435e-08,0.0381,0.015234,918,251,12.98,0.00,0,0
2026-10-09 00:02:17,Gake,schatten,MINEPAD,2EUKLvNQ63YCmjSDyJ14Tzj7ASeHGXgseYWrKAa2mine,11015.9,6.7793914942e-07,0.3997,0.067952,15033,681,21.77,0.00,0,0
2026-10-09 00:02:17,Gake,schatten,TERRA,JD3d8mxEJ91LHZSuwVLquFAKdo5PbEeLCUevjjDsPdRe,9733.4,8.55913763626e-08,0.0629,0.012586,2496,111,29.73,0.00,0,0
2026-10-09 00:02:17,Gake,schatten,SHITCOIN,4BxBot4K36N3ZZkpB9sqEocy5iBi8cUttK6s8YbHH9Jo,8225.5,5.96830027311e-08,0.0634,0.012688,1735,105,37.14,0.00,0,0
2026-10-09 00:02:17,Gake,schatten,FROGE,6R1F4sNySF4NKGdhW3UhESWuYYRu4Cehk5rn3mGP375R,8214.7,4.90353215615e-08,0.0462,0.009239,1584,333,24.02,0.00,0,0
2026-10-09 00:02:17,Gake,schatten,GENESIS,CSEd3Pi5WZL7w5vmwNjDVXv8poAqSv2Dn1as1erUpump,5568.8,6.58322614713e-08,0.0136,0.002723,2369,766,17.87,0.10,0,1
2026-10-09 00:02:17,Gake,schatten,OATH,2RSsw9tntE1RmoiPnNFiu93EzQu2eLnCAzvZiqMSoatH,5552.7,1.06800148477e-06,0.9584,0.191673,15083,379,26.08,0.00,2,0
2026-10-09 00:02:17,Gake,schatten,IMAGINE,EpFTb2XcGiMyGLykZ9VYmyPWz2AHEwAggqSbwJpypump,5180.6,2.54918589085e-06,0.9539,0.190771,26915,785,37.75,9.37,0,0
2026-10-09 00:02:17,Dior,schatten,CAESAR,8cp1WhUDxTbfX8nDe1kAB1ogPUyQvUSKgzFz365LbQyZ,3985.0,2.47695711425e-07,0.1073,0.021452,7934,1388,21.31,0.00,1,1
2026-10-09 00:02:17,Dior,schatten,ClapCat,5BjfgmtfqvNpAWx1CnZynoWLWNMnrwHLhTFzQ81vkEc8,2156.1,1.85226703265e-06,0.5280,0.105592,25646,846,26.36,0.00,2,8
2026-10-09 00:02:17,Dior,schatten,Gunner,7thxAzq4B9KwPe4NqMNAntF2Njgqb9FTKQb4z6fYpump,858.7,5.49492652618e-07,0.5741,0.114823,9942,1014,19.84,0.00,13,12
2026-10-09 00:02:17,Dior,schatten,vamp,H72pex1VtfY2M7v2Tfk9D9PgvCocRuFN3owCveERSa4s,101.1,2.80435590653e-06,4.4906,0.808307,31371,1141,20.75,0.00,183,510
2026-10-09 00:02:17,C7bF,schatten,Pao,3K2vx7ww6dNcHViJStztSJvTQZWaMkYrYnTop5178iR2,352.3,5.85783326152e-08,0.9506,0.190115,1617,93,31.05,2.56,0,0
2026-10-09 00:02:17,koko,schatten,MAJOR,7AUzu756Pp3Cg3NByuKfcRSAFFt31kjC6U6R1npkiA1Q,7385.3,1.63530740089e-07,3.5800,0.715991,4171,159,30.33,0.00,0,0
2026-10-09 00:02:17,77n6,schatten,DIP,7KWJEZ9gUA839LqaSj2wgEhsTLCxghfsqFdimrDC98WY,437.8,1.04345860905e-07,0.2296,0.045930,2895,215,23.46,0.00,2,6
2026-10-09 00:02:17,499R,schatten,COIN,J7bhFegCHZAeRzdYDwmbSp1CJ1bDJkutSg26B4SXpump,11.7,3.75689073176e-06,1.0137,0.405478,52218,2720,20.69,0.00,369,1102
2026-10-09 00:02:17,DWRA,schatten,ZCASH,5n7LRhpGcZQ4Xas2WoxwEiES315cV27bEaZubELrKZ49,105.1,4.60919480794e-08,0.0950,0.019006,3096,26,33.26,0.00,0,1
2026-10-09 00:02:17,CCBV,schatten,ZCASH,5n7LRhpGcZQ4Xas2WoxwEiES315cV27bEaZubELrKZ49,105.1,4.60919480794e-08,0.0950,0.019001,3096,26,33.26,0.00,0,1
2026-10-09 00:03:18,Loopierr,offen,GARP,FKPdKiZBYMU2MwHXKjyhgV6ozSh2APzvvr3ZBwFCfSHo,12247.0,2.61799976046e-08,0.0411,0.008227,552,145,10.92,0.00,0,0
2026-10-09 00:03:18,6ANG,offen,OpenSI,5ptkVdbpaPpEJPPVXE5CpJNCXEmAidyot5TQcDDawMzm,11974.6,9.45286305674e-07,2.2135,1.651827,15053,1169,21.98,0.00,1,0
2026-10-09 00:03:18,6ANG,offen,ANT,BTZK1B3pCoBDD1vy5e4bDBM4bwvvhkKUMTuKABkGWwGp,10035.6,4.14659182752e-07,1.0751,0.645086,9926,92,27.37,0.00,0,0
2026-10-09 00:03:18,6ANG,offen,ANTHROPIG,25DeVAVF86uAd2wcFewp7F1s6gjZei88Mj4xBzg3AP94,10035.4,1.30021831671e-07,0.5333,0.213326,5356,67,31.18,0.00,0,0
2026-10-09 00:03:18,9LXM,offen,SGI,FcZcFjfNPJR9rycZS1FwkiEgQTW7ZWRjdSaBdJ6M9ha6,11829.6,9.71021346325e-08,0.0638,0.025500,5136,340,23.03,0.00,0,0
2026-10-09 00:03:18,HEBO,offen,goon,HSUMi4rMgjrx7zRUabw3ogGu1pa5hmF2eVcXj9Apump,12061.6,5.24667390245e-07,0.6424,0.462884,13373,2839,17.60,0.00,1,1
2026-10-09 00:03:18,HEBO,offen,Tico,35ccP7zmf4THJsDn3UtozYcWm1U8nzhyHcTgK3ETpump,11996.3,3.55740167966e-08,0.5948,0.118963,3890,29,7.17,0.00,0,0
2026-10-09 00:03:18,HEBO,offen,ArmyX,F7y94q8QvGKNCrGt6E5pgQ7ABBkQK4QkqEBGs9Y5ZFFk,9383.5,3.39434365228e-08,0.1267,0.101351,3122,57,15.71,0.00,0,0
2026-10-09 00:03:18,HEBO,offen,ZUCKS,2eBJvNnn7guSjX1yuE7seuDY9pveDiHkfoyeBh2WZroS,9117.8,2.25670528051e-08,0.3451,0.049696,2313,35,7.97,0.00,0,0
2026-10-09 00:03:18,HEBO,offen,TRUMPTV,34w4t74EsbJyBBSyYBFyNo65Ft7Ax8BF3HrubL1mwbpL,9023.0,2.02702561835e-08,0.1554,0.031080,2126,89,5.45,0.00,0,0
2026-10-09 00:03:18,HEBO,offen,pill,DvdmEnztCmXwBnAbedD48XVGZJSxq31zNvnyftXdpump,7959.0,1.75117100546e-05,0.9998,2.599387,218620,6054,21.87,0.00,4,5
2026-10-09 00:03:18,HEBO,offen,PUMPCAT,G4vqe8KAcRGTb7Kc55n9sz43aR4ugTPdSeUnAXZhpump,7958.7,3.58643286754e-06,1.7002,0.340043,47291,1290,24.73,0.00,0,0
2026-10-09 00:03:18,HEBO,offen,CUPTOBER,EKgswaMnRSJHmyFZCbxscTAjiR2bH1oLXsftepUGsPtz,7795.6,4.85582767998e-08,0.5903,0.236118,4854,28,13.44,0.00,0,0
2026-10-09 00:03:18,HEBO,offen,Scronkfinkle,DaUFkgZjwJCsM9QDWCsxtZS2omgHS3Fn9GHgTX5wwpcX,6533.4,5.05305209669e-08,0.4971,0.298283,1393,100,22.82,0.00,0,0
2026-10-09 00:03:18,HEBO,offen,Eagle,E3pWKtfQk6LLZpRWVTjJwrMY4vFa9umLYDPxWJtZSTNK,6509.8,2.68539743351e-08,0.1419,0.128523,2674,73,12.02,0.00,0,0
2026-10-09 00:03:18,HEBO,offen,Caviar,F7ktJWjMtubD8zwv5xMb35g5hPTvGQSDMS8UGcwXpump,5889.1,1.07600654007e-07,0.6861,0.274454,3086,85,27.76,0.00,1,1
2026-10-09 00:03:18,HEBO,offen,TIT,3KM7dvpUk2Wm8qdXtZpBJHgic4bAaz1MTDHvUEjKpump,5863.7,2.17280152256e-07,0.5753,0.575337,5945,129,26.88,0.00,0,0
2026-10-09 00:03:18,HEBO,offen,MIM,6bJtwhtvzkthAYszQ3ZWkFJzSvbGSkbAz9yPcSiXaGK6,5863.1,1.64716798404e-07,1.3025,0.260500,4881,192,27.38,0.00,0,1
2026-10-09 00:03:18,HEBO,offen,Taste,93FWFR63nwQcq5zuXNmTits5BYcKFjmUZzccMvhmpump,5862.7,1.16009552439e-07,1.2925,0.516988,8801,38,24.15,0.00,0,0
2026-10-09 00:03:18,HEBO,offen,GPH,H1hFymzkRE7CAdxEuBWYknvsTCgoDXAqPKFU94iPpump,5857.0,4.86009292161e-08,0.9197,0.183949,867,68,10.72,0.00,0,0
2026-10-09 00:03:18,HEBO,offen,TIT,Ar3QBegnCQr6ZFyN9h637ar9JCxZRvdboiR1QzMrpump,4850.9,1.80181876894e-07,0.6084,0.973462,4688,281,37.63,0.00,0,3
2026-10-09 00:03:18,HEBO,offen,AVERY,8QFGVLXehnTv28eMdXZkhY5d84SVF58LAfRGx8zWpH9b,4787.7,3.09223918386e-08,0.1726,0.034526,2601,220,19.30,0.00,0,0
2026-10-09 00:03:18,HEBO,offen,APU,HoCeDUrd5BqfYmaRk2eiUpzshEvpwfYpgrJ4YKFCpump,3586.5,1.38439126906e-07,0.7733,0.154667,4473,257,26.35,0.00,0,0
2026-10-09 00:03:18,HEBO,offen,APU,E7eCZS2cq655qJ7uVx3dSHR2zK31kwNQsWS6P6Hpump,3586.3,1.71171916198e-06,2.3945,2.394456,18473,452,27.05,0.00,1,4
2026-10-09 00:03:18,HEBO,offen,COCKROACH,H4KUxsEgCp2yDpFvyDuGM5k6XevSKKrrKUxZ3Zr6nyJc,3581.5,1.0543277653e-05,1.5572,2.802944,91835,3656,19.17,0.00,3,6
2026-10-09 00:03:18,HEBO,offen,MDOG,F5zC2QoP6j2erxNyf4z6iNCi6X6AkburMC2Xofhxpump,3360.8,8.22486488816e-08,0.9644,0.192885,3212,1642,17.78,0.00,0,0
2026-10-09 00:03:18,HEBO,offen,SI,8ALHRuN5q4MHRaKPdiXi7cHyVWicZVwQx2TBTCH8GZ4h,3116.2,1.58629835702e-07,1.4979,0.299586,4293,73,23.06,0.00,0,0
2026-10-09 00:03:18,HEBO,offen,PHASEONE,GfawjB4Fxz389kECjrrnsdS8MKb9hMgALonJddGQasHL,1982.0,2.50991119047e-08,0.4269,0.085381,406,71,10.53,0.00,0,0
2026-10-09 00:03:18,HEBO,offen,TITS,GLsHzxjtktCKzAA8LEEfXJ5UF2Jdsj161e5Duh3tkzga,1968.7,3.64005655965e-08,0.6703,0.134054,1115,484,16.26,0.00,0,0
2026-10-09 00:03:18,HEBO,offen,AI,4AvWfTKcEFqwRjxBnoyWRY7wF7UV9cqH3492UFKHpump,1945.0,4.44535185366e-08,0.6454,0.129078,1196,54,21.25,0.00,0,1
2026-10-09 00:03:18,HEBO,offen,INSTADOCS,AMj8gG4mXckBoaT5mGQDwriKUqJtEApNg2CuXw6Ypump,1944.8,5.80382397748e-08,1.2104,0.242070,1618,21,23.26,0.00,0,0
2026-10-09 00:03:18,HEBO,offen,DICK,CN2hyxJgVbcnTC7jDhXuoJhZYA8aZ82LYwjM6MbU1Sen,727.9,2.56985255068e-08,0.1469,0.117509,415,55,7.59,0.00,0,0
2026-10-09 00:03:18,HEBO,offen,b,Cr8kuNqKwiVVuzqLYKcJhmpSHy767837BwLFr9GDYXUf,722.5,5.99618425465e-08,0.3286,0.131453,1776,274,23.89,0.00,0,1
2026-10-09 00:03:18,HEBO,offen,DICK,3b1yu2Xz3qYJSrsKxnRKPgQCxTD7QWjdL2UZKQd63hXv,721.8,3.14900338991e-08,0.2322,0.092879,3537,9,4.59,0.00,0,0
2026-10-09 00:03:18,HEBO,offen,b,GQhGVgVSEreBxFi6p68M5sEKn2KirzZMDfoj6BpbVnoY,709.7,7.4533908296e-08,0.6418,0.256702,2103,72,19.55,0.00,0,0
2026-10-09 00:03:18,HEBO,offen,Thing,2YScUrXEdNzChj7U76CQ41UadmKjzx33cTcfQyLtpump,707.5,3.51932780143e-08,0.9211,0.184228,3732,15,10.41,0.00,0,0
2026-10-09 00:03:18,HEBO,offen,RARI,EFn88CiiFHhihqdr1Y11XBDxbbYarBf1ij92DsrigYwR,587.4,1.19193751143e-05,1.7998,2.519757,141863,3466,21.13,0.00,9,30
2026-10-09 00:03:18,HEBO,offen,Macca,8m2HLRPyaHV2h2xPj6FxJyxocCqXdf8msP51VUhzpump,479.0,1.95835926956e-07,1.0104,0.202073,4450,62,28.62,0.00,0,0
2026-10-09 00:03:18,Troupe,offen,PUMP,pumpCmXqMfrsAkQ5r49WcJnRayYRqmXz6ae8H7H9Dfn,10186.1,5.08005759923e-05,1.0478,0.009474,41376077,320283,59.34,0.00,123,559
2026-10-09 00:03:18,Troupe,offen,homo,42AtRP5d3ySBj9iveMYeD23kkmN3HEZFwUzs1YKvkPA9,8533.6,2.23721418728e-08,0.0602,0.010547,252,146,3.18,0.00,0,0
2026-10-09 00:03:18,Troupe,offen,PUMPE,9fJAWKQpkY93hfuZxrHfh5wEh2AV9vjkWNQfzfbziHd2,8406.8,5.44160692905e-06,0.1969,0.236308,42242,2247,18.17,0.80,2,0
2026-10-09 00:03:18,Troupe,offen,HOLD,6REnZgtxhwdSAHczAp4J5PRsGQYQt7T3x4kEDyfs9U7y,8363.8,2.47914395721e-08,0.0143,0.002855,549,467,2.94,0.00,0,0
2026-10-09 00:03:18,Troupe,offen,THICC,3QEbHMK6ceYevtaCdLmBQMJgcPb9PJQpgyFBP6f6x6Rg,5708.4,1.4149540778e-08,0.0658,0.013160,1486,8,4.02,0.00,0,0
2026-10-09 00:03:18,Troupe,offen,CLAUSE,EWKyN7QHfJo41ikKqpo8R5gwEvryytKo9Vf7NF39U1GC,4532.1,1.95202963622e-08,0.0801,0.016030,2085,24,2.31,0.00,0,0
2026-10-09 00:03:18,Troupe,offen,TESTla,TESZBZpTRGUDriZQg72kYre1Vozyp2de7Z6o5JUtdRA,2878.9,0,0.0000,0.000000,1,38,3.55,0.04,0,0
2026-10-09 00:03:18,4DOV,offen,BOT,Aaan4fxwhKtUUPg2GSKq6natLV9oj9QQNf5xT4UE2gXr,9833.1,3.11974905766e-08,0.0366,0.007324,806,314,15.16,0.00,0,0
2026-10-09 00:03:18,4DOV,offen,PUDU,8HQgEcbhR5Xoh735zvndAocCLd7wdAYJfWHV55J8pump,8384.2,2.78326671033e-08,0.0132,0.005281,573,423,13.10,0.00,0,0
2026-10-09 00:03:18,4DOV,offen,Aiden,9dSMwFfPezQ8WPcW1uZV7ns4rcviEj2LssSAg75WBLXd,6945.0,4.59093635302e-07,0.0326,0.014685,11504,3043,20.89,0.00,0,0
2026-10-09 00:03:18,4DOV,offen,SPLICE,7bC8ugu1ZJn21MhA4ht483nX8brLNesa8R7XLimpFyhq,6188.5,4.65168155645e-07,0.0294,0.017645,11626,2525,25.94,0.03,0,2
2026-10-09 00:03:18,4DOV,offen,Ash,4jxyespUyvDxg1cN1NMCWErHGGyPrBdEzPiDobLBmttL,5870.8,4.25651531618e-08,0.1063,0.021269,1049,21,2.44,0.00,0,0
2026-10-09 00:03:18,4DOV,offen,www,GAwhcphCqCv5bKHmCiN4VDdNWfbXJL4npmkc8L3Q9S9H,5720.2,7.43569243116e-07,0.0712,0.028464,24256,6256,20.41,0.00,6,2
2026-10-09 00:03:18,4DOV,offen,ACTII,DYjM6f2R34Qp4jPE73HsdEVZwwcQFCsokpNYCqBUpump,5648.0,2.25532580646e-07,0.0427,0.012797,5989,1060,23.43,0.00,1,1
2026-10-09 00:03:18,4DOV,offen,BANANA,G7JkKqGb69cCWC2XkDXc8LG8qbifTkCKpsAcr6kApump,5531.9,2.86786306916e-08,0.0275,0.005491,610,180,15.89,0.00,0,0
2026-10-09 00:03:18,4DOV,offen,JITI,6YuVyHbjdwxiH1CLCSusP9yjXmsVvQfcTbSSPcFuXDew,4970.8,4.66281318225e-08,0.0395,0.007905,1774,781,17.80,0.00,0,0
2026-10-09 00:03:18,4DOV,offen,QINU,4unydQjvYdqR31pkuBYGu2nGst8r8j5XMW8KXRXtpump,4734.4,3.493746546e-08,0.0210,0.008392,986,519,12.45,1.06,0,0
2026-10-09 00:03:18,4DOV,offen,NOLLA,CXw5hY3BMi87DTa99ekZgwxuvu7pQ2FUQVecs3SvJLD9,4554.6,2.95967567703e-08,0.0265,0.005296,684,316,15.30,0.00,0,0
2026-10-09 00:03:18,4DOV,offen,TRANNIE,BvLqum9qd4TWQ1c9WPmLYMvxxzoXUjsFycVffvjyq16,4473.7,2.53708629031e-08,0.1084,0.021686,377,108,11.98,0.00,0,0
2026-10-09 00:03:18,4DOV,offen,OTC,MukLDtJ8Cx9DxLbeyLRSWPSposTMWuwHANbuaudpump,4021.1,8.44795825779e-05,0.7926,0.018221,509538,20663,25.81,0.00,9,41
2026-10-09 00:03:18,4DOV,offen,TRADE,Euz6EjyubNjJmCkahGEfCXmnCwNVLunxc1LZWsmV3wKf,3044.4,2.99303638581e-08,0.0239,0.009576,706,184,16.73,0.00,0,0
2026-10-09 00:03:18,4DOV,offen,Human,8nPoBHiBM6pybxMws9PA2JRb9BjkppBfqcZGmot4DMBC,1873.2,1.57589009789e-06,0.3706,0.005052,33261,5378,24.18,0.00,0,5
2026-10-09 00:03:18,4DOV,offen,HSM,2856wfnQ27LH23yKeFHJ4XQpQ2bsw4sen8RqyW5Wpump,1730.0,3.74370418684e-08,0.0824,0.032972,1385,542,15.92,0.00,0,1
2026-10-09 00:03:18,4DOV,offen,QPEPE,BwVrWfDgT6UFpJsfH7J8bqtRu8vekE2w1GyEAEuZKa9R,365.4,2.12805799467e-07,0.3972,0.317747,6806,164,27.59,0.00,3,2
2026-10-09 00:03:18,4DOV,offen,OP_CAT,4QV31UeJJyUVWP2f1qgEz8gUPkf6WyPZyAmGdT8UD8Ld,348.1,2.92838200933e-07,0.2395,0.047891,6247,344,23.76,0.00,0,5
2026-10-09 00:03:18,4DOV,offen,pear,6UCR8nmHZGauct3tKfismdYuLFemB6iMtuKEGycq7wCX,335.5,1.01689495676e-07,0.0466,0.012857,5197,1022,24.11,0.00,0,3
2026-10-09 00:03:18,4DOV,offen,INU,AACtroE9u7vTbLWBbMtkPx4bK79YYxBHgb8tfd1Apump,328.7,6.37674675334e-08,0.0456,0.009125,2529,847,25.21,0.00,17,1
2026-10-09 00:03:18,4DOV,offen,Alcebíades,7CWUYu169uBLva1PEjWXG2m12XU5nFe2dR454FmCpump,129.8,3.86331775228e-07,0.1408,0.014081,7707,492,23.18,0.00,3,10
2026-10-09 00:03:18,Cooker,offen,SI,DEW9dSN6QpWyNthphCpMmAbZP1Q4cEKR9xQXAri98WDP,10358.1,0.000256187747704,0.7548,0.452889,1806556,55213,16.95,0.00,36,170
2026-10-09 00:03:18,Cooker,offen,HOOKED,C1mBfBoDkwWfd6uTFZp62ARHLjeVp3bDpCDMfMZtPngE,8904.4,8.54793195672e-05,0.7825,1.656000,1038956,12569,19.30,0.00,30,88
2026-10-09 00:03:18,Gake,offen,CURVE,7ioeSgzfSKHMnpgfPpgRFsekMBGiu9oi6t6GeqYtNbbh,11046.9,1.65913900793e-06,0.4795,0.095909,101625,1103,14.73,0.07,1,0
2026-10-09 00:03:18,Gake,offen,SDOG,yFcTuQJCMsd1Asya15GZ7h4KGdxsujRLcUiTWWXpump,10860.3,4.1444556032e-07,0.0555,0.011107,10221,1533,21.11,0.00,5,7
2026-10-09 00:03:18,Gake,offen,OP,5PiBn5JdjJDnRGziiSfsu2affgBR3DyTTCR3CHpcode,10797.6,2.56302389118e-07,0.0706,0.014117,8351,1380,23.08,0.00,0,3
2026-10-09 00:03:18,Gake,offen,PURPS,purpFPo5voy6fEu8jxSCwVdMs1zyYEYAH6FBQvTYCZK,8515.4,1.67440175967e-06,0.5874,0.117484,24667,2253,31.58,0.00,1,1
2026-10-09 00:03:18,Pikalosi,offen,Miu,7LNFZcNigZay5U9e2sq6n2Z4iM8BC2Dd53L14pwvpump,9021.9,4.92187927249e-07,1.1793,0.235850,14899,799,21.50,0.00,0,0
2026-10-09 00:03:18,Dior,offen,OTC,MukLDtJ8Cx9DxLbeyLRSWPSposTMWuwHANbuaudpump,9347.8,8.44795825779e-05,1.2468,6.839495,509538,20663,25.81,0.00,9,41
2026-10-09 00:03:18,Dior,offen,TripleT,J8PSdNP3QewKq2Z1JJJFDMaqF7KcaiJhR7gbr5KZpump,8475.9,5.90297810718e-05,0.9526,0.381059,348698,24794,18.98,0.00,6,22
2026-10-09 00:03:18,Dior,offen,Kirkslop,8m5hzX9hprtWwPuVZL4daCZfggWYKc6fhSJDDpiqpump,8155.2,6.14575023048e-07,0.9354,0.561219,13555,393,28.14,0.00,0,0
2026-10-09 00:03:18,Dior,offen,COCKROACH,H4KUxsEgCp2yDpFvyDuGM5k6XevSKKrrKUxZ3Zr6nyJc,4994.4,1.0543277653e-05,1.1323,3.170324,91835,3656,19.17,0.00,3,6
2026-10-09 00:03:18,Dior,offen,CAESAR,8cp1WhUDxTbfX8nDe1kAB1ogPUyQvUSKgzFz365LbQyZ,3964.2,2.46454623609e-07,0.1230,0.344432,7923,1387,21.31,0.00,1,2
2026-10-09 00:03:18,Dior,offen,ClapCat,5BjfgmtfqvNpAWx1CnZynoWLWNMnrwHLhTFzQ81vkEc8,2149.4,1.85226703265e-06,0.6776,0.813072,25645,846,26.36,0.00,1,8
2026-10-09 00:03:18,Dior,offen,Gunner,7thxAzq4B9KwPe4NqMNAntF2Njgqb9FTKQb4z6fYpump,856.3,5.51655593818e-07,0.5173,2.586614,9961,1014,19.84,0.00,13,12
2026-10-09 00:03:18,Dior,offen,OpiumBird,HmCxqpgxaQng3A73F7vLgJjc9sr6ACFt8CEJwWY2hMGR,664.8,2.64867228241e-06,1.0333,0.413309,33843,2414,30.70,0.00,0,0
2026-10-09 00:03:18,Dior,offen,vamp,H72pex1VtfY2M7v2Tfk9D9PgvCocRuFN3owCveERSa4s,96.8,2.5244120047e-06,4.8082,1.923260,29378,1137,20.75,0.00,176,398
2026-10-09 00:03:18,3zsr,offen,Sapijiju,8Fs2YLsayR4awLB79nMM3QCpG3pqvcAGP7hHb8fX4L2G,8846.9,1.09822130341e-07,1.0247,0.204949,3494,367,25.65,0.00,1,0
2026-10-09 00:03:18,3zsr,offen,EZRA,4qTqqkexQCEP2m8UrDWXACHpA8bEkGxpNJrDPMNcfHKQ,4183.6,3.56594266423e-08,1.0795,0.215896,3889,6,7.67,0.00,0,0
2026-10-09 00:03:18,3zsr,offen,ELONMUSK,5QmEgE9rK3aB1SDi7mK7rXPt2QHe7FRT69zbb2X2iSip,4183.4,3.45326999498e-08,1.0068,0.201368,3775,5,12.21,0.00,0,0
2026-10-09 00:03:18,3zsr,offen,HIGCAT,52sQ5kFhaTD6NsfN4oKreHZAwxrxgUo129ZCG3EBsVhv,4183.2,3.37673587869e-08,0.9528,0.190552,3726,6,6.49,0.00,0,0
2026-10-09 00:03:18,3zsr,offen,GIA,4FuWREkDYG1chHxHfgmUv3AN1iLPUi42Er6UboWUJKwU,4182.8,3.34247824296e-08,0.9365,0.187299,3669,8,7.03,0.00,0,0
2026-10-09 00:03:18,3zsr,offen,Sworddog,2QLpYwa5tzMjGBZWCmu9WHEPTNPH65w7xeFHSU1Hpump,3610.5,3.75660964607e-08,0.9482,0.189645,3846,16,15.41,0.00,0,0
2026-10-09 00:03:18,3zsr,offen,TRUMP,AYLh1Bgthdgego4EBAJQZtzXiQ6b1EbrPWES5V1vjhzV,3495.3,3.17884956725e-08,0.5127,0.051271,665,82,17.07,0.00,0,0
2026-10-09 00:03:18,3zsr,offen,RUGRUN,2VFjLcouktUNWRsZVkdiJ57nmRZR8HTJjKzDkZ3mbN8f,3468.0,3.50774091408e-08,1.0240,0.204798,3866,5,6.69,0.00,0,0
2026-10-09 00:03:18,3zsr,offen,HOUS,4pZQCY4HLpeYyJJ48yu7Z49B4G1Z7B1ZH3YdvVfNqKGn,3467.8,3.74788091122e-08,0.9093,0.181858,3758,14,15.47,0.00,0,0
2026-10-09 00:03:18,3zsr,offen,OWL,vEtdEEWyX8SS5ZrRZjtT3WzV8bdLS13t5Uvg7YLpump,575.3,3.2766417542e-08,0.9720,0.194402,3519,16,9.17,0.00,0,0
2026-10-09 00:03:18,3zsr,offen,BCAT,6rtt3rgrgRYbgWDkMGLZmNjjMAkyTquqVZTkhYzn6xdB,549.8,3.33748485042e-08,0.9526,0.283045,3591,8,9.00,0.00,0,0
2026-10-09 00:03:18,3zsr,offen,PQCINU,26UJpU6dCjGJQjaUodSB8V7bzYjdTWZrDyN8jtXfL8Vf,541.2,3.14874055768e-08,0.9158,0.183154,3398,6,8.70,0.00,0,0
2026-10-09 00:03:18,3zsr,offen,PDOG,Dj9fsUKStiepdQdXzBLcHr59FnR58pAyc6XnXi4eZrCr,531.0,3.24939082906e-08,0.8665,0.173291,3519,5,8.35,0.00,0,0
2026-10-09 00:03:18,3zsr,offen,SKATE,Wwn74emwczd4bWNp4j1EnQCt299pedr1uEacqsgwerk,515.5,4.03753503579e-08,0.9502,0.190033,3949,48,14.87,0.00,0,0
2026-10-09 00:03:18,3zsr,offen,STREETCRAFT,5y4eGSBuc43Z3g9mDrPa8Z7w9VMdRYEWK3zfPRpRuhwi,513.9,2.54554585581e-08,0.8883,0.177661,423,109,9.76,0.00,0,0
2026-10-09 00:03:18,3zsr,offen,QCAT,5Q8D4128ZqRiXb8ivCKMVtWaLpC23cssosiTNQVeGgQM,509.0,3.72070344008e-08,0.7365,0.147298,3735,17,14.71,0.00,0,0
2026-10-09 00:03:18,3zsr,offen,trump,2zM3QpEjbE6RYf8ZeNzdaTTAZJJQzJxV6PWDPBKRNH2n,506.2,3.36063263219e-08,0.8074,0.161479,3586,8,9.81,0.00,0,0
2026-10-09 00:03:18,3zsr,offen,fallout,7gAJBUhr3RPxGRkQQhphUvi4668dBjwpuQ22TwqPnt2h,469.5,3.49182971221e-08,0.9543,0.190853,3628,7,12.37,0.00,0,0
2026-10-09 00:03:18,3zsr,offen,QEPE,BrMHuM7uRbmygmhJMPXQEJxUuJr3xJWqgFoFngvgZHdc,406.9,3.14714201459e-08,0.8915,0.178306,3447,7,7.24,0.00,0,0
2026-10-09 00:03:18,3zsr,offen,Quantum,81cKqDPK7xEGQWvfqBT3mJTvPL7dF5QFcjmWt4uxugEq,385.6,4.21684028758e-08,0.8835,0.176707,4053,32,16.70,0.00,0,0
2026-10-09 00:03:18,3zsr,offen,QUBIT,4Wsk4ezKTweuuMgetUBC3PzcoM9TzB8cky1c68vApR96,382.3,5.33798306487e-08,0.7176,0.143525,4683,24,25.52,0.00,0,1
2026-10-09 00:03:18,3zsr,offen,SKATE3,BZDShqTtTL5EAk38RYSrFUfYM1YBZT4zqRajQz1Wpump,345.8,8.17229626574e-08,1.1034,0.220685,5609,104,19.80,0.00,1,7
2026-10-09 00:03:18,3zsr,offen,Bunker,3WzaZwVmjr3JMWKknJtnEn3R4kaX9pVkwQJmC9fxpump,315.0,7.1407358799e-08,0.8729,0.174590,6234,1060,11.09,0.00,0,0
2026-10-09 00:03:18,3zsr,offen,KOTH,3RRGi7ZcodyqNRNDJEySgCuteuE9AV5MsYjXiZLQpCJH,296.6,6.30853652127e-08,0.9094,0.181887,1771,146,20.71,0.00,0,0
2026-10-09 00:03:18,3zsr,offen,Tiktok,kmNXT7yTqLbNKwYmCHf8A1gAhLB6XgTmiRDv9Udpump,245.6,3.18318518192e-08,0.7831,0.156626,631,63,21.33,0.00,0,0
2026-10-09 00:03:18,C7bF,offen,SPSI,ERvSTRZsoEdM79d9Ajb2KMSnM1uPgamW3BoNgj21teCa,1827.4,3.76949777953e-08,1.0119,0.202384,299,4,10.89,0.00,0,0
2026-10-09 00:03:18,C7bF,offen,KMS,D1sm1V3pHGTv32ugeXoer4a91xqfuh4jJBYQwePSKVez,511.0,3.51526130019e-07,0.1154,0.023075,8750,895,24.56,0.00,0,0
2026-10-09 00:03:18,C7bF,offen,MASSIMO,H6XiYttyMFsKXj6BJzYZMEjhUz6EwymaX4ug35G6pump,270.2,6.02951347895e-08,0.1698,0.033967,1686,145,19.10,0.00,0,0
2026-10-09 00:03:18,77n6,offen,DIP,7KWJEZ9gUA839LqaSj2wgEhsTLCxghfsqFdimrDC98WY,432.8,1.03687392014e-07,0.4534,0.272048,2868,214,23.46,0.00,0,3
2026-10-09 00:03:18,G7b2,offen,SXSI,DQysBW79uHzZAWd2ahVQrf89CuSFqVzuNA3ijHbjVJfG,5637.3,1.7865942632e-06,0.7137,1.141971,24558,1161,28.76,0.00,2,4
2026-10-09 00:03:18,G7b2,offen,SI,DEW9dSN6QpWyNthphCpMmAbZP1Q4cEKR9xQXAri98WDP,5598.1,0.000256187747704,1.1568,3.999563,1806556,55213,16.95,0.00,36,170
2026-10-09 00:03:18,499R,offen,bracat,FZ9BqVmfANPMMD6DogBmkn9uXBPqivNhr1Gu1awGgprS,1.5,8.37008506094e-07,0.9542,0.381666,16626,539,22.24,0.00,28,87
2026-10-09 00:03:18,7Cn1,offen,si.gov,7CTRbkV1tVuq1f59pRxT1Pb2W5AHG4gM9FMH4rGzKiXv,4818.7,3.42416890828e-06,1.2556,0.957373,37597,2201,13.68,0.00,5,9
2026-10-09 00:03:18,7Cn1,offen,CRAWL,BXoHJddsWJLHtAopeiSbKUSELsu8hSFMs8baGMDkpump,1566.3,4.06601965464e-05,1.3005,0.585222,458867,9871,15.77,0.00,21,50
2026-10-09 00:03:18,Croco-AC7K,offen,CLAUDIA,2j5SaS7xy776qCBpyPQbZjyQSAtKiFgrwjfErthnW2ZM,1141.9,3.7290255854e-06,0.7322,0.292883,50259,2501,19.67,0.00,5,17
2026-10-09 00:03:18,HoneyBadger-6kfX,offen,phubber,CBcjQNdtgb4SHwKDqKFxD3yPSk7pEMpKHQiMmZrgpump,2982.9,3.54611815177e-06,0.9003,1.800686,43199,2861,21.02,0.00,2,2
2026-10-09 00:03:18,HoneyBadger-6kfX,offen,pup,7HE2WmPoYE7uaA7DKh25N5cUwEcUoiyjwZU9ZeaQpump,2429.2,7.62559954229e-08,0.7446,0.297854,2427,317,24.29,0.00,0,0
2026-10-09 00:03:18,8K7Z,offen,RARI,EFn88CiiFHhihqdr1Y11XBDxbbYarBf1ij92DsrigYwR,2640.6,1.19193751143e-05,0.9003,0.929616,141863,3466,21.13,0.00,9,30
2026-10-09 00:03:18,FKJE,offen,HOOKED,C1mBfBoDkwWfd6uTFZp62ARHLjeVp3bDpCDMfMZtPngE,3404.7,8.54793195672e-05,1.4709,0.450600,1038956,12569,19.30,0.00,30,88
2026-10-09 00:03:18,FKJE,offen,Cartridge,ArenDYANqFNkp8ZqAXt69vT5Dz7WD4zDfSpVw6oPpump,1352.4,1.43359699449e-06,1.4314,0.572548,23006,863,24.43,0.85,0,2
2026-10-09 00:03:18,FKJE,offen,BORDR,6Mix12LiHrQFojaQEnfPUC65Qkwd6X4Y5Qg93oFbordr,591.9,1.11448743834e-05,1.4053,0.562129,124709,3242,14.46,0.00,16,49
2026-10-09 00:03:18,2z7o,offen,WII,Betne2zJWDB3wZufUXhWdaBWFqiMZYiZ6fSxeTwzpump,31.7,1.61279776456e-07,1.1494,0.229876,7889,98,20.33,0.00,2,0
2026-10-09 00:03:18,2z7o,offen,TAVE,7yKXbKZFXRj8imN2jdt4PXrncZkdbPaT7kYLEMMypump,25.3,5.29036961258e-08,0.9199,0.183983,4504,23,24.51,0.05,1,1
2026-10-09 00:03:18,2z7o,offen,Garlic,GK8nbwNuowbZX5d5NRhJ2rRpvazvLZ78GuCXoYUHpump,13.3,6.17277310373e-08,1.0057,0.201138,4874,35,25.59,0.00,1,2
2026-10-09 00:03:18,54QZ,offen,GOBLIN,E2itWssNNRVYSTd7U6Q7y5XVRVJM4eAxG7TGSv5epump,2006.3,2.98464826023e-07,0.7664,0.707793,9249,551,23.45,0.00,0,2
2026-10-09 00:03:18,54QZ,offen,GODS,8nV3xKVvhX7KVnoxVN93ahcvFSecrWovturHggMHruQn,700.6,4.87826740596e-07,1.0319,0.316339,9540,541,24.82,0.00,2,1
2026-10-09 00:03:18,54QZ,offen,MARVIN,7HjUj6sghEh964xp1cxf7uUovSsSsuQVdt9jheH3ruqb,417.9,8.47436524194e-08,0.9753,0.195053,4342,52,28.22,0.00,0,0
2026-10-09 00:03:18,DWRA,offen,ZCASH,5n7LRhpGcZQ4Xas2WoxwEiES315cV27bEaZubELrKZ49,105.8,4.60919480794e-08,0.0863,0.034539,3096,26,33.26,0.00,0,0
2026-10-09 00:03:18,CCBV,offen,ZCASH,5n7LRhpGcZQ4Xas2WoxwEiES315cV27bEaZubELrKZ49,106.1,4.60919480794e-08,0.0876,0.035053,3096,26,33.26,0.00,0,0
2026-10-09 00:03:18,Loopierr,schatten,CatCollector,5AgD5tmarU5kgbqHqCgDEMcAHAQAm8muV67xkKs9urps,9474.2,3.51208780574e-08,0.1044,0.020871,129,32,2.94,0.00,0,0
2026-10-09 00:03:18,Loopierr,schatten,SGI,36yTNhb9rfogt4mWxFiTnBeeT9bNXrVdKymAJ3jbvTzM,9323.3,3.18746911577e-08,0.1997,0.039935,3679,6,0.36,0.00,0,0
2026-10-09 00:03:18,6ANG,schatten,ANTHROPIG,25DeVAVF86uAd2wcFewp7F1s6gjZei88Mj4xBzg3AP94,10035.4,1.30021831671e-07,0.5302,0.106046,5356,67,31.18,0.00,0,0
2026-10-09 00:03:18,HEBO,schatten,SI,4qCW74oX82oTeypDzFYYYZ6eJ6yPQVFeX196YpHszJFY,6156.5,2.30451313045e-08,0.4571,0.091424,2303,53,10.81,0.00,0,0
2026-10-09 00:03:18,HEBO,schatten,INCOME,E7mRvAbgZdA6dF7cgXZevkbjd9Yfy5q11XEFnWZfpump,5885.3,5.51656848514e-08,0.8810,0.176203,2010,1258,13.27,0.00,0,0
2026-10-09 00:03:18,HEBO,schatten,GPH,BtmRMRazMTY2KqpbZkdFGrGJSm8rwLG744DV8Webpump,4846.9,3.46306241438e-08,0.4908,0.098155,916,56,21.37,0.00,0,0
2026-10-09 00:03:18,HEBO,schatten,pup,7HE2WmPoYE7uaA7DKh25N5cUwEcUoiyjwZU9ZeaQpump,4846.3,7.62559954229e-08,0.6988,0.139750,2427,317,24.29,0.00,0,0
2026-10-09 00:03:18,HEBO,schatten,ACTII,41QF43mQKs1Qm51xK7uQWjxRA9oZ6S5mBVYveR4wLfzx,1973.8,3.44224017628e-08,0.5763,0.115269,791,52,20.38,0.00,0,0
2026-10-09 00:03:18,HEBO,schatten,TITS,DPVNMLe7zXsrg8Y9rMyPmxBG31qqo3v9FyWChbKQpump,1971.6,6.77156391662e-08,1.4301,0.228818,1928,34,27.67,0.00,0,0
2026-10-09 00:03:18,HEBO,schatten,TITS,C21p56TNF1Ec8BmyMkmLnwX56G3TzgYvzqMMVUPL7Fcm,1968.9,2.6683729492e-08,0.6813,0.136254,486,109,13.79,0.00,0,0
2026-10-09 00:03:18,HEBO,schatten,DICK,CN2hyxJgVbcnTC7jDhXuoJhZYA8aZ82LYwjM6MbU1Sen,727.4,2.56985255068e-08,0.1650,0.032994,415,55,7.59,0.00,0,0
2026-10-09 00:03:18,HEBO,schatten,b,GQhGVgVSEreBxFi6p68M5sEKn2KirzZMDfoj6BpbVnoY,722.2,7.4533908296e-08,0.1450,0.028993,2103,72,19.55,0.00,0,0
2026-10-09 00:03:18,Troupe,schatten,CLAUSE,EWKyN7QHfJo41ikKqpo8R5gwEvryytKo9Vf7NF39U1GC,4532.0,1.95202963622e-08,0.0565,0.011292,2085,24,2.31,0.00,0,0
2026-10-09 00:03:18,4DOV,schatten,TRADE,Euz6EjyubNjJmCkahGEfCXmnCwNVLunxc1LZWsmV3wKf,3044.2,2.99303638581e-08,0.0223,0.004460,706,184,16.73,0.00,0,0
2026-10-09 00:03:18,4DOV,schatten,pear,6UCR8nmHZGauct3tKfismdYuLFemB6iMtuKEGycq7wCX,334.6,1.01689495676e-07,0.0292,0.002919,5197,1022,24.11,0.00,0,3
2026-10-09 00:03:18,Cooker,schatten,X7,CdhZy8wrRxNxoV8HtoByXKN7mvS46avtuZ1b39tKfx7,10137.3,2.5648047337e-06,0.2534,0.050677,48157,1749,21.04,0.00,6,3
2026-10-09 00:03:18,Cooker,schatten,9e9,HZ4qZQJ7yf6WR1D24GLRLJ3cKUfgtJEF3B7SdLMLvCPZ,8867.8,3.27716318435e-08,0.0381,0.015234,918,251,12.98,0.00,0,0
2026-10-09 00:03:18,Gake,schatten,MINEPAD,2EUKLvNQ63YCmjSDyJ14Tzj7ASeHGXgseYWrKAa2mine,11016.9,6.7793914942e-07,0.3997,0.067952,15033,681,21.77,0.00,0,1
2026-10-09 00:03:18,Gake,schatten,TERRA,JD3d8mxEJ91LHZSuwVLquFAKdo5PbEeLCUevjjDsPdRe,9734.4,8.55913763626e-08,0.0629,0.012586,2496,111,29.73,0.00,0,0
2026-10-09 00:03:18,Gake,schatten,SHITCOIN,4BxBot4K36N3ZZkpB9sqEocy5iBi8cUttK6s8YbHH9Jo,8226.5,5.96830027311e-08,0.0634,0.012688,1735,105,37.14,0.00,0,0
2026-10-09 00:03:18,Gake,schatten,FROGE,6R1F4sNySF4NKGdhW3UhESWuYYRu4Cehk5rn3mGP375R,8215.7,4.90353215615e-08,0.0462,0.009239,1584,333,24.02,0.00,0,0
2026-10-09 00:03:18,Gake,schatten,GENESIS,CSEd3Pi5WZL7w5vmwNjDVXv8poAqSv2Dn1as1erUpump,5569.8,6.58322614713e-08,0.0136,0.002723,2369,766,17.87,0.10,0,1
2026-10-09 00:03:18,Gake,schatten,OATH,2RSsw9tntE1RmoiPnNFiu93EzQu2eLnCAzvZiqMSoatH,5553.7,1.07379909911e-06,0.9636,0.192714,15081,379,26.08,0.00,1,1
2026-10-09 00:03:18,Gake,schatten,IMAGINE,EpFTb2XcGiMyGLykZ9VYmyPWz2AHEwAggqSbwJpypump,5181.6,2.54918589085e-06,0.9539,0.190771,26915,785,37.75,9.37,0,0
2026-10-09 00:03:18,Dior,schatten,CAESAR,8cp1WhUDxTbfX8nDe1kAB1ogPUyQvUSKgzFz365LbQyZ,3986.0,2.46454623609e-07,0.1067,0.021344,7923,1387,21.31,0.00,1,2
2026-10-09 00:03:18,Dior,schatten,ClapCat,5BjfgmtfqvNpAWx1CnZynoWLWNMnrwHLhTFzQ81vkEc8,2157.1,1.85226703265e-06,0.5280,0.105592,25645,846,26.36,0.00,1,8
2026-10-09 00:03:18,Dior,schatten,Gunner,7thxAzq4B9KwPe4NqMNAntF2Njgqb9FTKQb4z6fYpump,859.7,5.51655593818e-07,0.5764,0.115275,9961,1014,19.84,0.00,13,12
2026-10-09 00:03:18,Dior,schatten,vamp,H72pex1VtfY2M7v2Tfk9D9PgvCocRuFN3owCveERSa4s,102.1,2.5244120047e-06,4.0423,0.727618,29378,1137,20.75,0.00,176,398
2026-10-09 00:03:18,C7bF,schatten,Pao,3K2vx7ww6dNcHViJStztSJvTQZWaMkYrYnTop5178iR2,353.3,5.85783326152e-08,0.9506,0.190115,1617,93,31.05,2.56,0,0
2026-10-09 00:03:18,koko,schatten,MAJOR,7AUzu756Pp3Cg3NByuKfcRSAFFt31kjC6U6R1npkiA1Q,7386.4,1.63530740089e-07,3.5800,0.715991,4171,159,30.33,0.00,0,0
2026-10-09 00:03:18,77n6,schatten,DIP,7KWJEZ9gUA839LqaSj2wgEhsTLCxghfsqFdimrDC98WY,438.8,1.03687392014e-07,0.2282,0.045640,2868,214,23.46,0.00,0,3
2026-10-09 00:03:18,499R,schatten,COIN,J7bhFegCHZAeRzdYDwmbSp1CJ1bDJkutSg26B4SXpump,12.7,3.85485298473e-06,1.0401,0.416051,52705,2752,20.66,0.00,359,973
2026-10-09 00:03:18,DWRA,schatten,ZCASH,5n7LRhpGcZQ4Xas2WoxwEiES315cV27bEaZubELrKZ49,106.1,4.60919480794e-08,0.0950,0.019006,3096,26,33.26,0.00,0,0
2026-10-09 00:03:18,CCBV,schatten,ZCASH,5n7LRhpGcZQ4Xas2WoxwEiES315cV27bEaZubELrKZ49,106.1,4.60919480794e-08,0.0950,0.019001,3096,26,33.26,0.00,0,0
2026-10-09 00:04:19,Loopierr,offen,GARP,FKPdKiZBYMU2MwHXKjyhgV6ozSh2APzvvr3ZBwFCfSHo,12248.0,2.62381006312e-08,0.0412,0.008245,552,145,10.92,0.00,0,0
2026-10-09 00:04:19,6ANG,offen,OpenSI,5ptkVdbpaPpEJPPVXE5CpJNCXEmAidyot5TQcDDawMzm,11975.6,9.47384243045e-07,2.2184,1.655493,15053,1169,21.98,0.00,1,0
2026-10-09 00:04:19,6ANG,offen,ANT,BTZK1B3pCoBDD1vy5e4bDBM4bwvvhkKUMTuKABkGWwGp,10036.6,4.15579463719e-07,1.0775,0.646518,9926,92,27.37,0.00,0,0
2026-10-09 00:04:19,6ANG,offen,ANTHROPIG,25DeVAVF86uAd2wcFewp7F1s6gjZei88Mj4xBzg3AP94,10036.4,1.30310397852e-07,0.5345,0.213800,5356,67,31.18,0.00,0,0
2026-10-09 00:04:19,9LXM,offen,SGI,FcZcFjfNPJR9rycZS1FwkiEgQTW7ZWRjdSaBdJ6M9ha6,11830.6,9.731763992e-08,0.0639,0.025557,5136,340,23.03,0.00,0,0
2026-10-09 00:04:19,HEBO,offen,goon,HSUMi4rMgjrx7zRUabw3ogGu1pa5hmF2eVcXj9Apump,12062.6,5.25831819814e-07,0.6439,0.463911,13373,2839,17.60,0.00,1,1
2026-10-09 00:04:19,HEBO,offen,Tico,35ccP7zmf4THJsDn3UtozYcWm1U8nzhyHcTgK3ETpump,11997.3,3.56529686008e-08,0.5961,0.119227,3890,29,7.17,0.00,0,0
2026-10-09 00:04:19,HEBO,offen,ArmyX,F7y94q8QvGKNCrGt6E5pgQ7ABBkQK4QkqEBGs9Y5ZFFk,9384.5,3.40187694707e-08,0.1270,0.101576,3122,57,15.71,0.00,0,0
2026-10-09 00:04:19,HEBO,offen,ZUCKS,2eBJvNnn7guSjX1yuE7seuDY9pveDiHkfoyeBh2WZroS,9118.9,2.26171373807e-08,0.3459,0.049806,2313,35,7.97,0.00,0,0
2026-10-09 00:04:19,HEBO,offen,TRUMPTV,34w4t74EsbJyBBSyYBFyNo65Ft7Ax8BF3HrubL1mwbpL,9024.0,2.03152433241e-08,0.1557,0.031149,2126,89,5.45,0.00,0,0
2026-10-09 00:04:19,HEBO,offen,pill,DvdmEnztCmXwBnAbedD48XVGZJSxq31zNvnyftXdpump,7960.1,1.75875486289e-05,1.0041,2.610644,218620,6053,21.87,0.00,3,2
2026-10-09 00:04:19,HEBO,offen,PUMPCAT,G4vqe8KAcRGTb7Kc55n9sz43aR4ugTPdSeUnAXZhpump,7959.7,3.59439247882e-06,1.7040,0.340798,47291,1290,24.73,0.00,0,0
2026-10-09 00:04:19,HEBO,offen,CUPTOBER,EKgswaMnRSJHmyFZCbxscTAjiR2bH1oLXsftepUGsPtz,7796.6,4.8666045444e-08,0.5916,0.236642,4854,28,13.44,0.00,0,0
2026-10-09 00:04:19,HEBO,offen,Scronkfinkle,DaUFkgZjwJCsM9QDWCsxtZS2omgHS3Fn9GHgTX5wwpcX,6534.4,5.0642666745e-08,0.4982,0.298945,1393,100,22.82,0.00,0,0
2026-10-09 00:04:19,HEBO,offen,Eagle,E3pWKtfQk6LLZpRWVTjJwrMY4vFa9umLYDPxWJtZSTNK,6510.8,2.69135731635e-08,0.1422,0.128808,2674,73,12.02,0.00,0,0
2026-10-09 00:04:19,HEBO,offen,Caviar,F7ktJWjMtubD8zwv5xMb35g5hPTvGQSDMS8UGcwXpump,5890.1,1.07839459364e-07,0.6877,0.275063,3086,85,27.76,0.00,1,1
2026-10-09 00:04:19,HEBO,offen,TIT,3KM7dvpUk2Wm8qdXtZpBJHgic4bAaz1MTDHvUEjKpump,5864.7,2.17762376688e-07,0.5766,0.576614,5945,129,26.88,0.00,0,0
2026-10-09 00:04:19,HEBO,offen,MIM,6bJtwhtvzkthAYszQ3ZWkFJzSvbGSkbAz9yPcSiXaGK6,5864.1,1.65082365455e-07,1.3054,0.261078,4881,192,27.38,0.00,0,1
2026-10-09 00:04:19,HEBO,offen,Taste,93FWFR63nwQcq5zuXNmTits5BYcKFjmUZzccMvhmpump,5863.8,1.16267020229e-07,1.2953,0.518135,8801,38,24.15,0.00,0,0
2026-10-09 00:04:19,HEBO,offen,GPH,H1hFymzkRE7CAdxEuBWYknvsTCgoDXAqPKFU94iPpump,5858.0,4.87087925217e-08,0.9218,0.184357,867,68,10.72,0.00,0,0
2026-10-09 00:04:19,HEBO,offen,TIT,Ar3QBegnCQr6ZFyN9h637ar9JCxZRvdboiR1QzMrpump,4851.9,1.80581766632e-07,0.6098,0.975623,4688,281,37.63,0.00,0,3
2026-10-09 00:04:19,HEBO,offen,AVERY,8QFGVLXehnTv28eMdXZkhY5d84SVF58LAfRGx8zWpH9b,4788.7,3.09910199792e-08,0.1730,0.034603,2601,220,19.30,0.00,0,0
2026-10-09 00:04:19,HEBO,offen,APU,HoCeDUrd5BqfYmaRk2eiUpzshEvpwfYpgrJ4YKFCpump,3587.5,1.38746374156e-07,0.7751,0.155011,4473,257,26.35,0.00,0,0
2026-10-09 00:04:19,HEBO,offen,APU,E7eCZS2cq655qJ7uVx3dSHR2zK31kwNQsWS6P6Hpump,3587.3,2.34895614179e-06,3.2859,3.285862,23521,468,27.05,0.00,11,8
2026-10-09 00:04:19,HEBO,offen,COCKROACH,H4KUxsEgCp2yDpFvyDuGM5k6XevSKKrrKUxZ3Zr6nyJc,3582.5,1.05373180029e-05,1.5563,2.801360,91646,3655,19.17,0.00,2,7
2026-10-09 00:04:19,HEBO,offen,MDOG,F5zC2QoP6j2erxNyf4z6iNCi6X6AkburMC2Xofhxpump,3361.8,8.24311888309e-08,0.9666,0.193313,3219,1642,17.78,0.00,0,0
2026-10-09 00:04:19,HEBO,offen,SI,8ALHRuN5q4MHRaKPdiXi7cHyVWicZVwQx2TBTCH8GZ4h,3117.2,1.58981893548e-07,1.5013,0.300251,4293,73,23.06,0.00,0,0
2026-10-09 00:04:19,HEBO,offen,PHASEONE,GfawjB4Fxz389kECjrrnsdS8MKb9hMgALonJddGQasHL,1983.0,2.51548160491e-08,0.4279,0.085570,406,71,10.53,0.00,0,0
2026-10-09 00:04:19,HEBO,offen,TITS,GLsHzxjtktCKzAA8LEEfXJ5UF2Jdsj161e5Duh3tkzga,1969.7,3.64813518159e-08,0.6718,0.134351,1115,484,16.26,0.00,0,0
2026-10-09 00:04:19,HEBO,offen,AI,4AvWfTKcEFqwRjxBnoyWRY7wF7UV9cqH3492UFKHpump,1946.0,4.45521772152e-08,0.6468,0.129364,1196,54,21.25,0.00,0,0
2026-10-09 00:04:19,HEBO,offen,INSTADOCS,AMj8gG4mXckBoaT5mGQDwriKUqJtEApNg2CuXw6Ypump,1945.8,5.81670479375e-08,1.2130,0.242608,1618,21,23.26,0.00,0,0
2026-10-09 00:04:19,HEBO,offen,DICK,CN2hyxJgVbcnTC7jDhXuoJhZYA8aZ82LYwjM6MbU1Sen,729.0,2.575555997e-08,0.1472,0.117770,415,55,7.59,0.00,0,0
2026-10-09 00:04:19,HEBO,offen,b,Cr8kuNqKwiVVuzqLYKcJhmpSHy767837BwLFr9GDYXUf,723.5,6.00949198899e-08,0.3294,0.131745,1776,274,23.89,0.00,0,1
2026-10-09 00:04:19,HEBO,offen,DICK,3b1yu2Xz3qYJSrsKxnRKPgQCxTD7QWjdL2UZKQd63hXv,722.8,3.15599218458e-08,0.2327,0.093085,3537,9,4.59,0.00,0,0
2026-10-09 00:04:19,HEBO,offen,b,GQhGVgVSEreBxFi6p68M5sEKn2KirzZMDfoj6BpbVnoY,710.7,7.46993264034e-08,0.6432,0.257271,2103,72,19.55,0.00,0,0
2026-10-09 00:04:19,HEBO,offen,Thing,2YScUrXEdNzChj7U76CQ41UadmKjzx33cTcfQyLtpump,708.5,3.52713848194e-08,0.9232,0.184636,3732,15,10.41,0.00,0,0
2026-10-09 00:04:19,HEBO,offen,RARI,EFn88CiiFHhihqdr1Y11XBDxbbYarBf1ij92DsrigYwR,588.4,1.1726400711e-05,1.7707,2.478962,143205,3465,21.13,0.00,10,24
2026-10-09 00:04:19,HEBO,offen,Macca,8m2HLRPyaHV2h2xPj6FxJyxocCqXdf8msP51VUhzpump,480.0,1.96270558779e-07,1.0126,0.202522,4450,62,28.62,0.00,0,0
2026-10-09 00:04:19,Troupe,offen,PUMP,pumpCmXqMfrsAkQ5r49WcJnRayYRqmXz6ae8H7H9Dfn,10187.1,5.06782335081e-05,1.0453,0.009452,41380068,320273,59.34,0.00,138,669
2026-10-09 00:04:19,Troupe,offen,homo,42AtRP5d3ySBj9iveMYeD23kkmN3HEZFwUzs1YKvkPA9,8534.6,2.24217938695e-08,0.0603,0.010570,252,146,3.18,0.00,0,0
2026-10-09 00:04:19,Troupe,offen,PUMPE,9fJAWKQpkY93hfuZxrHfh5wEh2AV9vjkWNQfzfbziHd2,8407.8,5.53020854379e-06,0.2001,0.240155,42139,2246,18.17,0.80,1,2
2026-10-09 00:04:19,Troupe,offen,HOLD,6REnZgtxhwdSAHczAp4J5PRsGQYQt7T3x4kEDyfs9U7y,8364.9,2.48464608786e-08,0.0143,0.002861,549,467,2.94,0.00,0,0
2026-10-09 00:04:19,Troupe,offen,THICC,3QEbHMK6ceYevtaCdLmBQMJgcPb9PJQpgyFBP6f6x6Rg,5709.4,1.4180943804e-08,0.0659,0.013189,1486,8,4.02,0.00,0,0
2026-10-09 00:04:19,Troupe,offen,CLAUSE,EWKyN7QHfJo41ikKqpo8R5gwEvryytKo9Vf7NF39U1GC,4533.1,1.95636190667e-08,0.0803,0.016065,2085,24,2.31,0.00,0,0
2026-10-09 00:04:19,Troupe,offen,TESTla,TESZBZpTRGUDriZQg72kYre1Vozyp2de7Z6o5JUtdRA,2880.0,0,0.0000,0.000000,1,38,3.55,0.04,0,0
2026-10-09 00:04:19,4DOV,offen,BOT,Aaan4fxwhKtUUPg2GSKq6natLV9oj9QQNf5xT4UE2gXr,9834.1,3.12667292623e-08,0.0367,0.007341,806,314,15.16,0.00,0,0
2026-10-09 00:04:19,4DOV,offen,PUDU,8HQgEcbhR5Xoh735zvndAocCLd7wdAYJfWHV55J8pump,8385.2,2.78944380103e-08,0.0132,0.005293,573,423,13.10,0.00,0,0
2026-10-09 00:04:19,4DOV,offen,Aiden,9dSMwFfPezQ8WPcW1uZV7ns4rcviEj2LssSAg75WBLXd,6946.0,4.60112532634e-07,0.0327,0.014718,11504,3043,20.89,0.00,0,0
2026-10-09 00:04:19,4DOV,offen,SPLICE,7bC8ugu1ZJn21MhA4ht483nX8brLNesa8R7XLimpFyhq,6189.5,4.66200534567e-07,0.0295,0.017684,11626,2525,25.94,0.03,0,2
2026-10-09 00:04:19,4DOV,offen,Ash,4jxyespUyvDxg1cN1NMCWErHGGyPrBdEzPiDobLBmttL,5871.9,4.26596208643e-08,0.1066,0.021316,1049,21,2.44,0.00,0,0
2026-10-09 00:04:19,4DOV,offen,www,GAwhcphCqCv5bKHmCiN4VDdNWfbXJL4npmkc8L3Q9S9H,5721.2,7.45219496266e-07,0.0713,0.028527,24256,6256,20.41,0.00,6,2
2026-10-09 00:04:19,4DOV,offen,ACTII,DYjM6f2R34Qp4jPE73HsdEVZwwcQFCsokpNYCqBUpump,5649.0,2.26033120246e-07,0.0428,0.012826,5989,1060,23.43,0.00,1,1
2026-10-09 00:04:19,4DOV,offen,BANANA,G7JkKqGb69cCWC2XkDXc8LG8qbifTkCKpsAcr6kApump,5532.9,2.87422791024e-08,0.0275,0.005503,610,180,15.89,0.00,0,0
2026-10-09 00:04:19,4DOV,offen,JITI,6YuVyHbjdwxiH1CLCSusP9yjXmsVvQfcTbSSPcFuXDew,4971.8,4.67316167664e-08,0.0396,0.007922,1774,781,17.80,0.00,0,0
2026-10-09 00:04:19,4DOV,offen,QINU,4unydQjvYdqR31pkuBYGu2nGst8r8j5XMW8KXRXtpump,4735.4,3.5015004523e-08,0.0210,0.008411,986,519,12.45,1.06,0,0
2026-10-09 00:04:19,4DOV,offen,NOLLA,CXw5hY3BMi87DTa99ekZgwxuvu7pQ2FUQVecs3SvJLD9,4555.6,2.966244284e-08,0.0265,0.005307,684,316,15.30,0.00,0,0
2026-10-09 00:04:19,4DOV,offen,TRANNIE,BvLqum9qd4TWQ1c9WPmLYMvxxzoXUjsFycVffvjyq16,4474.7,2.54271701627e-08,0.1087,0.021734,377,108,11.98,0.00,0,0
2026-10-09 00:04:19,4DOV,offen,OTC,MukLDtJ8Cx9DxLbeyLRSWPSposTMWuwHANbuaudpump,4022.1,8.40393230366e-05,0.7884,0.018126,509538,20662,25.81,0.00,7,43
2026-10-09 00:04:19,4DOV,offen,TRADE,Euz6EjyubNjJmCkahGEfCXmnCwNVLunxc1LZWsmV3wKf,3045.4,2.99967903243e-08,0.0240,0.009597,706,184,16.73,0.00,0,0
2026-10-09 00:04:19,4DOV,offen,Human,8nPoBHiBM6pybxMws9PA2JRb9BjkppBfqcZGmot4DMBC,1874.2,1.5793875766e-06,0.3715,0.005063,33261,5378,24.18,0.00,0,4
2026-10-09 00:04:19,4DOV,offen,HSM,2856wfnQ27LH23yKeFHJ4XQpQ2bsw4sen8RqyW5Wpump,1731.1,3.75201284092e-08,0.0826,0.033045,1385,542,15.92,0.00,0,1
2026-10-09 00:04:19,4DOV,offen,QPEPE,BwVrWfDgT6UFpJsfH7J8bqtRu8vekE2w1GyEAEuZKa9R,366.4,2.06945134801e-07,0.3862,0.308996,6806,163,27.59,0.00,3,3
2026-10-09 00:04:19,4DOV,offen,OP_CAT,4QV31UeJJyUVWP2f1qgEz8gUPkf6WyPZyAmGdT8UD8Ld,349.1,2.873685243e-07,0.2350,0.046996,6160,343,23.76,0.00,0,4
2026-10-09 00:04:19,4DOV,offen,pear,6UCR8nmHZGauct3tKfismdYuLFemB6iMtuKEGycq7wCX,336.5,1.01915182002e-07,0.0467,0.012886,5197,1022,24.11,0.00,0,3
2026-10-09 00:04:19,4DOV,offen,INU,AACtroE9u7vTbLWBbMtkPx4bK79YYxBHgb8tfd1Apump,329.7,6.39089909559e-08,0.0457,0.009146,2529,847,25.21,0.00,5,1
2026-10-09 00:04:19,4DOV,offen,Alcebíades,7CWUYu169uBLva1PEjWXG2m12XU5nFe2dR454FmCpump,130.8,3.49817071723e-07,0.1275,0.012750,7264,491,23.18,0.00,5,19
2026-10-09 00:04:19,Cooker,offen,SI,DEW9dSN6QpWyNthphCpMmAbZP1Q4cEKR9xQXAri98WDP,10359.1,0.000252146377483,0.7429,0.445745,1800523,55212,16.95,0.00,32,154
2026-10-09 00:04:19,Cooker,offen,HOOKED,C1mBfBoDkwWfd6uTFZp62ARHLjeVp3bDpCDMfMZtPngE,8905.4,8.53877103787e-05,0.7816,1.654226,1040062,12565,19.30,0.00,31,80
2026-10-09 00:04:19,Gake,offen,CURVE,7ioeSgzfSKHMnpgfPpgRFsekMBGiu9oi6t6GeqYtNbbh,11047.9,1.66195374958e-06,0.4804,0.096072,101625,1103,14.73,0.07,1,0
2026-10-09 00:04:19,Gake,offen,SDOG,yFcTuQJCMsd1Asya15GZ7h4KGdxsujRLcUiTWWXpump,10861.3,4.15365367181e-07,0.0557,0.011131,10221,1533,21.11,0.00,1,2
2026-10-09 00:04:19,Gake,offen,OP,5PiBn5JdjJDnRGziiSfsu2affgBR3DyTTCR3CHpcode,10798.7,2.5687121822e-07,0.0707,0.014148,8351,1380,23.08,0.00,0,3
2026-10-09 00:04:19,Gake,offen,PURPS,purpFPo5voy6fEu8jxSCwVdMs1zyYEYAH6FBQvTYCZK,8516.4,1.67811787193e-06,0.5887,0.117744,24667,2253,31.58,0.00,1,1
2026-10-09 00:04:19,Pikalosi,offen,Miu,7LNFZcNigZay5U9e2sq6n2Z4iM8BC2Dd53L14pwvpump,9022.9,4.93280272965e-07,1.1819,0.236374,14899,799,21.50,0.00,0,0
2026-10-09 00:04:19,Dior,offen,OTC,MukLDtJ8Cx9DxLbeyLRSWPSposTMWuwHANbuaudpump,9348.8,8.40393230366e-05,1.2403,6.803851,509538,20662,25.81,0.00,7,43
2026-10-09 00:04:19,Dior,offen,TripleT,J8PSdNP3QewKq2Z1JJJFDMaqF7KcaiJhR7gbr5KZpump,8476.9,5.90431113529e-05,0.9529,0.381145,348707,24792,18.98,0.00,4,24
2026-10-09 00:04:19,Dior,offen,Kirkslop,8m5hzX9hprtWwPuVZL4daCZfggWYKc6fhSJDDpiqpump,8156.2,6.15938990663e-07,0.9374,0.562464,13555,393,28.14,0.00,0,0
2026-10-09 00:04:19,Dior,offen,COCKROACH,H4KUxsEgCp2yDpFvyDuGM5k6XevSKKrrKUxZ3Zr6nyJc,4995.5,1.05373180029e-05,1.1316,3.168532,91646,3655,19.17,0.00,2,7
2026-10-09 00:04:19,Dior,offen,CAESAR,8cp1WhUDxTbfX8nDe1kAB1ogPUyQvUSKgzFz365LbQyZ,3965.2,2.34683094164e-07,0.1171,0.327981,7711,1385,21.31,0.00,1,4
2026-10-09 00:04:19,Dior,offen,ClapCat,5BjfgmtfqvNpAWx1CnZynoWLWNMnrwHLhTFzQ81vkEc8,2150.4,1.82219358532e-06,0.6666,0.799871,25644,841,26.36,0.00,1,13
2026-10-09 00:04:19,Dior,offen,Gunner,7thxAzq4B9KwPe4NqMNAntF2Njgqb9FTKQb4z6fYpump,857.3,5.68524306947e-07,0.5331,2.665708,10034,1015,19.84,0.00,15,12
2026-10-09 00:04:19,Dior,offen,OpiumBird,HmCxqpgxaQng3A73F7vLgJjc9sr6ACFt8CEJwWY2hMGR,665.8,2.65455065866e-06,1.0356,0.414226,33843,2414,30.70,0.00,0,0
2026-10-09 00:04:19,Dior,offen,vamp,H72pex1VtfY2M7v2Tfk9D9PgvCocRuFN3owCveERSa4s,97.8,2.31280106471e-06,4.4051,1.762041,28448,1134,20.75,0.00,166,415
2026-10-09 00:04:19,3zsr,offen,Sapijiju,8Fs2YLsayR4awLB79nMM3QCpG3pqvcAGP7hHb8fX4L2G,8847.9,1.1006586597e-07,1.0270,0.205403,3494,367,25.65,0.00,1,0
2026-10-09 00:04:19,3zsr,offen,EZRA,4qTqqkexQCEP2m8UrDWXACHpA8bEkGxpNJrDPMNcfHKQ,4184.6,3.57385680023e-08,1.0819,0.216375,3889,6,7.67,0.00,0,0
2026-10-09 00:04:19,3zsr,offen,ELONMUSK,5QmEgE9rK3aB1SDi7mK7rXPt2QHe7FRT69zbb2X2iSip,4184.4,3.46093406895e-08,1.0091,0.201815,3775,5,12.21,0.00,0,0
2026-10-09 00:04:19,3zsr,offen,HIGCAT,52sQ5kFhaTD6NsfN4oKreHZAwxrxgUo129ZCG3EBsVhv,4184.2,3.38423009536e-08,0.9549,0.190975,3726,6,6.49,0.00,0,0
2026-10-09 00:04:19,3zsr,offen,GIA,4FuWREkDYG1chHxHfgmUv3AN1iLPUi42Er6UboWUJKwU,4183.9,3.34989642936e-08,0.9386,0.187715,3669,8,7.03,0.00,0,0
2026-10-09 00:04:19,3zsr,offen,Sworddog,2QLpYwa5tzMjGBZWCmu9WHEPTNPH65w7xeFHSU1Hpump,3611.5,3.7649469421e-08,0.9503,0.190065,3846,16,15.41,0.00,0,0
2026-10-09 00:04:19,3zsr,offen,TRUMP,AYLh1Bgthdgego4EBAJQZtzXiQ6b1EbrPWES5V1vjhzV,3496.3,3.18590460154e-08,0.5138,0.051384,665,82,17.07,0.00,0,0
2026-10-09 00:04:19,3zsr,offen,RUGRUN,2VFjLcouktUNWRsZVkdiJ57nmRZR8HTJjKzDkZ3mbN8f,3469.0,3.51552587903e-08,1.0263,0.205252,3866,5,6.69,0.00,0,0
2026-10-09 00:04:19,3zsr,offen,HOUS,4pZQCY4HLpeYyJJ48yu7Z49B4G1Z7B1ZH3YdvVfNqKGn,3468.8,3.75619883498e-08,0.9113,0.182262,3758,14,15.47,0.00,0,0
2026-10-09 00:04:19,3zsr,offen,OWL,vEtdEEWyX8SS5ZrRZjtT3WzV8bdLS13t5Uvg7YLpump,576.3,3.28391382527e-08,0.9742,0.194833,3519,16,9.17,0.00,0,0
2026-10-09 00:04:19,3zsr,offen,BCAT,6rtt3rgrgRYbgWDkMGLZmNjjMAkyTquqVZTkhYzn6xdB,550.8,3.34489195465e-08,0.9547,0.283673,3591,8,9.00,0.00,0,0
2026-10-09 00:04:19,3zsr,offen,PQCINU,26UJpU6dCjGJQjaUodSB8V7bzYjdTWZrDyN8jtXfL8Vf,542.2,3.15572876903e-08,0.9178,0.183561,3398,6,8.70,0.00,0,0
2026-10-09 00:04:19,3zsr,offen,PDOG,Dj9fsUKStiepdQdXzBLcHr59FnR58pAyc6XnXi4eZrCr,532.0,3.25660242031e-08,0.8684,0.173675,3519,5,8.35,0.00,0,0
2026-10-09 00:04:19,3zsr,offen,SKATE,Wwn74emwczd4bWNp4j1EnQCt299pedr1uEacqsgwerk,516.5,4.0464958084e-08,0.9523,0.190455,3949,48,14.87,0.00,0,0
2026-10-09 00:04:19,3zsr,offen,STREETCRAFT,5y4eGSBuc43Z3g9mDrPa8Z7w9VMdRYEWK3zfPRpRuhwi,514.9,2.55119535665e-08,0.8903,0.178055,423,109,9.76,0.00,0,0
2026-10-09 00:04:19,3zsr,offen,QCAT,5Q8D4128ZqRiXb8ivCKMVtWaLpC23cssosiTNQVeGgQM,510.0,3.72896104706e-08,0.7381,0.147625,3735,17,14.71,0.00,0,0
2026-10-09 00:04:19,3zsr,offen,trump,2zM3QpEjbE6RYf8ZeNzdaTTAZJJQzJxV6PWDPBKRNH2n,507.2,3.36809110985e-08,0.8092,0.161838,3586,8,9.81,0.00,0,0
2026-10-09 00:04:19,3zsr,offen,fallout,7gAJBUhr3RPxGRkQQhphUvi4668dBjwpuQ22TwqPnt2h,470.5,3.49957936436e-08,0.9564,0.191276,3628,7,12.37,0.00,0,0
2026-10-09 00:04:19,3zsr,offen,QEPE,BrMHuM7uRbmygmhJMPXQEJxUuJr3xJWqgFoFngvgZHdc,407.9,3.15412667819e-08,0.8935,0.178701,3447,7,7.24,0.00,0,0
2026-10-09 00:04:19,3zsr,offen,Quantum,81cKqDPK7xEGQWvfqBT3mJTvPL7dF5QFcjmWt4uxugEq,386.6,4.22619900438e-08,0.8855,0.177099,4053,32,16.70,0.00,0,0
2026-10-09 00:04:19,3zsr,offen,QUBIT,4Wsk4ezKTweuuMgetUBC3PzcoM9TzB8cky1c68vApR96,383.3,5.34983000911e-08,0.7192,0.143843,4683,24,25.52,0.00,0,1
2026-10-09 00:04:19,3zsr,offen,SKATE3,BZDShqTtTL5EAk38RYSrFUfYM1YBZT4zqRajQz1Wpump,346.8,8.19043359159e-08,1.1059,0.221175,5609,104,19.80,0.00,1,7
2026-10-09 00:04:19,3zsr,offen,Bunker,3WzaZwVmjr3JMWKknJtnEn3R4kaX9pVkwQJmC9fxpump,316.0,7.15658379452e-08,0.8749,0.174977,6234,1060,11.09,0.00,0,0
2026-10-09 00:04:19,3zsr,offen,KOTH,3RRGi7ZcodyqNRNDJEySgCuteuE9AV5MsYjXiZLQpCJH,297.6,6.32253747998e-08,0.9115,0.182290,1771,146,20.71,0.00,0,0
2026-10-09 00:04:19,3zsr,offen,Tiktok,kmNXT7yTqLbNKwYmCHf8A1gAhLB6XgTmiRDv9Udpump,246.6,3.19024983854e-08,0.7849,0.156973,631,63,21.33,0.00,0,0
2026-10-09 00:04:19,C7bF,offen,SPSI,ERvSTRZsoEdM79d9Ajb2KMSnM1uPgamW3BoNgj21teCa,1828.4,3.77786367906e-08,1.0142,0.202833,299,4,10.89,0.00,0,0
2026-10-09 00:04:19,C7bF,offen,KMS,D1sm1V3pHGTv32ugeXoer4a91xqfuh4jJBYQwePSKVez,512.0,3.52306295563e-07,0.1156,0.023127,8750,895,24.56,0.00,0,0
2026-10-09 00:04:19,C7bF,offen,MASSIMO,H6XiYttyMFsKXj6BJzYZMEjhUz6EwymaX4ug35G6pump,271.2,6.04289518308e-08,0.1702,0.034042,1686,145,19.10,0.00,0,0
2026-10-09 00:04:19,77n6,offen,DIP,7KWJEZ9gUA839LqaSj2wgEhsTLCxghfsqFdimrDC98WY,433.8,1.03917512406e-07,0.4544,0.272652,2868,214,23.46,0.00,0,3
2026-10-09 00:04:19,G7b2,offen,SXSI,DQysBW79uHzZAWd2ahVQrf89CuSFqVzuNA3ijHbjVJfG,5638.3,1.79055937181e-06,0.7153,1.144506,24558,1161,28.76,0.00,2,3
2026-10-09 00:04:19,G7b2,offen,SI,DEW9dSN6QpWyNthphCpMmAbZP1Q4cEKR9xQXAri98WDP,5599.1,0.000252146377483,1.1386,3.936470,1800523,55212,16.95,0.00,32,154
2026-10-09 00:04:19,499R,offen,bracat,FZ9BqVmfANPMMD6DogBmkn9uXBPqivNhr1Gu1awGgprS,2.6,9.34322226777e-07,1.0651,0.426040,18113,553,22.25,0.00,22,51
2026-10-09 00:04:19,7Cn1,offen,si.gov,7CTRbkV1tVuq1f59pRxT1Pb2W5AHG4gM9FMH4rGzKiXv,4819.7,3.56431602886e-06,1.3070,0.996557,37536,2200,13.68,0.00,5,11
2026-10-09 00:04:19,7Cn1,offen,CRAWL,BXoHJddsWJLHtAopeiSbKUSELsu8hSFMs8baGMDkpump,1567.4,4.10505845111e-05,1.3130,0.590841,458801,9858,15.77,0.00,12,52
2026-10-09 00:04:19,Croco-AC7K,offen,CLAUDIA,2j5SaS7xy776qCBpyPQbZjyQSAtKiFgrwjfErthnW2ZM,1142.9,3.68062535828e-06,0.7227,0.289082,49839,2500,19.67,0.00,5,15
2026-10-09 00:04:19,HoneyBadger-6kfX,offen,phubber,CBcjQNdtgb4SHwKDqKFxD3yPSk7pEMpKHQiMmZrgpump,2983.9,3.59513931302e-06,0.9128,1.825579,43164,2862,21.02,0.00,2,2
2026-10-09 00:04:19,HoneyBadger-6kfX,offen,pup,7HE2WmPoYE7uaA7DKh25N5cUwEcUoiyjwZU9ZeaQpump,2430.2,7.64252354739e-08,0.7463,0.298515,2427,317,24.29,0.00,0,0
2026-10-09 00:04:19,8K7Z,offen,RARI,EFn88CiiFHhihqdr1Y11XBDxbbYarBf1ij92DsrigYwR,2641.6,1.1726400711e-05,0.8857,0.914566,143205,3465,21.13,0.00,10,24
2026-10-09 00:04:19,FKJE,offen,HOOKED,C1mBfBoDkwWfd6uTFZp62ARHLjeVp3bDpCDMfMZtPngE,3405.8,8.53877103787e-05,1.4693,0.450117,1040062,12565,19.30,0.00,31,80
2026-10-09 00:04:19,FKJE,offen,Cartridge,ArenDYANqFNkp8ZqAXt69vT5Dz7WD4zDfSpVw6oPpump,1353.4,1.43677867256e-06,1.4345,0.573818,23006,863,24.43,0.85,0,2
2026-10-09 00:04:19,FKJE,offen,BORDR,6Mix12LiHrQFojaQEnfPUC65Qkwd6X4Y5Qg93oFbordr,592.9,1.15888123755e-05,1.4613,0.584520,123983,3244,14.46,0.00,15,50
2026-10-09 00:04:19,2z7o,offen,WII,Betne2zJWDB3wZufUXhWdaBWFqiMZYiZ6fSxeTwzpump,32.7,1.61637715493e-07,1.1519,0.230386,7889,99,20.33,0.00,3,0
2026-10-09 00:04:19,2z7o,offen,TAVE,7yKXbKZFXRj8imN2jdt4PXrncZkdbPaT7kYLEMMypump,26.3,5.30211088509e-08,0.9220,0.184392,4504,23,24.51,0.05,0,1
2026-10-09 00:04:19,2z7o,offen,Garlic,GK8nbwNuowbZX5d5NRhJ2rRpvazvLZ78GuCXoYUHpump,14.3,6.18647275357e-08,1.0079,0.201585,4874,35,25.59,0.00,1,2
2026-10-09 00:04:19,54QZ,offen,GOBLIN,E2itWssNNRVYSTd7U6Q7y5XVRVJM4eAxG7TGSv5epump,2007.3,3.00118538834e-07,0.7706,0.711715,9261,551,23.45,0.00,0,1
2026-10-09 00:04:19,54QZ,offen,GODS,8nV3xKVvhX7KVnoxVN93ahcvFSecrWovturHggMHruQn,701.6,4.88909407238e-07,1.0342,0.317041,9540,541,24.82,0.00,2,1
2026-10-09 00:04:19,54QZ,offen,MARVIN,7HjUj6sghEh964xp1cxf7uUovSsSsuQVdt9jheH3ruqb,418.9,8.49317296975e-08,0.9774,0.195486,4342,52,28.22,0.00,0,0
2026-10-09 00:04:19,DWRA,offen,ZCASH,5n7LRhpGcZQ4Xas2WoxwEiES315cV27bEaZubELrKZ49,106.8,4.61942430347e-08,0.0865,0.034616,3096,26,33.26,0.00,0,0
2026-10-09 00:04:19,CCBV,offen,ZCASH,5n7LRhpGcZQ4Xas2WoxwEiES315cV27bEaZubELrKZ49,107.1,4.61942430347e-08,0.0878,0.035131,3096,26,33.26,0.00,0,0
2026-10-09 00:04:19,Loopierr,schatten,CatCollector,5AgD5tmarU5kgbqHqCgDEMcAHAQAm8muV67xkKs9urps,9475.3,3.51988241803e-08,0.1046,0.020917,129,32,2.94,0.00,0,0
2026-10-09 00:04:19,Loopierr,schatten,SGI,36yTNhb9rfogt4mWxFiTnBeeT9bNXrVdKymAJ3jbvTzM,9324.3,3.19454328001e-08,0.2001,0.040024,3679,6,0.36,0.00,0,0
2026-10-09 00:04:19,6ANG,schatten,ANTHROPIG,25DeVAVF86uAd2wcFewp7F1s6gjZei88Mj4xBzg3AP94,10036.4,1.30310397852e-07,0.5314,0.106282,5356,67,31.18,0.00,0,0
2026-10-09 00:04:19,HEBO,schatten,SI,4qCW74oX82oTeypDzFYYYZ6eJ6yPQVFeX196YpHszJFY,6157.5,2.30962769119e-08,0.4581,0.091627,2303,53,10.81,0.00,0,0
2026-10-09 00:04:19,HEBO,schatten,INCOME,E7mRvAbgZdA6dF7cgXZevkbjd9Yfy5q11XEFnWZfpump,5886.3,5.528811776e-08,0.8830,0.176594,2010,1258,13.27,0.00,0,0
2026-10-09 00:04:19,HEBO,schatten,GPH,BtmRMRazMTY2KqpbZkdFGrGJSm8rwLG744DV8Webpump,4847.9,3.47074822133e-08,0.4919,0.098372,916,56,21.37,0.00,0,0
2026-10-09 00:04:19,HEBO,schatten,pup,7HE2WmPoYE7uaA7DKh25N5cUwEcUoiyjwZU9ZeaQpump,4847.4,7.64252354739e-08,0.7003,0.140060,2427,317,24.29,0.00,0,0
2026-10-09 00:04:19,HEBO,schatten,ACTII,41QF43mQKs1Qm51xK7uQWjxRA9oZ6S5mBVYveR4wLfzx,1974.8,3.44987977104e-08,0.5776,0.115525,791,52,20.38,0.00,0,0
2026-10-09 00:04:19,HEBO,schatten,TITS,DPVNMLe7zXsrg8Y9rMyPmxBG31qqo3v9FyWChbKQpump,1972.7,6.78659250311e-08,1.4333,0.229325,1928,34,27.67,0.00,0,0
2026-10-09 00:04:19,HEBO,schatten,TITS,C21p56TNF1Ec8BmyMkmLnwX56G3TzgYvzqMMVUPL7Fcm,1969.9,2.67429504846e-08,0.6828,0.136556,486,109,13.79,0.00,0,0
2026-10-09 00:04:19,HEBO,schatten,DICK,CN2hyxJgVbcnTC7jDhXuoJhZYA8aZ82LYwjM6MbU1Sen,728.5,2.575555997e-08,0.1653,0.033067,415,55,7.59,0.00,0,0
2026-10-09 00:04:19,HEBO,schatten,b,GQhGVgVSEreBxFi6p68M5sEKn2KirzZMDfoj6BpbVnoY,723.2,7.46993264034e-08,0.1453,0.029057,2103,72,19.55,0.00,0,0
2026-10-09 00:04:19,Troupe,schatten,CLAUSE,EWKyN7QHfJo41ikKqpo8R5gwEvryytKo9Vf7NF39U1GC,4533.0,1.95636190667e-08,0.0566,0.011317,2085,24,2.31,0.00,0,0
2026-10-09 00:04:19,4DOV,schatten,TRADE,Euz6EjyubNjJmCkahGEfCXmnCwNVLunxc1LZWsmV3wKf,3045.2,2.99967903243e-08,0.0223,0.004470,706,184,16.73,0.00,0,0
2026-10-09 00:04:19,4DOV,schatten,pear,6UCR8nmHZGauct3tKfismdYuLFemB6iMtuKEGycq7wCX,335.6,1.01915182002e-07,0.0293,0.002925,5197,1022,24.11,0.00,0,3
2026-10-09 00:04:19,Cooker,schatten,X7,CdhZy8wrRxNxoV8HtoByXKN7mvS46avtuZ1b39tKfx7,10138.3,2.57049697707e-06,0.2539,0.050790,48157,1749,21.04,0.00,6,3
2026-10-09 00:04:19,Cooker,schatten,9e9,HZ4qZQJ7yf6WR1D24GLRLJ3cKUfgtJEF3B7SdLMLvCPZ,8868.8,3.28443641266e-08,0.0382,0.015268,918,251,12.98,0.00,0,0
2026-10-09 00:04:19,Gake,schatten,MINEPAD,2EUKLvNQ63YCmjSDyJ14Tzj7ASeHGXgseYWrKAa2mine,11017.9,6.79443745296e-07,0.4006,0.068102,15033,681,21.77,0.00,0,1
2026-10-09 00:04:19,Gake,schatten,TERRA,JD3d8mxEJ91LHZSuwVLquFAKdo5PbEeLCUevjjDsPdRe,9735.4,8.57813350514e-08,0.0631,0.012614,2496,111,29.73,0.00,0,0
2026-10-09 00:04:19,Gake,schatten,SHITCOIN,4BxBot4K36N3ZZkpB9sqEocy5iBi8cUttK6s8YbHH9Jo,8227.5,5.98154612266e-08,0.0636,0.012716,1735,105,37.14,0.00,0,0
2026-10-09 00:04:19,Gake,schatten,FROGE,6R1F4sNySF4NKGdhW3UhESWuYYRu4Cehk5rn3mGP375R,8216.8,4.91441489432e-08,0.0463,0.009260,1584,333,24.02,0.00,0,0
2026-10-09 00:04:19,Gake,schatten,GENESIS,CSEd3Pi5WZL7w5vmwNjDVXv8poAqSv2Dn1as1erUpump,5570.8,6.59783674296e-08,0.0136,0.002729,2369,766,17.87,0.10,0,1
2026-10-09 00:04:19,Gake,schatten,OATH,2RSsw9tntE1RmoiPnNFiu93EzQu2eLnCAzvZiqMSoatH,5554.7,1.07618225355e-06,0.9657,0.193142,15081,379,26.08,0.00,1,1
2026-10-09 00:04:19,Gake,schatten,IMAGINE,EpFTb2XcGiMyGLykZ9VYmyPWz2AHEwAggqSbwJpypump,5182.6,2.55484347027e-06,0.9560,0.191194,26915,785,37.75,9.37,0,0
2026-10-09 00:04:19,Dior,schatten,CAESAR,8cp1WhUDxTbfX8nDe1kAB1ogPUyQvUSKgzFz365LbQyZ,3987.0,2.34683094164e-07,0.1016,0.020325,7711,1385,21.31,0.00,1,4
2026-10-09 00:04:19,Dior,schatten,ClapCat,5BjfgmtfqvNpAWx1CnZynoWLWNMnrwHLhTFzQ81vkEc8,2158.1,1.82219358532e-06,0.5194,0.103878,25644,841,26.36,0.00,1,13
2026-10-09 00:04:19,Dior,schatten,Gunner,7thxAzq4B9KwPe4NqMNAntF2Njgqb9FTKQb4z6fYpump,860.7,5.68524306947e-07,0.5940,0.118800,10034,1015,19.84,0.00,15,12
2026-10-09 00:04:19,Dior,schatten,vamp,H72pex1VtfY2M7v2Tfk9D9PgvCocRuFN3owCveERSa4s,103.1,2.31280106471e-06,3.7035,0.666625,28448,1134,20.75,0.00,166,415
2026-10-09 00:04:19,C7bF,schatten,Pao,3K2vx7ww6dNcHViJStztSJvTQZWaMkYrYnTop5178iR2,354.3,5.87083394422e-08,0.9527,0.190537,1617,93,31.05,2.56,0,0
2026-10-09 00:04:19,koko,schatten,MAJOR,7AUzu756Pp3Cg3NByuKfcRSAFFt31kjC6U6R1npkiA1Q,7387.4,1.63893674841e-07,3.5879,0.717580,4171,159,30.33,0.00,0,0
2026-10-09 00:04:19,77n6,schatten,DIP,7KWJEZ9gUA839LqaSj2wgEhsTLCxghfsqFdimrDC98WY,439.8,1.03917512406e-07,0.2287,0.045741,2868,214,23.46,0.00,0,3
2026-10-09 00:04:19,499R,schatten,COIN,J7bhFegCHZAeRzdYDwmbSp1CJ1bDJkutSg26B4SXpump,13.7,3.50091128515e-06,0.9446,0.377850,49216,2785,20.66,0.00,332,879
2026-10-09 00:04:19,DWRA,schatten,ZCASH,5n7LRhpGcZQ4Xas2WoxwEiES315cV27bEaZubELrKZ49,107.2,4.61942430347e-08,0.0952,0.019048,3096,26,33.26,0.00,0,0
2026-10-09 00:04:19,CCBV,schatten,ZCASH,5n7LRhpGcZQ4Xas2WoxwEiES315cV27bEaZubELrKZ49,107.1,4.61942430347e-08,0.0952,0.019043,3096,26,33.26,0.00,0,0
2026-10-09 00:05:19,Loopierr,offen,GARP,FKPdKiZBYMU2MwHXKjyhgV6ozSh2APzvvr3ZBwFCfSHo,12249.0,2.62381006312e-08,0.0412,0.008245,552,145,10.92,0.00,0,0
2026-10-09 00:05:19,6ANG,offen,OpenSI,5ptkVdbpaPpEJPPVXE5CpJNCXEmAidyot5TQcDDawMzm,11976.6,9.47384243045e-07,2.2184,1.655493,15053,1169,21.98,0.00,1,0
2026-10-09 00:05:19,6ANG,offen,ANT,BTZK1B3pCoBDD1vy5e4bDBM4bwvvhkKUMTuKABkGWwGp,10037.7,4.15579463719e-07,1.0775,0.646518,9926,92,27.37,0.00,0,0
2026-10-09 00:05:19,6ANG,offen,ANTHROPIG,25DeVAVF86uAd2wcFewp7F1s6gjZei88Mj4xBzg3AP94,10037.4,1.30310397852e-07,0.5345,0.213800,5356,67,31.18,0.00,0,0
2026-10-09 00:05:19,9LXM,offen,SGI,FcZcFjfNPJR9rycZS1FwkiEgQTW7ZWRjdSaBdJ6M9ha6,11831.6,9.731763992e-08,0.0639,0.025557,5136,340,23.03,0.00,0,0
2026-10-09 00:05:19,HEBO,offen,goon,HSUMi4rMgjrx7zRUabw3ogGu1pa5hmF2eVcXj9Apump,12063.6,5.25831819814e-07,0.6439,0.463911,13373,2839,17.60,0.00,1,1
2026-10-09 00:05:19,HEBO,offen,Tico,35ccP7zmf4THJsDn3UtozYcWm1U8nzhyHcTgK3ETpump,11998.4,3.56529686008e-08,0.5961,0.119227,3890,29,7.17,0.00,0,0
2026-10-09 00:05:19,HEBO,offen,ArmyX,F7y94q8QvGKNCrGt6E5pgQ7ABBkQK4QkqEBGs9Y5ZFFk,9385.5,3.40187694707e-08,0.1270,0.101576,3122,57,15.71,0.00,0,0
2026-10-09 00:05:19,HEBO,offen,ZUCKS,2eBJvNnn7guSjX1yuE7seuDY9pveDiHkfoyeBh2WZroS,9119.9,2.26171373807e-08,0.3459,0.049806,2313,35,7.97,0.00,0,0
2026-10-09 00:05:19,HEBO,offen,TRUMPTV,34w4t74EsbJyBBSyYBFyNo65Ft7Ax8BF3HrubL1mwbpL,9025.0,2.03152433241e-08,0.1557,0.031149,2126,89,5.45,0.00,0,0
2026-10-09 00:05:19,HEBO,offen,pill,DvdmEnztCmXwBnAbedD48XVGZJSxq31zNvnyftXdpump,7961.1,1.81584090282e-05,1.0367,2.695381,218658,6053,21.87,0.00,3,4
2026-10-09 00:05:19,HEBO,offen,PUMPCAT,G4vqe8KAcRGTb7Kc55n9sz43aR4ugTPdSeUnAXZhpump,7960.7,3.70844500768e-06,1.7581,0.351611,47298,1290,24.73,0.00,0,0
2026-10-09 00:05:19,HEBO,offen,CUPTOBER,EKgswaMnRSJHmyFZCbxscTAjiR2bH1oLXsftepUGsPtz,7797.6,4.8666045444e-08,0.5916,0.236642,4854,28,13.44,0.00,0,0
2026-10-09 00:05:19,HEBO,offen,Scronkfinkle,DaUFkgZjwJCsM9QDWCsxtZS2omgHS3Fn9GHgTX5wwpcX,6535.4,5.0642666745e-08,0.4982,0.298945,1393,100,22.82,0.00,0,0
2026-10-09 00:05:19,HEBO,offen,Eagle,E3pWKtfQk6LLZpRWVTjJwrMY4vFa9umLYDPxWJtZSTNK,6511.9,2.69135731635e-08,0.1422,0.128808,2674,73,12.02,0.00,0,0
2026-10-09 00:05:19,HEBO,offen,Caviar,F7ktJWjMtubD8zwv5xMb35g5hPTvGQSDMS8UGcwXpump,5891.1,1.07839459364e-07,0.6877,0.275063,3086,85,27.76,0.00,1,1
2026-10-09 00:05:19,HEBO,offen,TIT,3KM7dvpUk2Wm8qdXtZpBJHgic4bAaz1MTDHvUEjKpump,5865.7,2.17762376688e-07,0.5766,0.576614,5934,129,26.88,0.00,0,0
2026-10-09 00:05:19,HEBO,offen,MIM,6bJtwhtvzkthAYszQ3ZWkFJzSvbGSkbAz9yPcSiXaGK6,5865.1,1.65082365455e-07,1.3054,0.261078,4881,192,27.38,0.00,0,1
2026-10-09 00:05:19,HEBO,offen,Taste,93FWFR63nwQcq5zuXNmTits5BYcKFjmUZzccMvhmpump,5864.8,1.16267020229e-07,1.2953,0.518135,8801,38,24.15,0.00,0,0
2026-10-09 00:05:19,HEBO,offen,GPH,H1hFymzkRE7CAdxEuBWYknvsTCgoDXAqPKFU94iPpump,5859.0,4.87087925217e-08,0.9218,0.184357,867,68,10.72,0.00,0,0
2026-10-09 00:05:19,HEBO,offen,TIT,Ar3QBegnCQr6ZFyN9h637ar9JCxZRvdboiR1QzMrpump,4852.9,1.80581766632e-07,0.6098,0.975623,4688,281,37.63,0.00,0,3
2026-10-09 00:05:19,HEBO,offen,AVERY,8QFGVLXehnTv28eMdXZkhY5d84SVF58LAfRGx8zWpH9b,4789.7,3.09910199792e-08,0.1730,0.034603,2601,220,19.30,0.00,0,0
2026-10-09 00:05:19,HEBO,offen,APU,HoCeDUrd5BqfYmaRk2eiUpzshEvpwfYpgrJ4YKFCpump,3588.5,1.38746374156e-07,0.7751,0.155011,4473,257,26.35,0.00,0,0
2026-10-09 00:05:19,HEBO,offen,APU,E7eCZS2cq655qJ7uVx3dSHR2zK31kwNQsWS6P6Hpump,3588.3,2.05028036321e-06,2.8681,2.868056,21767,465,27.05,0.00,12,17
2026-10-09 00:05:19,HEBO,offen,COCKROACH,H4KUxsEgCp2yDpFvyDuGM5k6XevSKKrrKUxZ3Zr6nyJc,3583.6,1.07293636658e-05,1.5847,2.852416,91990,3656,19.17,0.00,2,7
2026-10-09 00:05:19,HEBO,offen,MDOG,F5zC2QoP6j2erxNyf4z6iNCi6X6AkburMC2Xofhxpump,3362.8,8.24311888309e-08,0.9666,0.193313,3212,1642,17.78,0.00,0,0
2026-10-09 00:05:19,HEBO,offen,SI,8ALHRuN5q4MHRaKPdiXi7cHyVWicZVwQx2TBTCH8GZ4h,3118.2,1.58981893548e-07,1.5013,0.300251,4293,68,23.06,0.00,0,0
2026-10-09 00:05:19,HEBO,offen,PHASEONE,GfawjB4Fxz389kECjrrnsdS8MKb9hMgALonJddGQasHL,1984.0,2.51548160491e-08,0.4279,0.085570,406,71,10.53,0.00,0,0
2026-10-09 00:05:19,HEBO,offen,TITS,GLsHzxjtktCKzAA8LEEfXJ5UF2Jdsj161e5Duh3tkzga,1970.8,3.64813518159e-08,0.6718,0.134351,1115,484,16.26,0.00,0,0
2026-10-09 00:05:19,HEBO,offen,AI,4AvWfTKcEFqwRjxBnoyWRY7wF7UV9cqH3492UFKHpump,1947.0,4.45521772152e-08,0.6468,0.129364,1196,54,21.25,0.00,0,0
2026-10-09 00:05:19,HEBO,offen,INSTADOCS,AMj8gG4mXckBoaT5mGQDwriKUqJtEApNg2CuXw6Ypump,1946.8,5.81670479375e-08,1.2130,0.242608,1618,21,23.26,0.00,0,0
2026-10-09 00:05:19,HEBO,offen,DICK,CN2hyxJgVbcnTC7jDhXuoJhZYA8aZ82LYwjM6MbU1Sen,730.0,2.575555997e-08,0.1472,0.117770,415,55,7.59,0.00,0,0
2026-10-09 00:05:19,HEBO,offen,b,Cr8kuNqKwiVVuzqLYKcJhmpSHy767837BwLFr9GDYXUf,724.5,6.00949198899e-08,0.3294,0.131745,1776,274,23.89,0.00,0,1
2026-10-09 00:05:19,HEBO,offen,DICK,3b1yu2Xz3qYJSrsKxnRKPgQCxTD7QWjdL2UZKQd63hXv,723.8,3.15599218458e-08,0.2327,0.093085,3537,9,4.59,0.00,0,0
2026-10-09 00:05:19,HEBO,offen,b,GQhGVgVSEreBxFi6p68M5sEKn2KirzZMDfoj6BpbVnoY,711.7,7.46993264034e-08,0.6432,0.257271,2103,72,19.55,0.00,0,0
2026-10-09 00:05:19,HEBO,offen,Thing,2YScUrXEdNzChj7U76CQ41UadmKjzx33cTcfQyLtpump,709.5,3.52713848194e-08,0.9232,0.184636,3732,15,10.41,0.00,0,0
2026-10-09 00:05:19,HEBO,offen,RARI,EFn88CiiFHhihqdr1Y11XBDxbbYarBf1ij92DsrigYwR,589.4,1.16442022109e-05,1.7583,2.461585,143185,3465,21.13,0.00,9,25
2026-10-09 00:05:19,HEBO,offen,Macca,8m2HLRPyaHV2h2xPj6FxJyxocCqXdf8msP51VUhzpump,481.0,1.96270558779e-07,1.0126,0.202522,4450,62,28.62,0.00,0,0
2026-10-09 00:05:19,Troupe,offen,PUMP,pumpCmXqMfrsAkQ5r49WcJnRayYRqmXz6ae8H7H9Dfn,10188.2,5.08138062276e-05,1.0481,0.009477,41390477,320266,59.34,0.00,155,880
2026-10-09 00:05:19,Troupe,offen,homo,42AtRP5d3ySBj9iveMYeD23kkmN3HEZFwUzs1YKvkPA9,8535.6,2.24217938695e-08,0.0603,0.010570,252,146,3.18,0.00,0,0
2026-10-09 00:05:19,Troupe,offen,PUMPE,9fJAWKQpkY93hfuZxrHfh5wEh2AV9vjkWNQfzfbziHd2,8408.8,5.49993552561e-06,0.1990,0.238841,42400,2247,18.17,0.80,2,2
2026-10-09 00:05:19,Troupe,offen,HOLD,6REnZgtxhwdSAHczAp4J5PRsGQYQt7T3x4kEDyfs9U7y,8365.9,2.48464608786e-08,0.0143,0.002861,549,467,2.94,0.00,0,0
2026-10-09 00:05:19,Troupe,offen,THICC,3QEbHMK6ceYevtaCdLmBQMJgcPb9PJQpgyFBP6f6x6Rg,5710.4,1.4180943804e-08,0.0659,0.013189,1486,8,4.02,0.00,0,0
2026-10-09 00:05:19,Troupe,offen,CLAUSE,EWKyN7QHfJo41ikKqpo8R5gwEvryytKo9Vf7NF39U1GC,4534.1,1.95636190667e-08,0.0803,0.016065,2085,24,2.31,0.00,0,0
2026-10-09 00:05:19,Troupe,offen,TESTla,TESZBZpTRGUDriZQg72kYre1Vozyp2de7Z6o5JUtdRA,2881.0,0,0.0000,0.000000,1,38,3.55,0.04,0,0
2026-10-09 00:05:19,4DOV,offen,BOT,Aaan4fxwhKtUUPg2GSKq6natLV9oj9QQNf5xT4UE2gXr,9835.1,3.12667292623e-08,0.0367,0.007341,806,314,15.16,0.00,0,0
2026-10-09 00:05:19,4DOV,offen,PUDU,8HQgEcbhR5Xoh735zvndAocCLd7wdAYJfWHV55J8pump,8386.2,2.78944380103e-08,0.0132,0.005293,573,423,13.10,0.00,0,0
2026-10-09 00:05:19,4DOV,offen,Aiden,9dSMwFfPezQ8WPcW1uZV7ns4rcviEj2LssSAg75WBLXd,6947.0,4.58685755881e-07,0.0326,0.014672,11471,3042,20.89,0.00,0,2
2026-10-09 00:05:19,4DOV,offen,SPLICE,7bC8ugu1ZJn21MhA4ht483nX8brLNesa8R7XLimpFyhq,6190.6,4.66200534567e-07,0.0295,0.017684,11626,2525,25.94,0.03,0,2
2026-10-09 00:05:19,4DOV,offen,Ash,4jxyespUyvDxg1cN1NMCWErHGGyPrBdEzPiDobLBmttL,5872.9,4.26596208643e-08,0.1066,0.021316,1049,21,2.44,0.00,0,0
2026-10-09 00:05:19,4DOV,offen,www,GAwhcphCqCv5bKHmCiN4VDdNWfbXJL4npmkc8L3Q9S9H,5722.2,7.38077761119e-07,0.0706,0.028254,24181,6255,20.41,0.00,4,3
2026-10-09 00:05:19,4DOV,offen,ACTII,DYjM6f2R34Qp4jPE73HsdEVZwwcQFCsokpNYCqBUpump,5650.0,2.28588480346e-07,0.0432,0.012971,6006,1060,23.43,0.00,0,1
2026-10-09 00:05:19,4DOV,offen,BANANA,G7JkKqGb69cCWC2XkDXc8LG8qbifTkCKpsAcr6kApump,5533.9,2.87422791024e-08,0.0275,0.005503,610,180,15.89,0.00,0,0
2026-10-09 00:05:19,4DOV,offen,JITI,6YuVyHbjdwxiH1CLCSusP9yjXmsVvQfcTbSSPcFuXDew,4972.8,4.67316167664e-08,0.0396,0.007922,1774,781,17.80,0.00,0,0
2026-10-09 00:05:19,4DOV,offen,QINU,4unydQjvYdqR31pkuBYGu2nGst8r8j5XMW8KXRXtpump,4736.4,3.5015004523e-08,0.0210,0.008411,986,519,12.45,1.06,0,0
2026-10-09 00:05:19,4DOV,offen,NOLLA,CXw5hY3BMi87DTa99ekZgwxuvu7pQ2FUQVecs3SvJLD9,4556.6,2.966244284e-08,0.0265,0.005307,684,316,15.30,0.00,0,0
2026-10-09 00:05:19,4DOV,offen,TRANNIE,BvLqum9qd4TWQ1c9WPmLYMvxxzoXUjsFycVffvjyq16,4475.7,2.54271701627e-08,0.1087,0.021734,377,108,11.98,0.00,0,0
2026-10-09 00:05:19,4DOV,offen,OTC,MukLDtJ8Cx9DxLbeyLRSWPSposTMWuwHANbuaudpump,4023.1,8.4061808602e-05,0.7886,0.018130,508590,20660,25.81,0.00,12,37
2026-10-09 00:05:19,4DOV,offen,TRADE,Euz6EjyubNjJmCkahGEfCXmnCwNVLunxc1LZWsmV3wKf,3046.4,2.99967903243e-08,0.0240,0.009597,706,184,16.73,0.00,0,0
2026-10-09 00:05:19,4DOV,offen,Human,8nPoBHiBM6pybxMws9PA2JRb9BjkppBfqcZGmot4DMBC,1875.2,1.5793875766e-06,0.3715,0.005063,33261,5378,24.18,0.00,0,0
2026-10-09 00:05:19,4DOV,offen,HSM,2856wfnQ27LH23yKeFHJ4XQpQ2bsw4sen8RqyW5Wpump,1732.1,3.75201284092e-08,0.0826,0.033045,1385,542,15.92,0.00,0,1
2026-10-09 00:05:19,4DOV,offen,QPEPE,BwVrWfDgT6UFpJsfH7J8bqtRu8vekE2w1GyEAEuZKa9R,367.4,2.01385379626e-07,0.3759,0.300695,6610,162,27.59,0.00,2,4
2026-10-09 00:05:19,4DOV,offen,OP_CAT,4QV31UeJJyUVWP2f1qgEz8gUPkf6WyPZyAmGdT8UD8Ld,350.1,2.84824156836e-07,0.2329,0.046580,6128,342,23.76,0.00,0,5
2026-10-09 00:05:19,4DOV,offen,pear,6UCR8nmHZGauct3tKfismdYuLFemB6iMtuKEGycq7wCX,337.5,1.01915182002e-07,0.0467,0.012886,5197,1022,24.11,0.00,0,2
2026-10-09 00:05:19,4DOV,offen,INU,AACtroE9u7vTbLWBbMtkPx4bK79YYxBHgb8tfd1Apump,330.7,6.21246456872e-08,0.0445,0.008890,2495,845,25.21,0.00,0,3
2026-10-09 00:05:19,4DOV,offen,Alcebíades,7CWUYu169uBLva1PEjWXG2m12XU5nFe2dR454FmCpump,131.8,3.75028358518e-07,0.1367,0.013669,7502,496,23.18,0.00,8,20
2026-10-09 00:05:19,Cooker,offen,SI,DEW9dSN6QpWyNthphCpMmAbZP1Q4cEKR9xQXAri98WDP,10360.1,0.000253025838949,0.7455,0.447299,1799266,55212,16.95,0.00,32,141
2026-10-09 00:05:19,Cooker,offen,HOOKED,C1mBfBoDkwWfd6uTFZp62ARHLjeVp3bDpCDMfMZtPngE,8906.4,8.52644552814e-05,0.7805,1.651838,1039910,12561,19.30,0.00,30,80
2026-10-09 00:05:19,Gake,offen,CURVE,7ioeSgzfSKHMnpgfPpgRFsekMBGiu9oi6t6GeqYtNbbh,11049.0,1.66195374958e-06,0.4804,0.096072,101570,1103,14.73,0.07,1,0
2026-10-09 00:05:19,Gake,offen,SDOG,yFcTuQJCMsd1Asya15GZ7h4KGdxsujRLcUiTWWXpump,10862.3,3.82291880036e-07,0.0512,0.010245,9445,1531,21.11,0.00,1,6
2026-10-09 00:05:19,Gake,offen,OP,5PiBn5JdjJDnRGziiSfsu2affgBR3DyTTCR3CHpcode,10799.7,2.5687121822e-07,0.0707,0.014148,8447,1380,23.08,0.00,0,0
2026-10-09 00:05:19,Gake,offen,PURPS,purpFPo5voy6fEu8jxSCwVdMs1zyYEYAH6FBQvTYCZK,8517.4,1.67811787193e-06,0.5887,0.117744,24667,2253,31.58,0.00,1,1
2026-10-09 00:05:19,Pikalosi,offen,Miu,7LNFZcNigZay5U9e2sq6n2Z4iM8BC2Dd53L14pwvpump,9023.9,4.93280272965e-07,1.1819,0.236374,14899,799,21.50,0.00,0,0
2026-10-09 00:05:19,Dior,offen,OTC,MukLDtJ8Cx9DxLbeyLRSWPSposTMWuwHANbuaudpump,9349.8,8.4061808602e-05,1.2407,6.805672,508590,20660,25.81,0.00,12,37
2026-10-09 00:05:19,Dior,offen,TripleT,J8PSdNP3QewKq2Z1JJJFDMaqF7KcaiJhR7gbr5KZpump,8477.9,5.90430088312e-05,0.9529,0.381144,348247,24784,18.98,0.00,4,23
2026-10-09 00:05:19,Dior,offen,Kirkslop,8m5hzX9hprtWwPuVZL4daCZfggWYKc6fhSJDDpiqpump,8157.2,6.15938990663e-07,0.9374,0.562464,13555,393,28.14,0.00,0,0
2026-10-09 00:05:19,Dior,offen,COCKROACH,H4KUxsEgCp2yDpFvyDuGM5k6XevSKKrrKUxZ3Zr6nyJc,4996.5,1.07293636658e-05,1.1522,3.226279,91990,3656,19.17,0.00,2,7
2026-10-09 00:05:19,Dior,offen,CAESAR,8cp1WhUDxTbfX8nDe1kAB1ogPUyQvUSKgzFz365LbQyZ,3966.2,2.34683094164e-07,0.1171,0.327981,7711,1385,21.31,0.00,0,3
2026-10-09 00:05:19,Dior,offen,ClapCat,5BjfgmtfqvNpAWx1CnZynoWLWNMnrwHLhTFzQ81vkEc8,2151.4,1.82219358532e-06,0.6666,0.799871,25575,841,26.36,0.00,1,13
2026-10-09 00:05:19,Dior,offen,Gunner,7thxAzq4B9KwPe4NqMNAntF2Njgqb9FTKQb4z6fYpump,858.3,5.63575418947e-07,0.5285,2.642504,10051,1014,19.84,0.00,13,13
2026-10-09 00:05:19,Dior,offen,OpiumBird,HmCxqpgxaQng3A73F7vLgJjc9sr6ACFt8CEJwWY2hMGR,666.8,2.65455065866e-06,1.0356,0.414226,33843,2414,30.70,0.00,0,0
2026-10-09 00:05:19,Dior,offen,vamp,H72pex1VtfY2M7v2Tfk9D9PgvCocRuFN3owCveERSa4s,98.8,2.75734229256e-06,5.2518,2.100722,32293,1149,20.85,0.00,166,432
2026-10-09 00:05:19,3zsr,offen,Sapijiju,8Fs2YLsayR4awLB79nMM3QCpG3pqvcAGP7hHb8fX4L2G,8848.9,1.1006586597e-07,1.0270,0.205403,3494,367,25.65,0.00,1,0
2026-10-09 00:05:19,3zsr,offen,EZRA,4qTqqkexQCEP2m8UrDWXACHpA8bEkGxpNJrDPMNcfHKQ,4185.6,3.57385680023e-08,1.0819,0.216375,3889,6,7.67,0.00,0,0
2026-10-09 00:05:19,3zsr,offen,ELONMUSK,5QmEgE9rK3aB1SDi7mK7rXPt2QHe7FRT69zbb2X2iSip,4185.4,3.46093406895e-08,1.0091,0.201815,3775,5,12.21,0.00,0,0
2026-10-09 00:05:19,3zsr,offen,HIGCAT,52sQ5kFhaTD6NsfN4oKreHZAwxrxgUo129ZCG3EBsVhv,4185.2,3.38423009536e-08,0.9549,0.190975,3726,6,6.49,0.00,0,0
2026-10-09 00:05:19,3zsr,offen,GIA,4FuWREkDYG1chHxHfgmUv3AN1iLPUi42Er6UboWUJKwU,4184.9,3.34989642936e-08,0.9386,0.187715,3669,8,7.03,0.00,0,0
2026-10-09 00:05:19,3zsr,offen,Sworddog,2QLpYwa5tzMjGBZWCmu9WHEPTNPH65w7xeFHSU1Hpump,3612.5,3.7649469421e-08,0.9503,0.190065,3846,16,15.41,0.00,0,0
2026-10-09 00:05:19,3zsr,offen,TRUMP,AYLh1Bgthdgego4EBAJQZtzXiQ6b1EbrPWES5V1vjhzV,3497.3,3.18590460154e-08,0.5138,0.051384,665,82,17.07,0.00,0,0
2026-10-09 00:05:19,3zsr,offen,RUGRUN,2VFjLcouktUNWRsZVkdiJ57nmRZR8HTJjKzDkZ3mbN8f,3470.0,3.51552587903e-08,1.0263,0.205252,3866,5,6.69,0.00,0,0
2026-10-09 00:05:19,3zsr,offen,HOUS,4pZQCY4HLpeYyJJ48yu7Z49B4G1Z7B1ZH3YdvVfNqKGn,3469.8,3.75619883498e-08,0.9113,0.182262,3758,14,15.47,0.00,0,0
2026-10-09 00:05:19,3zsr,offen,OWL,vEtdEEWyX8SS5ZrRZjtT3WzV8bdLS13t5Uvg7YLpump,577.4,3.28391382527e-08,0.9742,0.194833,3519,16,9.17,0.00,0,0
2026-10-09 00:05:19,3zsr,offen,BCAT,6rtt3rgrgRYbgWDkMGLZmNjjMAkyTquqVZTkhYzn6xdB,551.8,3.34489195465e-08,0.9547,0.283673,3591,8,9.00,0.00,0,0
2026-10-09 00:05:19,3zsr,offen,PQCINU,26UJpU6dCjGJQjaUodSB8V7bzYjdTWZrDyN8jtXfL8Vf,543.2,3.15572876903e-08,0.9178,0.183561,3398,6,8.70,0.00,0,0
2026-10-09 00:05:19,3zsr,offen,PDOG,Dj9fsUKStiepdQdXzBLcHr59FnR58pAyc6XnXi4eZrCr,533.0,3.25660242031e-08,0.8684,0.173675,3519,5,8.35,0.00,0,0
2026-10-09 00:05:19,3zsr,offen,SKATE,Wwn74emwczd4bWNp4j1EnQCt299pedr1uEacqsgwerk,517.5,4.0464958084e-08,0.9523,0.190455,3949,48,14.87,0.00,0,0
2026-10-09 00:05:19,3zsr,offen,STREETCRAFT,5y4eGSBuc43Z3g9mDrPa8Z7w9VMdRYEWK3zfPRpRuhwi,515.9,2.55119535665e-08,0.8903,0.178055,423,109,9.76,0.00,0,0
2026-10-09 00:05:19,3zsr,offen,QCAT,5Q8D4128ZqRiXb8ivCKMVtWaLpC23cssosiTNQVeGgQM,511.1,3.72896104706e-08,0.7381,0.147625,3735,17,14.71,0.00,0,0
2026-10-09 00:05:19,3zsr,offen,trump,2zM3QpEjbE6RYf8ZeNzdaTTAZJJQzJxV6PWDPBKRNH2n,508.3,3.36809110985e-08,0.8092,0.161838,3586,8,9.81,0.00,0,0
2026-10-09 00:05:19,3zsr,offen,fallout,7gAJBUhr3RPxGRkQQhphUvi4668dBjwpuQ22TwqPnt2h,471.5,3.49957936436e-08,0.9564,0.191276,3628,7,12.37,0.00,0,0
2026-10-09 00:05:19,3zsr,offen,QEPE,BrMHuM7uRbmygmhJMPXQEJxUuJr3xJWqgFoFngvgZHdc,408.9,3.15412667819e-08,0.8935,0.178701,3447,7,7.24,0.00,0,0
2026-10-09 00:05:19,3zsr,offen,Quantum,81cKqDPK7xEGQWvfqBT3mJTvPL7dF5QFcjmWt4uxugEq,387.6,4.22619900438e-08,0.8855,0.177099,4053,32,16.70,0.00,0,0
2026-10-09 00:05:19,3zsr,offen,QUBIT,4Wsk4ezKTweuuMgetUBC3PzcoM9TzB8cky1c68vApR96,384.3,5.34983000911e-08,0.7192,0.143843,4430,24,25.52,0.00,0,0
2026-10-09 00:05:19,3zsr,offen,SKATE3,BZDShqTtTL5EAk38RYSrFUfYM1YBZT4zqRajQz1Wpump,347.9,8.19043359159e-08,1.1059,0.221175,5609,104,19.80,0.00,1,7
2026-10-09 00:05:19,3zsr,offen,Bunker,3WzaZwVmjr3JMWKknJtnEn3R4kaX9pVkwQJmC9fxpump,317.0,7.15658379452e-08,0.8749,0.174977,6234,1060,11.09,0.00,0,0
2026-10-09 00:05:19,3zsr,offen,KOTH,3RRGi7ZcodyqNRNDJEySgCuteuE9AV5MsYjXiZLQpCJH,298.6,6.32253747998e-08,0.9115,0.182290,1771,146,20.71,0.00,0,0
2026-10-09 00:05:19,3zsr,offen,Tiktok,kmNXT7yTqLbNKwYmCHf8A1gAhLB6XgTmiRDv9Udpump,247.6,3.19024983854e-08,0.7849,0.156973,631,63,21.33,0.00,0,0
2026-10-09 00:05:19,C7bF,offen,SPSI,ERvSTRZsoEdM79d9Ajb2KMSnM1uPgamW3BoNgj21teCa,1829.4,3.77786367906e-08,1.0142,0.202833,299,4,10.89,0.00,0,0
2026-10-09 00:05:19,C7bF,offen,KMS,D1sm1V3pHGTv32ugeXoer4a91xqfuh4jJBYQwePSKVez,513.0,3.52306295563e-07,0.1156,0.023127,8750,895,24.56,0.00,0,0
2026-10-09 00:05:19,C7bF,offen,MASSIMO,H6XiYttyMFsKXj6BJzYZMEjhUz6EwymaX4ug35G6pump,272.2,5.82927317709e-08,0.1642,0.032839,1686,145,19.10,0.00,0,1
2026-10-09 00:05:19,77n6,offen,DIP,7KWJEZ9gUA839LqaSj2wgEhsTLCxghfsqFdimrDC98WY,434.8,1.02781861141e-07,0.4495,0.269672,2868,214,23.46,0.00,0,2
2026-10-09 00:05:19,G7b2,offen,SXSI,DQysBW79uHzZAWd2ahVQrf89CuSFqVzuNA3ijHbjVJfG,5639.4,1.79055937181e-06,0.7153,1.144506,24558,1161,28.76,0.00,2,3
2026-10-09 00:05:19,G7b2,offen,SI,DEW9dSN6QpWyNthphCpMmAbZP1Q4cEKR9xQXAri98WDP,5600.2,0.000253025838949,1.1426,3.950200,1799266,55212,16.95,0.00,32,141
2026-10-09 00:05:19,499R,offen,bracat,FZ9BqVmfANPMMD6DogBmkn9uXBPqivNhr1Gu1awGgprS,3.6,8.66548347751e-07,0.9878,0.395136,16906,555,22.25,0.00,17,44
2026-10-09 00:05:19,7Cn1,offen,si.gov,7CTRbkV1tVuq1f59pRxT1Pb2W5AHG4gM9FMH4rGzKiXv,4820.7,3.44735713508e-06,1.2641,0.963856,37620,2201,13.68,0.00,5,11
2026-10-09 00:05:19,7Cn1,offen,CRAWL,BXoHJddsWJLHtAopeiSbKUSELsu8hSFMs8baGMDkpump,1568.4,4.09656988946e-05,1.3103,0.589619,458722,9852,15.77,0.00,13,50
2026-10-09 00:05:19,Croco-AC7K,offen,CLAUDIA,2j5SaS7xy776qCBpyPQbZjyQSAtKiFgrwjfErthnW2ZM,1143.9,3.69434736839e-06,0.7254,0.290160,49671,2498,19.67,0.00,4,18
2026-10-09 00:05:19,HoneyBadger-6kfX,offen,phubber,CBcjQNdtgb4SHwKDqKFxD3yPSk7pEMpKHQiMmZrgpump,2985.0,3.55058950162e-06,0.9015,1.802957,43160,2860,21.02,0.00,3,4
2026-10-09 00:05:19,HoneyBadger-6kfX,offen,pup,7HE2WmPoYE7uaA7DKh25N5cUwEcUoiyjwZU9ZeaQpump,2431.2,7.64252354739e-08,0.7463,0.298515,2427,317,24.29,0.00,0,0
2026-10-09 00:05:19,8K7Z,offen,RARI,EFn88CiiFHhihqdr1Y11XBDxbbYarBf1ij92DsrigYwR,2642.6,1.16442022109e-05,0.8795,0.908155,143185,3465,21.13,0.00,9,25
2026-10-09 00:05:19,FKJE,offen,HOOKED,C1mBfBoDkwWfd6uTFZp62ARHLjeVp3bDpCDMfMZtPngE,3406.8,8.52644552814e-05,1.4672,0.449467,1039910,12561,19.30,0.00,30,80
2026-10-09 00:05:19,FKJE,offen,Cartridge,ArenDYANqFNkp8ZqAXt69vT5Dz7WD4zDfSpVw6oPpump,1354.4,1.43677867256e-06,1.4345,0.573818,23006,863,24.43,0.85,0,2
2026-10-09 00:05:19,FKJE,offen,BORDR,6Mix12LiHrQFojaQEnfPUC65Qkwd6X4Y5Qg93oFbordr,593.9,1.17925794944e-05,1.4870,0.594798,118550,3239,14.46,0.00,15,50
2026-10-09 00:05:19,2z7o,offen,WII,Betne2zJWDB3wZufUXhWdaBWFqiMZYiZ6fSxeTwzpump,33.7,1.62031300518e-07,1.1547,0.230947,7905,100,20.33,0.00,4,0
2026-10-09 00:05:19,2z7o,offen,TAVE,7yKXbKZFXRj8imN2jdt4PXrncZkdbPaT7kYLEMMypump,27.3,5.30211088509e-08,0.9220,0.184392,4504,23,24.51,0.05,0,0
2026-10-09 00:05:19,2z7o,offen,Garlic,GK8nbwNuowbZX5d5NRhJ2rRpvazvLZ78GuCXoYUHpump,15.4,6.18647275357e-08,1.0079,0.201585,4874,35,25.59,0.00,1,2
2026-10-09 00:05:19,54QZ,offen,GOBLIN,E2itWssNNRVYSTd7U6Q7y5XVRVJM4eAxG7TGSv5epump,2008.3,3.00118538834e-07,0.7706,0.711715,9261,551,23.45,0.00,0,1
2026-10-09 00:05:19,54QZ,offen,GODS,8nV3xKVvhX7KVnoxVN93ahcvFSecrWovturHggMHruQn,702.7,4.88909407238e-07,1.0342,0.317041,9540,541,24.82,0.00,2,1
2026-10-09 00:05:19,54QZ,offen,MARVIN,7HjUj6sghEh964xp1cxf7uUovSsSsuQVdt9jheH3ruqb,419.9,8.49317296975e-08,0.9774,0.195486,4342,52,28.22,0.00,0,0
2026-10-09 00:05:19,DWRA,offen,ZCASH,5n7LRhpGcZQ4Xas2WoxwEiES315cV27bEaZubELrKZ49,107.8,4.61942430347e-08,0.0865,0.034616,3096,26,33.26,0.00,0,0
2026-10-09 00:05:19,CCBV,offen,ZCASH,5n7LRhpGcZQ4Xas2WoxwEiES315cV27bEaZubELrKZ49,108.1,4.61942430347e-08,0.0878,0.035131,3096,26,33.26,0.00,0,0
2026-10-09 00:05:19,Loopierr,schatten,CatCollector,5AgD5tmarU5kgbqHqCgDEMcAHAQAm8muV67xkKs9urps,9476.3,3.51988241803e-08,0.1046,0.020917,129,32,2.94,0.00,0,0
2026-10-09 00:05:19,Loopierr,schatten,SGI,36yTNhb9rfogt4mWxFiTnBeeT9bNXrVdKymAJ3jbvTzM,9325.3,3.19454328001e-08,0.2001,0.040024,3679,6,0.36,0.00,0,0
2026-10-09 00:05:19,6ANG,schatten,ANTHROPIG,25DeVAVF86uAd2wcFewp7F1s6gjZei88Mj4xBzg3AP94,10037.5,1.30310397852e-07,0.5314,0.106282,5356,67,31.18,0.00,0,0
2026-10-09 00:05:19,HEBO,schatten,SI,4qCW74oX82oTeypDzFYYYZ6eJ6yPQVFeX196YpHszJFY,6158.6,2.30962769119e-08,0.4581,0.091627,2303,53,10.81,0.00,0,0
2026-10-09 00:05:19,HEBO,schatten,INCOME,E7mRvAbgZdA6dF7cgXZevkbjd9Yfy5q11XEFnWZfpump,5887.3,5.528811776e-08,0.8830,0.176594,2010,1258,13.27,0.00,0,0
2026-10-09 00:05:19,HEBO,schatten,GPH,BtmRMRazMTY2KqpbZkdFGrGJSm8rwLG744DV8Webpump,4848.9,3.47074822133e-08,0.4919,0.098372,916,56,21.37,0.00,0,0
2026-10-09 00:05:19,HEBO,schatten,pup,7HE2WmPoYE7uaA7DKh25N5cUwEcUoiyjwZU9ZeaQpump,4848.4,7.64252354739e-08,0.7003,0.140060,2427,317,24.29,0.00,0,0
2026-10-09 00:05:19,HEBO,schatten,ACTII,41QF43mQKs1Qm51xK7uQWjxRA9oZ6S5mBVYveR4wLfzx,1975.8,3.44987977104e-08,0.5776,0.115525,791,52,20.38,0.00,0,0
2026-10-09 00:05:19,HEBO,schatten,TITS,DPVNMLe7zXsrg8Y9rMyPmxBG31qqo3v9FyWChbKQpump,1973.7,6.78659250311e-08,1.4333,0.229325,1928,34,27.67,0.00,0,0
2026-10-09 00:05:19,HEBO,schatten,TITS,C21p56TNF1Ec8BmyMkmLnwX56G3TzgYvzqMMVUPL7Fcm,1970.9,2.67429504846e-08,0.6828,0.136556,486,109,13.79,0.00,0,0
2026-10-09 00:05:19,HEBO,schatten,DICK,CN2hyxJgVbcnTC7jDhXuoJhZYA8aZ82LYwjM6MbU1Sen,729.5,2.575555997e-08,0.1653,0.033067,415,55,7.59,0.00,0,0
2026-10-09 00:05:19,HEBO,schatten,b,GQhGVgVSEreBxFi6p68M5sEKn2KirzZMDfoj6BpbVnoY,724.2,7.46993264034e-08,0.1453,0.029057,2103,72,19.55,0.00,0,0
2026-10-09 00:05:19,Troupe,schatten,CLAUSE,EWKyN7QHfJo41ikKqpo8R5gwEvryytKo9Vf7NF39U1GC,4534.1,1.95636190667e-08,0.0566,0.011317,2085,24,2.31,0.00,0,0
2026-10-09 00:05:19,4DOV,schatten,TRADE,Euz6EjyubNjJmCkahGEfCXmnCwNVLunxc1LZWsmV3wKf,3046.2,2.99967903243e-08,0.0223,0.004470,706,184,16.73,0.00,0,0
2026-10-09 00:05:19,4DOV,schatten,pear,6UCR8nmHZGauct3tKfismdYuLFemB6iMtuKEGycq7wCX,336.6,1.01915182002e-07,0.0293,0.002925,5197,1022,24.11,0.00,0,2
2026-10-09 00:05:19,Cooker,schatten,X7,CdhZy8wrRxNxoV8HtoByXKN7mvS46avtuZ1b39tKfx7,10139.3,2.57049697707e-06,0.2539,0.050790,48157,1749,21.04,0.00,6,3
2026-10-09 00:05:19,Cooker,schatten,9e9,HZ4qZQJ7yf6WR1D24GLRLJ3cKUfgtJEF3B7SdLMLvCPZ,8869.8,3.28443641266e-08,0.0382,0.015268,918,251,12.98,0.00,0,0
2026-10-09 00:05:19,Gake,schatten,MINEPAD,2EUKLvNQ63YCmjSDyJ14Tzj7ASeHGXgseYWrKAa2mine,11018.9,6.79443745296e-07,0.4006,0.068102,15033,681,21.77,0.00,0,0
2026-10-09 00:05:19,Gake,schatten,TERRA,JD3d8mxEJ91LHZSuwVLquFAKdo5PbEeLCUevjjDsPdRe,9736.4,8.57813350514e-08,0.0631,0.012614,2496,111,29.73,0.00,0,0
2026-10-09 00:05:19,Gake,schatten,SHITCOIN,4BxBot4K36N3ZZkpB9sqEocy5iBi8cUttK6s8YbHH9Jo,8228.6,5.98154612266e-08,0.0636,0.012716,1735,105,37.14,0.00,0,0
2026-10-09 00:05:19,Gake,schatten,FROGE,6R1F4sNySF4NKGdhW3UhESWuYYRu4Cehk5rn3mGP375R,8217.8,4.91441489432e-08,0.0463,0.009260,1584,333,24.02,0.00,0,0
2026-10-09 00:05:19,Gake,schatten,GENESIS,CSEd3Pi5WZL7w5vmwNjDVXv8poAqSv2Dn1as1erUpump,5571.8,6.59783674296e-08,0.0136,0.002729,2369,766,17.87,0.10,0,1
2026-10-09 00:05:19,Gake,schatten,OATH,2RSsw9tntE1RmoiPnNFiu93EzQu2eLnCAzvZiqMSoatH,5555.7,1.07618225355e-06,0.9657,0.193142,15081,379,26.08,0.00,1,1
2026-10-09 00:05:19,Gake,schatten,IMAGINE,EpFTb2XcGiMyGLykZ9VYmyPWz2AHEwAggqSbwJpypump,5183.6,2.55484347027e-06,0.9560,0.191194,26915,785,37.75,9.37,0,0
2026-10-09 00:05:19,Dior,schatten,CAESAR,8cp1WhUDxTbfX8nDe1kAB1ogPUyQvUSKgzFz365LbQyZ,3988.1,2.34683094164e-07,0.1016,0.020325,7711,1385,21.31,0.00,0,3
2026-10-09 00:05:19,Dior,schatten,ClapCat,5BjfgmtfqvNpAWx1CnZynoWLWNMnrwHLhTFzQ81vkEc8,2159.2,1.82219358532e-06,0.5194,0.103878,25575,841,26.36,0.00,1,13
2026-10-09 00:05:19,Dior,schatten,Gunner,7thxAzq4B9KwPe4NqMNAntF2Njgqb9FTKQb4z6fYpump,861.7,5.63575418947e-07,0.5888,0.117765,10051,1014,19.84,0.00,13,13
2026-10-09 00:05:19,Dior,schatten,vamp,H72pex1VtfY2M7v2Tfk9D9PgvCocRuFN3owCveERSa4s,104.2,2.75734229256e-06,4.4153,0.794756,32293,1149,20.85,0.00,166,432
2026-10-09 00:05:19,C7bF,schatten,Pao,3K2vx7ww6dNcHViJStztSJvTQZWaMkYrYnTop5178iR2,355.3,5.87083394422e-08,0.9527,0.190537,1617,93,31.05,2.56,0,0
2026-10-09 00:05:19,koko,schatten,MAJOR,7AUzu756Pp3Cg3NByuKfcRSAFFt31kjC6U6R1npkiA1Q,7388.4,1.63893674841e-07,3.5879,0.717580,4171,159,30.33,0.00,0,0
2026-10-09 00:05:19,77n6,schatten,DIP,7KWJEZ9gUA839LqaSj2wgEhsTLCxghfsqFdimrDC98WY,440.8,1.02781861141e-07,0.2262,0.045241,2868,214,23.46,0.00,0,2
2026-10-09 00:05:19,499R,schatten,COIN,J7bhFegCHZAeRzdYDwmbSp1CJ1bDJkutSg26B4SXpump,14.7,3.96579426133e-06,1.0701,0.428025,54124,2814,20.66,0.00,322,1002
2026-10-09 00:05:19,DWRA,schatten,ZCASH,5n7LRhpGcZQ4Xas2WoxwEiES315cV27bEaZubELrKZ49,108.2,4.61942430347e-08,0.0952,0.019048,3096,26,33.26,0.00,0,0
2026-10-09 00:05:19,CCBV,schatten,ZCASH,5n7LRhpGcZQ4Xas2WoxwEiES315cV27bEaZubELrKZ49,108.1,4.61942430347e-08,0.0952,0.019043,3096,26,33.26,0.00,0,0
2026-10-09 00:06:20,Loopierr,offen,GARP,FKPdKiZBYMU2MwHXKjyhgV6ozSh2APzvvr3ZBwFCfSHo,12250.0,2.62381006312e-08,0.0412,0.008245,552,145,10.92,0.00,0,0
2026-10-09 00:06:20,6ANG,offen,OpenSI,5ptkVdbpaPpEJPPVXE5CpJNCXEmAidyot5TQcDDawMzm,11977.6,9.47384243045e-07,2.2184,1.655493,15005,1169,21.98,0.00,1,1
2026-10-09 00:06:20,6ANG,offen,ANT,BTZK1B3pCoBDD1vy5e4bDBM4bwvvhkKUMTuKABkGWwGp,10038.7,4.15579463719e-07,1.0775,0.646518,9926,92,27.37,0.00,0,0
2026-10-09 00:06:20,6ANG,offen,ANTHROPIG,25DeVAVF86uAd2wcFewp7F1s6gjZei88Mj4xBzg3AP94,10038.4,1.30310397852e-07,0.5345,0.213800,5356,67,31.18,0.00,0,0
2026-10-09 00:06:20,9LXM,offen,SGI,FcZcFjfNPJR9rycZS1FwkiEgQTW7ZWRjdSaBdJ6M9ha6,11832.6,9.731763992e-08,0.0639,0.025557,5136,340,23.03,0.00,0,0
2026-10-09 00:06:20,HEBO,offen,goon,HSUMi4rMgjrx7zRUabw3ogGu1pa5hmF2eVcXj9Apump,12064.6,5.25831819814e-07,0.6439,0.463911,13373,2839,17.60,0.00,1,1
2026-10-09 00:06:20,HEBO,offen,Tico,35ccP7zmf4THJsDn3UtozYcWm1U8nzhyHcTgK3ETpump,11999.4,3.56529686008e-08,0.5961,0.119227,3890,29,7.17,0.00,0,0
2026-10-09 00:06:20,HEBO,offen,ArmyX,F7y94q8QvGKNCrGt6E5pgQ7ABBkQK4QkqEBGs9Y5ZFFk,9386.5,3.40187694707e-08,0.1270,0.101576,3122,57,15.71,0.00,0,0
2026-10-09 00:06:20,HEBO,offen,ZUCKS,2eBJvNnn7guSjX1yuE7seuDY9pveDiHkfoyeBh2WZroS,9120.9,2.26171373807e-08,0.3459,0.049806,2313,35,7.97,0.00,0,0
2026-10-09 00:06:20,HEBO,offen,TRUMPTV,34w4t74EsbJyBBSyYBFyNo65Ft7Ax8BF3HrubL1mwbpL,9026.0,2.03152433241e-08,0.1557,0.031149,2126,89,5.45,0.00,0,0
2026-10-09 00:06:20,HEBO,offen,pill,DvdmEnztCmXwBnAbedD48XVGZJSxq31zNvnyftXdpump,7962.1,1.77805251443e-05,1.0151,2.639289,218556,6052,21.87,0.00,3,5
2026-10-09 00:06:20,HEBO,offen,PUMPCAT,G4vqe8KAcRGTb7Kc55n9sz43aR4ugTPdSeUnAXZhpump,7961.7,3.70844500768e-06,1.7581,0.351611,47298,1290,24.73,0.00,0,0
2026-10-09 00:06:20,HEBO,offen,CUPTOBER,EKgswaMnRSJHmyFZCbxscTAjiR2bH1oLXsftepUGsPtz,7798.6,4.8666045444e-08,0.5916,0.236642,4854,28,13.44,0.00,0,0
2026-10-09 00:06:20,HEBO,offen,Scronkfinkle,DaUFkgZjwJCsM9QDWCsxtZS2omgHS3Fn9GHgTX5wwpcX,6536.4,5.0642666745e-08,0.4982,0.298945,1393,100,22.82,0.00,0,0
2026-10-09 00:06:20,HEBO,offen,Eagle,E3pWKtfQk6LLZpRWVTjJwrMY4vFa9umLYDPxWJtZSTNK,6512.9,2.69135731635e-08,0.1422,0.128808,2674,73,12.02,0.00,0,0
2026-10-09 00:06:20,HEBO,offen,Caviar,F7ktJWjMtubD8zwv5xMb35g5hPTvGQSDMS8UGcwXpump,5892.1,1.07839459364e-07,0.6877,0.275063,3086,85,27.76,0.00,1,1
2026-10-09 00:06:20,HEBO,offen,TIT,3KM7dvpUk2Wm8qdXtZpBJHgic4bAaz1MTDHvUEjKpump,5866.7,2.17762376688e-07,0.5766,0.576614,5945,129,26.88,0.00,0,0
2026-10-09 00:06:20,HEBO,offen,MIM,6bJtwhtvzkthAYszQ3ZWkFJzSvbGSkbAz9yPcSiXaGK6,5866.1,1.65082365455e-07,1.3054,0.261078,5030,192,27.38,0.00,0,2
2026-10-09 00:06:20,HEBO,offen,Taste,93FWFR63nwQcq5zuXNmTits5BYcKFjmUZzccMvhmpump,5865.8,1.16267020229e-07,1.2953,0.518135,8801,38,24.15,0.00,0,0
2026-10-09 00:06:20,HEBO,offen,GPH,H1hFymzkRE7CAdxEuBWYknvsTCgoDXAqPKFU94iPpump,5860.1,4.87087925217e-08,0.9218,0.184357,867,68,10.72,0.00,0,0
2026-10-09 00:06:20,HEBO,offen,TIT,Ar3QBegnCQr6ZFyN9h637ar9JCxZRvdboiR1QzMrpump,4853.9,1.80581766632e-07,0.6098,0.975623,4688,281,37.63,0.00,0,0
2026-10-09 00:06:20,HEBO,offen,AVERY,8QFGVLXehnTv28eMdXZkhY5d84SVF58LAfRGx8zWpH9b,4790.7,3.09910199792e-08,0.1730,0.034603,2601,220,19.30,0.00,0,0
2026-10-09 00:06:20,HEBO,offen,APU,HoCeDUrd5BqfYmaRk2eiUpzshEvpwfYpgrJ4YKFCpump,3589.6,1.38746374156e-07,0.7751,0.155011,4473,257,26.35,0.00,0,0
2026-10-09 00:06:20,HEBO,offen,APU,E7eCZS2cq655qJ7uVx3dSHR2zK31kwNQsWS6P6Hpump,3589.3,2.08712454298e-06,2.9196,2.919596,21367,468,27.05,0.00,14,21
2026-10-09 00:06:20,HEBO,offen,COCKROACH,H4KUxsEgCp2yDpFvyDuGM5k6XevSKKrrKUxZ3Zr6nyJc,3584.6,1.04815062417e-05,1.5481,2.786522,91120,3657,19.17,0.00,3,8
2026-10-09 00:06:20,HEBO,offen,MDOG,F5zC2QoP6j2erxNyf4z6iNCi6X6AkburMC2Xofhxpump,3363.9,8.546084158e-08,1.0021,0.200418,3212,1642,17.78,0.00,0,0
2026-10-09 00:06:20,HEBO,offen,SI,8ALHRuN5q4MHRaKPdiXi7cHyVWicZVwQx2TBTCH8GZ4h,3119.2,1.58981893548e-07,1.5013,0.300251,4293,73,23.06,0.00,0,0
2026-10-09 00:06:20,HEBO,offen,PHASEONE,GfawjB4Fxz389kECjrrnsdS8MKb9hMgALonJddGQasHL,1985.0,2.51548160491e-08,0.4279,0.085570,406,71,10.53,0.00,0,0
2026-10-09 00:06:20,HEBO,offen,TITS,GLsHzxjtktCKzAA8LEEfXJ5UF2Jdsj161e5Duh3tkzga,1971.8,3.64813518159e-08,0.6718,0.134351,1115,484,16.26,0.00,0,0
2026-10-09 00:06:20,HEBO,offen,AI,4AvWfTKcEFqwRjxBnoyWRY7wF7UV9cqH3492UFKHpump,1948.0,4.45521772152e-08,0.6468,0.129364,1196,54,21.25,0.00,0,0
2026-10-09 00:06:20,HEBO,offen,INSTADOCS,AMj8gG4mXckBoaT5mGQDwriKUqJtEApNg2CuXw6Ypump,1947.8,5.81670479375e-08,1.2130,0.242608,1618,21,23.26,0.00,0,0
2026-10-09 00:06:20,HEBO,offen,DICK,CN2hyxJgVbcnTC7jDhXuoJhZYA8aZ82LYwjM6MbU1Sen,731.0,2.575555997e-08,0.1472,0.117770,415,55,7.59,0.00,0,0
2026-10-09 00:06:20,HEBO,offen,b,Cr8kuNqKwiVVuzqLYKcJhmpSHy767837BwLFr9GDYXUf,725.5,6.00949198899e-08,0.3294,0.131745,1776,274,23.89,0.00,0,1
2026-10-09 00:06:20,HEBO,offen,DICK,3b1yu2Xz3qYJSrsKxnRKPgQCxTD7QWjdL2UZKQd63hXv,724.8,3.15599218458e-08,0.2327,0.093085,3537,9,4.59,0.00,0,0
2026-10-09 00:06:20,HEBO,offen,b,GQhGVgVSEreBxFi6p68M5sEKn2KirzZMDfoj6BpbVnoY,712.7,7.46993264034e-08,0.6432,0.257271,2103,72,19.55,0.00,0,0
2026-10-09 00:06:20,HEBO,offen,Thing,2YScUrXEdNzChj7U76CQ41UadmKjzx33cTcfQyLtpump,710.5,3.52713848194e-08,0.9232,0.184636,3732,15,10.41,0.00,0,0
2026-10-09 00:06:20,HEBO,offen,RARI,EFn88CiiFHhihqdr1Y11XBDxbbYarBf1ij92DsrigYwR,590.4,1.1900300602e-05,1.7969,2.515725,139176,3469,21.13,0.00,12,23
2026-10-09 00:06:20,HEBO,offen,Macca,8m2HLRPyaHV2h2xPj6FxJyxocCqXdf8msP51VUhzpump,482.0,1.96270558779e-07,1.0126,0.202522,4450,62,28.62,0.00,0,0
2026-10-09 00:06:20,Troupe,offen,PUMP,pumpCmXqMfrsAkQ5r49WcJnRayYRqmXz6ae8H7H9Dfn,10189.2,5.07710992756e-05,1.0472,0.009469,41398129,320259,59.34,0.00,175,1040
2026-10-09 00:06:20,Troupe,offen,homo,42AtRP5d3ySBj9iveMYeD23kkmN3HEZFwUzs1YKvkPA9,8536.6,2.24217938695e-08,0.0603,0.010570,252,146,3.18,0.00,0,0
2026-10-09 00:06:20,Troupe,offen,PUMPE,9fJAWKQpkY93hfuZxrHfh5wEh2AV9vjkWNQfzfbziHd2,8409.8,5.49993552561e-06,0.1990,0.238841,42400,2247,18.17,0.80,2,2
2026-10-09 00:06:20,Troupe,offen,HOLD,6REnZgtxhwdSAHczAp4J5PRsGQYQt7T3x4kEDyfs9U7y,8366.9,2.48464608786e-08,0.0143,0.002861,549,467,2.94,0.00,0,0
2026-10-09 00:06:20,Troupe,offen,THICC,3QEbHMK6ceYevtaCdLmBQMJgcPb9PJQpgyFBP6f6x6Rg,5711.4,1.4180943804e-08,0.0659,0.013189,1486,8,4.02,0.00,0,0
2026-10-09 00:06:20,Troupe,offen,CLAUSE,EWKyN7QHfJo41ikKqpo8R5gwEvryytKo9Vf7NF39U1GC,4535.2,1.95636190667e-08,0.0803,0.016065,2085,24,2.31,0.00,0,0
2026-10-09 00:06:20,Troupe,offen,TESTla,TESZBZpTRGUDriZQg72kYre1Vozyp2de7Z6o5JUtdRA,2882.0,0,0.0000,0.000000,1,38,3.55,0.04,0,0
2026-10-09 00:06:20,4DOV,offen,BOT,Aaan4fxwhKtUUPg2GSKq6natLV9oj9QQNf5xT4UE2gXr,9836.1,3.12667292623e-08,0.0367,0.007341,806,314,15.16,0.00,0,0
2026-10-09 00:06:20,4DOV,offen,PUDU,8HQgEcbhR5Xoh735zvndAocCLd7wdAYJfWHV55J8pump,8387.2,2.78944380103e-08,0.0132,0.005293,573,423,13.10,0.00,0,0
2026-10-09 00:06:20,4DOV,offen,Aiden,9dSMwFfPezQ8WPcW1uZV7ns4rcviEj2LssSAg75WBLXd,6948.1,4.58685755881e-07,0.0326,0.014672,11471,3042,20.89,0.00,0,1
2026-10-09 00:06:20,4DOV,offen,SPLICE,7bC8ugu1ZJn21MhA4ht483nX8brLNesa8R7XLimpFyhq,6191.6,4.66200534567e-07,0.0295,0.017684,11626,2524,25.94,0.03,0,2
2026-10-09 00:06:20,4DOV,offen,Ash,4jxyespUyvDxg1cN1NMCWErHGGyPrBdEzPiDobLBmttL,5873.9,4.26596208643e-08,0.1066,0.021316,1049,21,2.44,0.00,0,0
2026-10-09 00:06:20,4DOV,offen,www,GAwhcphCqCv5bKHmCiN4VDdNWfbXJL4npmkc8L3Q9S9H,5723.2,7.33026220466e-07,0.0702,0.028060,23978,6254,20.41,0.00,2,5
2026-10-09 00:06:20,4DOV,offen,ACTII,DYjM6f2R34Qp4jPE73HsdEVZwwcQFCsokpNYCqBUpump,5651.0,2.28588480346e-07,0.0432,0.012971,6006,1060,23.43,0.00,0,1
2026-10-09 00:06:20,4DOV,offen,BANANA,G7JkKqGb69cCWC2XkDXc8LG8qbifTkCKpsAcr6kApump,5534.9,2.87422791024e-08,0.0275,0.005503,610,180,15.89,0.00,0,0
2026-10-09 00:06:20,4DOV,offen,JITI,6YuVyHbjdwxiH1CLCSusP9yjXmsVvQfcTbSSPcFuXDew,4973.9,4.67316167664e-08,0.0396,0.007922,1774,781,17.80,0.00,0,0
2026-10-09 00:06:20,4DOV,offen,QINU,4unydQjvYdqR31pkuBYGu2nGst8r8j5XMW8KXRXtpump,4737.5,3.5015004523e-08,0.0210,0.008411,986,519,12.45,1.06,0,0
2026-10-09 00:06:20,4DOV,offen,NOLLA,CXw5hY3BMi87DTa99ekZgwxuvu7pQ2FUQVecs3SvJLD9,4557.6,2.966244284e-08,0.0265,0.005307,684,316,15.30,0.00,0,0
2026-10-09 00:06:20,4DOV,offen,TRANNIE,BvLqum9qd4TWQ1c9WPmLYMvxxzoXUjsFycVffvjyq16,4476.7,2.54271701627e-08,0.1087,0.021734,377,108,11.98,0.00,0,0
2026-10-09 00:06:20,4DOV,offen,OTC,MukLDtJ8Cx9DxLbeyLRSWPSposTMWuwHANbuaudpump,4024.1,8.3035085164e-05,0.7790,0.017909,508762,20651,25.81,0.00,15,43
2026-10-09 00:06:20,4DOV,offen,TRADE,Euz6EjyubNjJmCkahGEfCXmnCwNVLunxc1LZWsmV3wKf,3047.4,2.99967903243e-08,0.0240,0.009597,706,184,16.73,0.00,0,0
2026-10-09 00:06:20,4DOV,offen,Human,8nPoBHiBM6pybxMws9PA2JRb9BjkppBfqcZGmot4DMBC,1876.2,1.59195997573e-06,0.3744,0.005104,33229,5379,24.18,0.00,1,0
2026-10-09 00:06:20,4DOV,offen,HSM,2856wfnQ27LH23yKeFHJ4XQpQ2bsw4sen8RqyW5Wpump,1733.1,3.75201284092e-08,0.0826,0.033045,1385,542,15.92,0.00,0,1
2026-10-09 00:06:20,4DOV,offen,QPEPE,BwVrWfDgT6UFpJsfH7J8bqtRu8vekE2w1GyEAEuZKa9R,368.4,2.01280944462e-07,0.3757,0.300539,6609,161,27.59,0.00,2,5
2026-10-09 00:06:20,4DOV,offen,OP_CAT,4QV31UeJJyUVWP2f1qgEz8gUPkf6WyPZyAmGdT8UD8Ld,351.1,2.84824156836e-07,0.2329,0.046580,6128,342,23.76,0.00,0,5
2026-10-09 00:06:20,4DOV,offen,pear,6UCR8nmHZGauct3tKfismdYuLFemB6iMtuKEGycq7wCX,338.5,1.01915182002e-07,0.0467,0.012886,5197,1022,24.11,0.00,0,0
2026-10-09 00:06:20,4DOV,offen,INU,AACtroE9u7vTbLWBbMtkPx4bK79YYxBHgb8tfd1Apump,331.8,6.21246456872e-08,0.0445,0.008890,2495,845,25.21,0.00,0,3
2026-10-09 00:06:20,4DOV,offen,Alcebíades,7CWUYu169uBLva1PEjWXG2m12XU5nFe2dR454FmCpump,132.9,3.82274099537e-07,0.1393,0.013933,7577,494,23.18,0.00,8,21
2026-10-09 00:06:20,Cooker,offen,SI,DEW9dSN6QpWyNthphCpMmAbZP1Q4cEKR9xQXAri98WDP,10361.1,0.000249820610645,0.7361,0.441633,1792088,55208,16.95,0.00,25,129
2026-10-09 00:06:20,Cooker,offen,HOOKED,C1mBfBoDkwWfd6uTFZp62ARHLjeVp3bDpCDMfMZtPngE,8907.4,8.53169154631e-05,0.7810,1.652854,1039872,12556,19.30,0.00,21,58
2026-10-09 00:06:20,Gake,offen,CURVE,7ioeSgzfSKHMnpgfPpgRFsekMBGiu9oi6t6GeqYtNbbh,11050.0,1.66045877192e-06,0.4799,0.095985,101477,1103,14.73,0.07,1,0
2026-10-09 00:06:20,Gake,offen,SDOG,yFcTuQJCMsd1Asya15GZ7h4KGdxsujRLcUiTWWXpump,10863.3,3.82291880036e-07,0.0512,0.010245,9445,1531,21.11,0.00,1,6
2026-10-09 00:06:20,Gake,offen,OP,5PiBn5JdjJDnRGziiSfsu2affgBR3DyTTCR3CHpcode,10800.7,2.5687121822e-07,0.0707,0.014148,8351,1380,23.08,0.00,0,0
2026-10-09 00:06:20,Gake,offen,PURPS,purpFPo5voy6fEu8jxSCwVdMs1zyYEYAH6FBQvTYCZK,8518.5,1.67811787193e-06,0.5887,0.117744,24667,2253,31.58,0.00,1,1
2026-10-09 00:06:20,Pikalosi,offen,Miu,7LNFZcNigZay5U9e2sq6n2Z4iM8BC2Dd53L14pwvpump,9024.9,4.93280272965e-07,1.1819,0.236374,14899,799,21.50,0.00,0,0
2026-10-09 00:06:20,Dior,offen,OTC,MukLDtJ8Cx9DxLbeyLRSWPSposTMWuwHANbuaudpump,9350.8,8.3035085164e-05,1.2255,6.722548,508762,20651,25.81,0.00,15,43
2026-10-09 00:06:20,Dior,offen,TripleT,J8PSdNP3QewKq2Z1JJJFDMaqF7KcaiJhR7gbr5KZpump,8479.0,5.89867036307e-05,0.9520,0.380781,347953,24779,18.98,0.00,1,29
2026-10-09 00:06:20,Dior,offen,Kirkslop,8m5hzX9hprtWwPuVZL4daCZfggWYKc6fhSJDDpiqpump,8158.3,6.15938990663e-07,0.9374,0.562464,13555,393,28.14,0.00,0,0
2026-10-09 00:06:20,Dior,offen,COCKROACH,H4KUxsEgCp2yDpFvyDuGM5k6XevSKKrrKUxZ3Zr6nyJc,4997.5,1.04815062417e-05,1.1256,3.151749,91120,3657,19.17,0.00,3,8
2026-10-09 00:06:20,Dior,offen,CAESAR,8cp1WhUDxTbfX8nDe1kAB1ogPUyQvUSKgzFz365LbQyZ,3967.2,2.34683094164e-07,0.1171,0.327981,7711,1385,21.31,0.00,0,3
2026-10-09 00:06:20,Dior,offen,ClapCat,5BjfgmtfqvNpAWx1CnZynoWLWNMnrwHLhTFzQ81vkEc8,2152.4,1.89063270071e-06,0.6916,0.829913,25941,842,26.36,0.00,2,8
2026-10-09 00:06:20,Dior,offen,Gunner,7thxAzq4B9KwPe4NqMNAntF2Njgqb9FTKQb4z6fYpump,859.3,5.63575418947e-07,0.5285,2.642504,10036,1014,19.84,0.00,9,12
2026-10-09 00:06:20,Dior,offen,OpiumBird,HmCxqpgxaQng3A73F7vLgJjc9sr6ACFt8CEJwWY2hMGR,667.8,2.62629507103e-06,1.0245,0.409817,33843,2413,30.70,0.00,0,2
2026-10-09 00:06:20,Dior,offen,vamp,H72pex1VtfY2M7v2Tfk9D9PgvCocRuFN3owCveERSa4s,99.9,3.25043003283e-06,6.1910,2.476388,39556,1179,20.88,0.00,175,485
2026-10-09 00:06:20,3zsr,offen,Sapijiju,8Fs2YLsayR4awLB79nMM3QCpG3pqvcAGP7hHb8fX4L2G,8849.9,1.1006586597e-07,1.0270,0.205403,3494,367,25.65,0.00,1,0
2026-10-09 00:06:20,3zsr,offen,EZRA,4qTqqkexQCEP2m8UrDWXACHpA8bEkGxpNJrDPMNcfHKQ,4186.7,3.57385680023e-08,1.0819,0.216375,3889,6,7.67,0.00,0,0
2026-10-09 00:06:20,3zsr,offen,ELONMUSK,5QmEgE9rK3aB1SDi7mK7rXPt2QHe7FRT69zbb2X2iSip,4186.4,3.46093406895e-08,1.0091,0.201815,3775,5,12.21,0.00,0,0
2026-10-09 00:06:20,3zsr,offen,HIGCAT,52sQ5kFhaTD6NsfN4oKreHZAwxrxgUo129ZCG3EBsVhv,4186.2,3.38423009536e-08,0.9549,0.190975,3726,6,6.49,0.00,0,0
2026-10-09 00:06:20,3zsr,offen,GIA,4FuWREkDYG1chHxHfgmUv3AN1iLPUi42Er6UboWUJKwU,4185.9,3.34989642936e-08,0.9386,0.187715,3669,8,7.03,0.00,0,0
2026-10-09 00:06:20,3zsr,offen,Sworddog,2QLpYwa5tzMjGBZWCmu9WHEPTNPH65w7xeFHSU1Hpump,3613.5,3.7649469421e-08,0.9503,0.190065,3846,16,15.41,0.00,0,0
2026-10-09 00:06:20,3zsr,offen,TRUMP,AYLh1Bgthdgego4EBAJQZtzXiQ6b1EbrPWES5V1vjhzV,3498.3,3.18590460154e-08,0.5138,0.051384,665,82,17.07,0.00,0,0
2026-10-09 00:06:20,3zsr,offen,RUGRUN,2VFjLcouktUNWRsZVkdiJ57nmRZR8HTJjKzDkZ3mbN8f,3471.0,3.51552587903e-08,1.0263,0.205252,3866,5,6.69,0.00,0,0
2026-10-09 00:06:20,3zsr,offen,HOUS,4pZQCY4HLpeYyJJ48yu7Z49B4G1Z7B1ZH3YdvVfNqKGn,3470.8,3.75619883498e-08,0.9113,0.182262,3758,14,15.47,0.00,0,0
2026-10-09 00:06:20,3zsr,offen,OWL,vEtdEEWyX8SS5ZrRZjtT3WzV8bdLS13t5Uvg7YLpump,578.4,3.28391382527e-08,0.9742,0.194833,3519,16,9.17,0.00,0,0
2026-10-09 00:06:20,3zsr,offen,BCAT,6rtt3rgrgRYbgWDkMGLZmNjjMAkyTquqVZTkhYzn6xdB,552.9,3.34489195465e-08,0.9547,0.283673,3591,8,9.00,0.00,0,0
2026-10-09 00:06:20,3zsr,offen,PQCINU,26UJpU6dCjGJQjaUodSB8V7bzYjdTWZrDyN8jtXfL8Vf,544.2,3.15572876903e-08,0.9178,0.183561,3398,6,8.70,0.00,0,0
2026-10-09 00:06:20,3zsr,offen,PDOG,Dj9fsUKStiepdQdXzBLcHr59FnR58pAyc6XnXi4eZrCr,534.0,3.25660242031e-08,0.8684,0.173675,3519,5,8.35,0.00,0,0
2026-10-09 00:06:20,3zsr,offen,SKATE,Wwn74emwczd4bWNp4j1EnQCt299pedr1uEacqsgwerk,518.5,4.0464958084e-08,0.9523,0.190455,3949,48,14.87,0.00,0,0
2026-10-09 00:06:20,3zsr,offen,STREETCRAFT,5y4eGSBuc43Z3g9mDrPa8Z7w9VMdRYEWK3zfPRpRuhwi,516.9,2.55119535665e-08,0.8903,0.178055,423,109,9.76,0.00,0,0
2026-10-09 00:06:20,3zsr,offen,QCAT,5Q8D4128ZqRiXb8ivCKMVtWaLpC23cssosiTNQVeGgQM,512.1,3.72896104706e-08,0.7381,0.147625,3735,17,14.71,0.00,0,0
2026-10-09 00:06:20,3zsr,offen,trump,2zM3QpEjbE6RYf8ZeNzdaTTAZJJQzJxV6PWDPBKRNH2n,509.3,3.36809110985e-08,0.8092,0.161838,3586,8,9.81,0.00,0,0
2026-10-09 00:06:20,3zsr,offen,fallout,7gAJBUhr3RPxGRkQQhphUvi4668dBjwpuQ22TwqPnt2h,472.5,3.49957936436e-08,0.9564,0.191276,3628,7,12.37,0.00,0,0
2026-10-09 00:06:20,3zsr,offen,QEPE,BrMHuM7uRbmygmhJMPXQEJxUuJr3xJWqgFoFngvgZHdc,409.9,3.15412667819e-08,0.8935,0.178701,3447,7,7.24,0.00,0,0
2026-10-09 00:06:20,3zsr,offen,Quantum,81cKqDPK7xEGQWvfqBT3mJTvPL7dF5QFcjmWt4uxugEq,388.6,4.22619900438e-08,0.8855,0.177099,4053,32,16.70,0.00,0,0
2026-10-09 00:06:20,3zsr,offen,QUBIT,4Wsk4ezKTweuuMgetUBC3PzcoM9TzB8cky1c68vApR96,385.3,5.34983000911e-08,0.7192,0.143843,4683,24,25.52,0.00,0,0
2026-10-09 00:06:20,3zsr,offen,SKATE3,BZDShqTtTL5EAk38RYSrFUfYM1YBZT4zqRajQz1Wpump,348.9,8.19043359159e-08,1.1059,0.221175,5609,104,19.80,0.00,1,7
2026-10-09 00:06:20,3zsr,offen,Bunker,3WzaZwVmjr3JMWKknJtnEn3R4kaX9pVkwQJmC9fxpump,318.0,7.15658379452e-08,0.8749,0.174977,6234,1060,11.09,0.00,0,0
2026-10-09 00:06:20,3zsr,offen,KOTH,3RRGi7ZcodyqNRNDJEySgCuteuE9AV5MsYjXiZLQpCJH,299.7,6.32253747998e-08,0.9115,0.182290,1771,146,20.71,0.00,0,0
2026-10-09 00:06:20,3zsr,offen,Tiktok,kmNXT7yTqLbNKwYmCHf8A1gAhLB6XgTmiRDv9Udpump,248.6,3.19024983854e-08,0.7849,0.156973,631,63,21.33,0.00,0,0
2026-10-09 00:06:20,C7bF,offen,SPSI,ERvSTRZsoEdM79d9Ajb2KMSnM1uPgamW3BoNgj21teCa,1830.4,3.77786367906e-08,1.0142,0.202833,299,4,10.89,0.00,0,0
2026-10-09 00:06:20,C7bF,offen,KMS,D1sm1V3pHGTv32ugeXoer4a91xqfuh4jJBYQwePSKVez,514.0,3.52306295563e-07,0.1156,0.023127,8750,895,24.56,0.00,0,0
2026-10-09 00:06:20,C7bF,offen,MASSIMO,H6XiYttyMFsKXj6BJzYZMEjhUz6EwymaX4ug35G6pump,273.2,5.82927317709e-08,0.1642,0.032839,1572,144,19.10,0.00,0,1
2026-10-09 00:06:20,77n6,offen,DIP,7KWJEZ9gUA839LqaSj2wgEhsTLCxghfsqFdimrDC98WY,435.8,1.02781861141e-07,0.4495,0.269672,2846,213,23.46,0.00,0,2
2026-10-09 00:06:20,G7b2,offen,SXSI,DQysBW79uHzZAWd2ahVQrf89CuSFqVzuNA3ijHbjVJfG,5640.4,1.78967211096e-06,0.7150,1.143939,24539,1162,28.76,0.00,1,3
2026-10-09 00:06:20,G7b2,offen,SI,DEW9dSN6QpWyNthphCpMmAbZP1Q4cEKR9xQXAri98WDP,5601.2,0.000249820610645,1.1281,3.900161,1792088,55208,16.95,0.00,25,129
2026-10-09 00:06:20,499R,offen,bracat,FZ9BqVmfANPMMD6DogBmkn9uXBPqivNhr1Gu1awGgprS,4.6,8.50619111381e-07,0.9697,0.387872,16853,557,21.91,0.00,19,39
2026-10-09 00:06:20,7Cn1,offen,si.gov,7CTRbkV1tVuq1f59pRxT1Pb2W5AHG4gM9FMH4rGzKiXv,4821.7,3.30142040885e-06,1.2106,0.923053,37509,2199,13.68,0.00,2,11
2026-10-09 00:06:20,7Cn1,offen,CRAWL,BXoHJddsWJLHtAopeiSbKUSELsu8hSFMs8baGMDkpump,1569.4,4.11640193746e-05,1.3166,0.592473,458867,9848,15.77,0.00,11,44
2026-10-09 00:06:20,Croco-AC7K,offen,CLAUDIA,2j5SaS7xy776qCBpyPQbZjyQSAtKiFgrwjfErthnW2ZM,1145.0,3.78908728491e-06,0.7440,0.297601,50416,2498,19.70,0.00,6,19
2026-10-09 00:06:20,HoneyBadger-6kfX,offen,phubber,CBcjQNdtgb4SHwKDqKFxD3yPSk7pEMpKHQiMmZrgpump,2986.0,3.58216403932e-06,0.9095,1.818990,43084,2859,21.02,0.00,2,5
2026-10-09 00:06:20,HoneyBadger-6kfX,offen,pup,7HE2WmPoYE7uaA7DKh25N5cUwEcUoiyjwZU9ZeaQpump,2432.2,7.64252354739e-08,0.7463,0.298515,2427,317,24.29,0.00,0,0
2026-10-09 00:06:20,8K7Z,offen,RARI,EFn88CiiFHhihqdr1Y11XBDxbbYarBf1ij92DsrigYwR,2643.6,1.1900300602e-05,0.8988,0.928129,139176,3469,21.13,0.00,12,23
2026-10-09 00:06:20,FKJE,offen,HOOKED,C1mBfBoDkwWfd6uTFZp62ARHLjeVp3bDpCDMfMZtPngE,3407.8,8.53169154631e-05,1.4681,0.449744,1039872,12556,19.30,0.00,21,58
2026-10-09 00:06:20,FKJE,offen,Cartridge,ArenDYANqFNkp8ZqAXt69vT5Dz7WD4zDfSpVw6oPpump,1355.4,1.38863325756e-06,1.3865,0.554590,22674,862,24.43,0.85,1,2
2026-10-09 00:06:20,FKJE,offen,BORDR,6Mix12LiHrQFojaQEnfPUC65Qkwd6X4Y5Qg93oFbordr,594.9,1.17839697467e-05,1.4859,0.594364,119705,3234,14.46,0.00,13,54
2026-10-09 00:06:20,2z7o,offen,WII,Betne2zJWDB3wZufUXhWdaBWFqiMZYiZ6fSxeTwzpump,34.8,1.62044729498e-07,1.1548,0.230966,7881,99,20.33,0.00,3,1
2026-10-09 00:06:20,2z7o,offen,TAVE,7yKXbKZFXRj8imN2jdt4PXrncZkdbPaT7kYLEMMypump,28.3,8.75606765199e-08,1.5226,0.304510,5788,50,26.20,0.12,27,3
2026-10-09 00:06:20,2z7o,offen,Garlic,GK8nbwNuowbZX5d5NRhJ2rRpvazvLZ78GuCXoYUHpump,16.4,6.18647275357e-08,1.0079,0.201585,4874,35,25.59,0.00,1,2
2026-10-09 00:06:20,54QZ,offen,GOBLIN,E2itWssNNRVYSTd7U6Q7y5XVRVJM4eAxG7TGSv5epump,2009.4,3.00118538834e-07,0.7706,0.711715,9261,551,23.45,0.00,0,1
2026-10-09 00:06:20,54QZ,offen,GODS,8nV3xKVvhX7KVnoxVN93ahcvFSecrWovturHggMHruQn,703.7,4.88909407238e-07,1.0342,0.317041,9540,541,24.82,0.00,2,1
2026-10-09 00:06:20,54QZ,offen,MARVIN,7HjUj6sghEh964xp1cxf7uUovSsSsuQVdt9jheH3ruqb,420.9,8.49317296975e-08,0.9774,0.195486,4342,52,28.22,0.00,0,0
2026-10-09 00:06:20,DWRA,offen,ZCASH,5n7LRhpGcZQ4Xas2WoxwEiES315cV27bEaZubELrKZ49,108.9,4.61942430347e-08,0.0865,0.034616,3096,26,33.26,0.00,0,0
2026-10-09 00:06:20,CCBV,offen,ZCASH,5n7LRhpGcZQ4Xas2WoxwEiES315cV27bEaZubELrKZ49,109.1,4.61942430347e-08,0.0878,0.035131,3096,26,33.26,0.00,0,0
2026-10-09 00:06:20,Loopierr,schatten,CatCollector,5AgD5tmarU5kgbqHqCgDEMcAHAQAm8muV67xkKs9urps,9477.3,3.51988241803e-08,0.1046,0.020917,129,32,2.94,0.00,0,0
2026-10-09 00:06:20,Loopierr,schatten,SGI,36yTNhb9rfogt4mWxFiTnBeeT9bNXrVdKymAJ3jbvTzM,9326.4,3.19454328001e-08,0.2001,0.040024,3679,6,0.36,0.00,0,0
2026-10-09 00:06:20,6ANG,schatten,ANTHROPIG,25DeVAVF86uAd2wcFewp7F1s6gjZei88Mj4xBzg3AP94,10038.5,1.30310397852e-07,0.5314,0.106282,5356,67,31.18,0.00,0,0
2026-10-09 00:06:20,HEBO,schatten,SI,4qCW74oX82oTeypDzFYYYZ6eJ6yPQVFeX196YpHszJFY,6159.6,2.30962769119e-08,0.4581,0.091627,2303,53,10.81,0.00,0,0
2026-10-09 00:06:20,HEBO,schatten,INCOME,E7mRvAbgZdA6dF7cgXZevkbjd9Yfy5q11XEFnWZfpump,5888.3,5.528811776e-08,0.8830,0.176594,2010,1258,13.27,0.00,0,0
2026-10-09 00:06:20,HEBO,schatten,GPH,BtmRMRazMTY2KqpbZkdFGrGJSm8rwLG744DV8Webpump,4849.9,3.47074822133e-08,0.4919,0.098372,916,56,21.37,0.00,0,0
2026-10-09 00:06:20,HEBO,schatten,pup,7HE2WmPoYE7uaA7DKh25N5cUwEcUoiyjwZU9ZeaQpump,4849.4,7.64252354739e-08,0.7003,0.140060,2427,317,24.29,0.00,0,0
2026-10-09 00:06:20,HEBO,schatten,ACTII,41QF43mQKs1Qm51xK7uQWjxRA9oZ6S5mBVYveR4wLfzx,1976.8,3.44987977104e-08,0.5776,0.115525,791,53,20.38,0.00,0,0
2026-10-09 00:06:20,HEBO,schatten,TITS,DPVNMLe7zXsrg8Y9rMyPmxBG31qqo3v9FyWChbKQpump,1974.7,6.78659250311e-08,1.4333,0.229325,1928,34,27.67,0.00,0,0
2026-10-09 00:06:20,HEBO,schatten,TITS,C21p56TNF1Ec8BmyMkmLnwX56G3TzgYvzqMMVUPL7Fcm,1971.9,2.67429504846e-08,0.6828,0.136556,486,109,13.79,0.00,0,0
2026-10-09 00:06:20,HEBO,schatten,DICK,CN2hyxJgVbcnTC7jDhXuoJhZYA8aZ82LYwjM6MbU1Sen,730.5,2.575555997e-08,0.1653,0.033067,415,55,7.59,0.00,0,0
2026-10-09 00:06:20,HEBO,schatten,b,GQhGVgVSEreBxFi6p68M5sEKn2KirzZMDfoj6BpbVnoY,725.3,7.46993264034e-08,0.1453,0.029057,2103,72,19.55,0.00,0,0
2026-10-09 00:06:20,Troupe,schatten,CLAUSE,EWKyN7QHfJo41ikKqpo8R5gwEvryytKo9Vf7NF39U1GC,4535.1,1.95636190667e-08,0.0566,0.011317,2085,24,2.31,0.00,0,0
2026-10-09 00:06:20,4DOV,schatten,TRADE,Euz6EjyubNjJmCkahGEfCXmnCwNVLunxc1LZWsmV3wKf,3047.2,2.99967903243e-08,0.0223,0.004470,706,184,16.73,0.00,0,0
2026-10-09 00:06:20,4DOV,schatten,pear,6UCR8nmHZGauct3tKfismdYuLFemB6iMtuKEGycq7wCX,337.7,1.01915182002e-07,0.0293,0.002925,5197,1022,24.11,0.00,0,0
2026-10-09 00:06:20,Cooker,schatten,X7,CdhZy8wrRxNxoV8HtoByXKN7mvS46avtuZ1b39tKfx7,10140.3,2.55822172235e-06,0.2527,0.050547,48010,1747,21.04,0.00,6,5
2026-10-09 00:06:20,Cooker,schatten,9e9,HZ4qZQJ7yf6WR1D24GLRLJ3cKUfgtJEF3B7SdLMLvCPZ,8870.8,3.28443641266e-08,0.0382,0.015268,918,251,12.98,0.00,0,0
2026-10-09 00:06:20,Gake,schatten,MINEPAD,2EUKLvNQ63YCmjSDyJ14Tzj7ASeHGXgseYWrKAa2mine,11019.9,6.79443745296e-07,0.4006,0.068102,15033,681,21.77,0.00,0,0
2026-10-09 00:06:20,Gake,schatten,TERRA,JD3d8mxEJ91LHZSuwVLquFAKdo5PbEeLCUevjjDsPdRe,9737.4,8.67225103736e-08,0.0638,0.012752,2502,112,29.80,0.00,1,0
2026-10-09 00:06:20,Gake,schatten,SHITCOIN,4BxBot4K36N3ZZkpB9sqEocy5iBi8cUttK6s8YbHH9Jo,8229.6,5.98154612266e-08,0.0636,0.012716,1735,105,37.14,0.00,0,0
2026-10-09 00:06:20,Gake,schatten,FROGE,6R1F4sNySF4NKGdhW3UhESWuYYRu4Cehk5rn3mGP375R,8218.8,4.91441489432e-08,0.0463,0.009260,1584,333,24.02,0.00,0,0
2026-10-09 00:06:20,Gake,schatten,GENESIS,CSEd3Pi5WZL7w5vmwNjDVXv8poAqSv2Dn1as1erUpump,5572.8,6.59783674296e-08,0.0136,0.002729,2369,766,17.87,0.10,0,1
2026-10-09 00:06:20,Gake,schatten,OATH,2RSsw9tntE1RmoiPnNFiu93EzQu2eLnCAzvZiqMSoatH,5556.7,1.07436674061e-06,0.9641,0.192816,15058,378,26.08,0.00,1,2
2026-10-09 00:06:20,Gake,schatten,IMAGINE,EpFTb2XcGiMyGLykZ9VYmyPWz2AHEwAggqSbwJpypump,5184.6,2.55484347027e-06,0.9560,0.191194,26915,785,37.75,9.37,0,0
2026-10-09 00:06:20,Dior,schatten,CAESAR,8cp1WhUDxTbfX8nDe1kAB1ogPUyQvUSKgzFz365LbQyZ,3989.1,2.34683094164e-07,0.1016,0.020325,7711,1385,21.31,0.00,0,3
2026-10-09 00:06:20,Dior,schatten,ClapCat,5BjfgmtfqvNpAWx1CnZynoWLWNMnrwHLhTFzQ81vkEc8,2160.2,1.89063270071e-06,0.5389,0.107780,25941,842,26.36,0.00,2,8
2026-10-09 00:06:20,Dior,schatten,Gunner,7thxAzq4B9KwPe4NqMNAntF2Njgqb9FTKQb4z6fYpump,862.8,5.63575418947e-07,0.5888,0.117765,10036,1014,19.84,0.00,9,12
2026-10-09 00:06:20,Dior,schatten,vamp,H72pex1VtfY2M7v2Tfk9D9PgvCocRuFN3owCveERSa4s,105.2,3.25043003283e-06,5.2049,0.936880,39556,1179,20.88,0.00,175,485
2026-10-09 00:06:20,C7bF,schatten,Pao,3K2vx7ww6dNcHViJStztSJvTQZWaMkYrYnTop5178iR2,356.4,5.87083394422e-08,0.9527,0.190537,1617,93,31.05,2.56,0,0
2026-10-09 00:06:20,koko,schatten,MAJOR,7AUzu756Pp3Cg3NByuKfcRSAFFt31kjC6U6R1npkiA1Q,7389.4,1.63893674841e-07,3.5879,0.717580,4171,159,30.33,0.00,0,0
2026-10-09 00:06:20,77n6,schatten,DIP,7KWJEZ9gUA839LqaSj2wgEhsTLCxghfsqFdimrDC98WY,441.9,1.02781861141e-07,0.2262,0.045241,2846,213,23.46,0.00,0,2
2026-10-09 00:06:20,499R,schatten,COIN,J7bhFegCHZAeRzdYDwmbSp1CJ1bDJkutSg26B4SXpump,15.7,4.1462177794e-06,1.1187,0.447498,63168,2835,20.66,0.00,296,922
2026-10-09 00:06:20,DWRA,schatten,ZCASH,5n7LRhpGcZQ4Xas2WoxwEiES315cV27bEaZubELrKZ49,109.2,4.61942430347e-08,0.0952,0.019048,3096,26,33.26,0.00,0,0
2026-10-09 00:06:20,CCBV,schatten,ZCASH,5n7LRhpGcZQ4Xas2WoxwEiES315cV27bEaZubELrKZ49,109.2,4.61942430347e-08,0.0952,0.019043,3096,26,33.26,0.00,0,0
2026-10-09 00:07:21,Loopierr,offen,GARP,FKPdKiZBYMU2MwHXKjyhgV6ozSh2APzvvr3ZBwFCfSHo,12251.0,2.62381006312e-08,0.0412,0.008245,552,145,10.92,0.00,0,0
2026-10-09 00:07:21,6ANG,offen,OpenSI,5ptkVdbpaPpEJPPVXE5CpJNCXEmAidyot5TQcDDawMzm,11978.6,9.47384243045e-07,2.2184,1.655493,15053,1169,21.98,0.00,0,0
2026-10-09 00:07:21,6ANG,offen,ANT,BTZK1B3pCoBDD1vy5e4bDBM4bwvvhkKUMTuKABkGWwGp,10039.7,4.15579463719e-07,1.0775,0.646518,9926,92,27.37,0.00,0,0
2026-10-09 00:07:21,6ANG,offen,ANTHROPIG,25DeVAVF86uAd2wcFewp7F1s6gjZei88Mj4xBzg3AP94,10039.5,1.30310397852e-07,0.5345,0.213800,5356,67,31.18,0.00,0,0
2026-10-09 00:07:21,9LXM,offen,SGI,FcZcFjfNPJR9rycZS1FwkiEgQTW7ZWRjdSaBdJ6M9ha6,11833.6,9.731763992e-08,0.0639,0.025557,5136,340,23.03,0.00,0,0
2026-10-09 00:07:21,HEBO,offen,goon,HSUMi4rMgjrx7zRUabw3ogGu1pa5hmF2eVcXj9Apump,12065.6,5.11047892437e-07,0.6258,0.450868,13327,2839,17.60,0.00,1,1
2026-10-09 00:07:21,HEBO,offen,Tico,35ccP7zmf4THJsDn3UtozYcWm1U8nzhyHcTgK3ETpump,12000.4,3.56529686008e-08,0.5961,0.119227,3890,29,7.17,0.00,0,0
2026-10-09 00:07:21,HEBO,offen,ArmyX,F7y94q8QvGKNCrGt6E5pgQ7ABBkQK4QkqEBGs9Y5ZFFk,9387.5,3.40187694707e-08,0.1270,0.101576,3122,57,15.71,0.00,0,0
2026-10-09 00:07:21,HEBO,offen,ZUCKS,2eBJvNnn7guSjX1yuE7seuDY9pveDiHkfoyeBh2WZroS,9121.9,2.26171373807e-08,0.3459,0.049806,2313,35,7.97,0.00,0,0
2026-10-09 00:07:21,HEBO,offen,TRUMPTV,34w4t74EsbJyBBSyYBFyNo65Ft7Ax8BF3HrubL1mwbpL,9027.0,2.03152433241e-08,0.1557,0.031149,2126,89,5.45,0.00,0,0
2026-10-09 00:07:21,HEBO,offen,pill,DvdmEnztCmXwBnAbedD48XVGZJSxq31zNvnyftXdpump,7963.1,1.74641102775e-05,0.9970,2.592321,218617,6051,21.87,0.00,2,6
2026-10-09 00:07:21,HEBO,offen,PUMPCAT,G4vqe8KAcRGTb7Kc55n9sz43aR4ugTPdSeUnAXZhpump,7962.7,3.70844500768e-06,1.7581,0.351611,47298,1290,24.73,0.00,0,0
2026-10-09 00:07:21,HEBO,offen,CUPTOBER,EKgswaMnRSJHmyFZCbxscTAjiR2bH1oLXsftepUGsPtz,7799.7,4.8666045444e-08,0.5916,0.236642,4854,28,13.44,0.00,0,0
2026-10-09 00:07:21,HEBO,offen,Scronkfinkle,DaUFkgZjwJCsM9QDWCsxtZS2omgHS3Fn9GHgTX5wwpcX,6537.4,5.0642666745e-08,0.4982,0.298945,1393,100,22.82,0.00,0,0
2026-10-09 00:07:21,HEBO,offen,Eagle,E3pWKtfQk6LLZpRWVTjJwrMY4vFa9umLYDPxWJtZSTNK,6513.9,2.69135731635e-08,0.1422,0.128808,2674,73,12.02,0.00,0,0
2026-10-09 00:07:21,HEBO,offen,Caviar,F7ktJWjMtubD8zwv5xMb35g5hPTvGQSDMS8UGcwXpump,5893.1,1.07839459364e-07,0.6877,0.275063,3086,85,27.76,0.00,0,0
2026-10-09 00:07:21,HEBO,offen,TIT,3KM7dvpUk2Wm8qdXtZpBJHgic4bAaz1MTDHvUEjKpump,5867.7,2.17762376688e-07,0.5766,0.576614,5945,129,26.88,0.00,0,0
2026-10-09 00:07:21,HEBO,offen,MIM,6bJtwhtvzkthAYszQ3ZWkFJzSvbGSkbAz9yPcSiXaGK6,5867.1,1.65082365455e-07,1.3054,0.261078,5030,192,27.38,0.00,0,0
2026-10-09 00:07:21,HEBO,offen,Taste,93FWFR63nwQcq5zuXNmTits5BYcKFjmUZzccMvhmpump,5866.8,1.16267020229e-07,1.2953,0.518135,8801,38,24.15,0.00,0,0
2026-10-09 00:07:21,HEBO,offen,GPH,H1hFymzkRE7CAdxEuBWYknvsTCgoDXAqPKFU94iPpump,5861.1,4.87087925217e-08,0.9218,0.184357,867,68,10.72,0.00,0,0
2026-10-09 00:07:21,HEBO,offen,TIT,Ar3QBegnCQr6ZFyN9h637ar9JCxZRvdboiR1QzMrpump,4854.9,1.80581766632e-07,0.6098,0.975623,4688,281,37.63,0.00,0,0
2026-10-09 00:07:21,HEBO,offen,AVERY,8QFGVLXehnTv28eMdXZkhY5d84SVF58LAfRGx8zWpH9b,4791.7,3.09910199792e-08,0.1730,0.034603,2601,220,19.30,0.00,0,0
2026-10-09 00:07:21,HEBO,offen,APU,HoCeDUrd5BqfYmaRk2eiUpzshEvpwfYpgrJ4YKFCpump,3590.6,1.38746374156e-07,0.7751,0.155011,4473,257,26.35,0.00,0,0
2026-10-09 00:07:21,HEBO,offen,APU,E7eCZS2cq655qJ7uVx3dSHR2zK31kwNQsWS6P6Hpump,3590.3,2.02530922046e-06,2.8331,2.833125,21335,467,27.05,0.00,14,22
2026-10-09 00:07:21,HEBO,offen,COCKROACH,H4KUxsEgCp2yDpFvyDuGM5k6XevSKKrrKUxZ3Zr6nyJc,3585.6,1.03829658537e-05,1.5335,2.760325,90782,3657,19.17,0.00,2,11
2026-10-09 00:07:21,HEBO,offen,MDOG,F5zC2QoP6j2erxNyf4z6iNCi6X6AkburMC2Xofhxpump,3364.9,8.546084158e-08,1.0021,0.200418,3212,1642,17.78,0.00,0,0
2026-10-09 00:07:21,HEBO,offen,SI,8ALHRuN5q4MHRaKPdiXi7cHyVWicZVwQx2TBTCH8GZ4h,3120.2,1.58981893548e-07,1.5013,0.300251,4293,73,23.06,0.00,0,0
2026-10-09 00:07:21,HEBO,offen,PHASEONE,GfawjB4Fxz389kECjrrnsdS8MKb9hMgALonJddGQasHL,1986.0,2.51548160491e-08,0.4279,0.085570,406,71,10.53,0.00,0,0
2026-10-09 00:07:21,HEBO,offen,TITS,GLsHzxjtktCKzAA8LEEfXJ5UF2Jdsj161e5Duh3tkzga,1972.8,3.64813518159e-08,0.6718,0.134351,1115,484,16.26,0.00,0,0
2026-10-09 00:07:21,HEBO,offen,AI,4AvWfTKcEFqwRjxBnoyWRY7wF7UV9cqH3492UFKHpump,1949.0,4.45521772152e-08,0.6468,0.129364,1196,54,21.25,0.00,0,0
2026-10-09 00:07:21,HEBO,offen,INSTADOCS,AMj8gG4mXckBoaT5mGQDwriKUqJtEApNg2CuXw6Ypump,1948.8,5.81670479375e-08,1.2130,0.242608,1618,21,23.26,0.00,0,0
2026-10-09 00:07:21,HEBO,offen,DICK,CN2hyxJgVbcnTC7jDhXuoJhZYA8aZ82LYwjM6MbU1Sen,732.0,2.575555997e-08,0.1472,0.117770,415,55,7.59,0.00,0,0
2026-10-09 00:07:21,HEBO,offen,b,Cr8kuNqKwiVVuzqLYKcJhmpSHy767837BwLFr9GDYXUf,726.5,6.00949198899e-08,0.3294,0.131745,1776,274,23.89,0.00,0,1
2026-10-09 00:07:21,HEBO,offen,DICK,3b1yu2Xz3qYJSrsKxnRKPgQCxTD7QWjdL2UZKQd63hXv,725.8,3.15599218458e-08,0.2327,0.093085,3537,9,4.59,0.00,0,0
2026-10-09 00:07:21,HEBO,offen,b,GQhGVgVSEreBxFi6p68M5sEKn2KirzZMDfoj6BpbVnoY,713.7,7.46993264034e-08,0.6432,0.257271,2103,72,19.55,0.00,0,0
2026-10-09 00:07:21,HEBO,offen,Thing,2YScUrXEdNzChj7U76CQ41UadmKjzx33cTcfQyLtpump,711.5,3.52713848194e-08,0.9232,0.184636,3732,15,10.41,0.00,0,0
2026-10-09 00:07:21,HEBO,offen,RARI,EFn88CiiFHhihqdr1Y11XBDxbbYarBf1ij92DsrigYwR,591.4,1.16671964407e-05,1.7617,2.466446,140002,3468,21.13,0.00,10,16
2026-10-09 00:07:21,HEBO,offen,Macca,8m2HLRPyaHV2h2xPj6FxJyxocCqXdf8msP51VUhzpump,483.0,1.96270558779e-07,1.0126,0.202522,4450,62,28.62,0.00,0,0
2026-10-09 00:07:21,Troupe,offen,PUMP,pumpCmXqMfrsAkQ5r49WcJnRayYRqmXz6ae8H7H9Dfn,10190.2,5.06245627788e-05,1.0442,0.009442,41322586,320246,59.34,0.00,174,1066
2026-10-09 00:07:21,Troupe,offen,homo,42AtRP5d3ySBj9iveMYeD23kkmN3HEZFwUzs1YKvkPA9,8537.6,2.24217938695e-08,0.0603,0.010570,252,146,3.18,0.00,0,0
2026-10-09 00:07:21,Troupe,offen,PUMPE,9fJAWKQpkY93hfuZxrHfh5wEh2AV9vjkWNQfzfbziHd2,8410.8,5.43349089705e-06,0.1966,0.235955,42334,2248,18.17,0.80,2,3
2026-10-09 00:07:21,Troupe,offen,HOLD,6REnZgtxhwdSAHczAp4J5PRsGQYQt7T3x4kEDyfs9U7y,8367.9,2.48464608786e-08,0.0143,0.002861,549,467,2.94,0.00,0,0
2026-10-09 00:07:21,Troupe,offen,THICC,3QEbHMK6ceYevtaCdLmBQMJgcPb9PJQpgyFBP6f6x6Rg,5712.4,1.4180943804e-08,0.0659,0.013189,1486,8,4.02,0.00,0,0
2026-10-09 00:07:21,Troupe,offen,CLAUSE,EWKyN7QHfJo41ikKqpo8R5gwEvryytKo9Vf7NF39U1GC,4536.2,1.95636190667e-08,0.0803,0.016065,2085,24,2.31,0.00,0,0
2026-10-09 00:07:21,Troupe,offen,TESTla,TESZBZpTRGUDriZQg72kYre1Vozyp2de7Z6o5JUtdRA,2883.0,0,0.0000,0.000000,1,38,3.55,0.04,0,0
2026-10-09 00:07:21,4DOV,offen,BOT,Aaan4fxwhKtUUPg2GSKq6natLV9oj9QQNf5xT4UE2gXr,9837.2,3.12667292623e-08,0.0367,0.007341,806,314,15.16,0.00,0,0
2026-10-09 00:07:21,4DOV,offen,PUDU,8HQgEcbhR5Xoh735zvndAocCLd7wdAYJfWHV55J8pump,8388.2,2.78944380103e-08,0.0132,0.005293,573,423,13.10,0.00,0,0
2026-10-09 00:07:21,4DOV,offen,Aiden,9dSMwFfPezQ8WPcW1uZV7ns4rcviEj2LssSAg75WBLXd,6949.1,4.58685755881e-07,0.0326,0.014672,11471,3042,20.89,0.00,0,2
2026-10-09 00:07:21,4DOV,offen,SPLICE,7bC8ugu1ZJn21MhA4ht483nX8brLNesa8R7XLimpFyhq,6192.6,4.66200534567e-07,0.0295,0.017684,11626,2524,25.94,0.03,0,2
2026-10-09 00:07:21,4DOV,offen,Ash,4jxyespUyvDxg1cN1NMCWErHGGyPrBdEzPiDobLBmttL,5874.9,4.26596208643e-08,0.1066,0.021316,1049,21,2.44,0.00,0,0
2026-10-09 00:07:21,4DOV,offen,www,GAwhcphCqCv5bKHmCiN4VDdNWfbXJL4npmkc8L3Q9S9H,5724.3,7.28248181677e-07,0.0697,0.027877,23955,6253,20.41,0.00,0,7
2026-10-09 00:07:21,4DOV,offen,ACTII,DYjM6f2R34Qp4jPE73HsdEVZwwcQFCsokpNYCqBUpump,5652.0,2.22635998177e-07,0.0421,0.012633,5918,1059,23.43,0.00,1,2
2026-10-09 00:07:21,4DOV,offen,BANANA,G7JkKqGb69cCWC2XkDXc8LG8qbifTkCKpsAcr6kApump,5535.9,2.87422791024e-08,0.0275,0.005503,610,180,15.89,0.00,0,0
2026-10-09 00:07:21,4DOV,offen,JITI,6YuVyHbjdwxiH1CLCSusP9yjXmsVvQfcTbSSPcFuXDew,4974.9,4.67316167664e-08,0.0396,0.007922,1774,781,17.80,0.00,0,0
2026-10-09 00:07:21,4DOV,offen,QINU,4unydQjvYdqR31pkuBYGu2nGst8r8j5XMW8KXRXtpump,4738.5,3.5015004523e-08,0.0210,0.008411,986,519,12.45,1.06,0,0
2026-10-09 00:07:21,4DOV,offen,NOLLA,CXw5hY3BMi87DTa99ekZgwxuvu7pQ2FUQVecs3SvJLD9,4558.6,2.966244284e-08,0.0265,0.005307,684,316,15.30,0.00,0,0
2026-10-09 00:07:21,4DOV,offen,TRANNIE,BvLqum9qd4TWQ1c9WPmLYMvxxzoXUjsFycVffvjyq16,4477.7,2.54271701627e-08,0.1087,0.021734,377,108,11.98,0.00,0,0
2026-10-09 00:07:21,4DOV,offen,OTC,MukLDtJ8Cx9DxLbeyLRSWPSposTMWuwHANbuaudpump,4025.1,8.31001204088e-05,0.7796,0.017923,505930,20644,25.81,0.00,16,50
2026-10-09 00:07:21,4DOV,offen,TRADE,Euz6EjyubNjJmCkahGEfCXmnCwNVLunxc1LZWsmV3wKf,3048.4,2.99967903243e-08,0.0240,0.009597,706,184,16.73,0.00,0,0
2026-10-09 00:07:21,4DOV,offen,Human,8nPoBHiBM6pybxMws9PA2JRb9BjkppBfqcZGmot4DMBC,1877.2,1.59195997573e-06,0.3744,0.005104,33229,5379,24.18,0.00,1,0
2026-10-09 00:07:21,4DOV,offen,HSM,2856wfnQ27LH23yKeFHJ4XQpQ2bsw4sen8RqyW5Wpump,1734.1,3.75201284092e-08,0.0826,0.033045,1385,542,15.92,0.00,0,1
2026-10-09 00:07:21,4DOV,offen,QPEPE,BwVrWfDgT6UFpJsfH7J8bqtRu8vekE2w1GyEAEuZKa9R,369.4,2.13765148355e-07,0.3990,0.319180,6643,162,27.59,0.00,1,5
2026-10-09 00:07:21,4DOV,offen,OP_CAT,4QV31UeJJyUVWP2f1qgEz8gUPkf6WyPZyAmGdT8UD8Ld,352.1,2.55330632089e-07,0.2088,0.041757,5698,342,23.76,0.00,2,6
2026-10-09 00:07:21,4DOV,offen,pear,6UCR8nmHZGauct3tKfismdYuLFemB6iMtuKEGycq7wCX,339.5,1.01915182002e-07,0.0467,0.012886,5197,1022,24.11,0.00,0,0
2026-10-09 00:07:21,4DOV,offen,INU,AACtroE9u7vTbLWBbMtkPx4bK79YYxBHgb8tfd1Apump,332.8,6.21246456872e-08,0.0445,0.008890,2495,845,25.21,0.00,0,3
2026-10-09 00:07:21,4DOV,offen,Alcebíades,7CWUYu169uBLva1PEjWXG2m12XU5nFe2dR454FmCpump,133.9,3.82183534017e-07,0.1393,0.013930,7580,493,23.49,0.00,9,17
2026-10-09 00:07:21,Cooker,offen,SI,DEW9dSN6QpWyNthphCpMmAbZP1Q4cEKR9xQXAri98WDP,10362.1,0.000250600532677,0.7384,0.443012,1790354,55216,16.95,0.00,22,111
2026-10-09 00:07:21,Cooker,offen,HOOKED,C1mBfBoDkwWfd6uTFZp62ARHLjeVp3bDpCDMfMZtPngE,8908.4,8.66204286022e-05,0.7929,1.678107,1053641,12561,19.30,0.00,17,63
2026-10-09 00:07:21,Gake,offen,CURVE,7ioeSgzfSKHMnpgfPpgRFsekMBGiu9oi6t6GeqYtNbbh,11051.0,1.66045877192e-06,0.4799,0.095985,101570,1103,14.73,0.07,1,0
2026-10-09 00:07:21,Gake,offen,SDOG,yFcTuQJCMsd1Asya15GZ7h4KGdxsujRLcUiTWWXpump,10864.3,3.62842869834e-07,0.0486,0.009724,9444,1530,21.11,0.00,0,7
2026-10-09 00:07:21,Gake,offen,OP,5PiBn5JdjJDnRGziiSfsu2affgBR3DyTTCR3CHpcode,10801.7,2.5687121822e-07,0.0707,0.014148,8351,1380,23.08,0.00,0,0
2026-10-09 00:07:21,Gake,offen,PURPS,purpFPo5voy6fEu8jxSCwVdMs1zyYEYAH6FBQvTYCZK,8519.5,1.67811787193e-06,0.5887,0.117744,24667,2253,31.58,0.00,0,0
2026-10-09 00:07:21,Pikalosi,offen,Miu,7LNFZcNigZay5U9e2sq6n2Z4iM8BC2Dd53L14pwvpump,9026.0,4.93280272965e-07,1.1819,0.236374,14899,799,21.50,0.00,0,0
2026-10-09 00:07:21,Dior,offen,OTC,MukLDtJ8Cx9DxLbeyLRSWPSposTMWuwHANbuaudpump,9351.8,8.31001204088e-05,1.2265,6.727813,505930,20644,25.81,0.00,16,50
2026-10-09 00:07:21,Dior,offen,TripleT,J8PSdNP3QewKq2Z1JJJFDMaqF7KcaiJhR7gbr5KZpump,8480.0,5.90428232395e-05,0.9529,0.381143,348115,24773,18.98,0.00,1,31
2026-10-09 00:07:21,Dior,offen,Kirkslop,8m5hzX9hprtWwPuVZL4daCZfggWYKc6fhSJDDpiqpump,8159.3,6.15938990663e-07,0.9374,0.562464,13555,393,28.14,0.00,0,0
2026-10-09 00:07:21,Dior,offen,COCKROACH,H4KUxsEgCp2yDpFvyDuGM5k6XevSKKrrKUxZ3Zr6nyJc,4998.5,1.03829658537e-05,1.1150,3.122119,90782,3657,19.17,0.00,2,11
2026-10-09 00:07:21,Dior,offen,CAESAR,8cp1WhUDxTbfX8nDe1kAB1ogPUyQvUSKgzFz365LbQyZ,3968.2,2.34683094164e-07,0.1171,0.327981,7711,1385,21.31,0.00,0,3
2026-10-09 00:07:21,Dior,offen,ClapCat,5BjfgmtfqvNpAWx1CnZynoWLWNMnrwHLhTFzQ81vkEc8,2153.4,1.89063270071e-06,0.6916,0.829913,25941,842,26.36,0.00,2,8
2026-10-09 00:07:21,Dior,offen,Gunner,7thxAzq4B9KwPe4NqMNAntF2Njgqb9FTKQb4z6fYpump,860.3,5.79024080393e-07,0.5430,2.714940,10170,1014,19.84,0.00,9,6
2026-10-09 00:07:21,Dior,offen,OpiumBird,HmCxqpgxaQng3A73F7vLgJjc9sr6ACFt8CEJwWY2hMGR,668.8,2.62629507103e-06,1.0245,0.409817,33843,2413,30.70,0.00,0,2
2026-10-09 00:07:21,Dior,offen,vamp,H72pex1VtfY2M7v2Tfk9D9PgvCocRuFN3owCveERSa4s,100.9,3.96598484471e-06,7.5539,2.265465,45415,1261,20.29,0.00,217,563
2026-10-09 00:07:21,3zsr,offen,Sapijiju,8Fs2YLsayR4awLB79nMM3QCpG3pqvcAGP7hHb8fX4L2G,8850.9,1.1006586597e-07,1.0270,0.205403,3494,367,25.65,0.00,0,0
2026-10-09 00:07:21,3zsr,offen,EZRA,4qTqqkexQCEP2m8UrDWXACHpA8bEkGxpNJrDPMNcfHKQ,4187.7,3.57385680023e-08,1.0819,0.216375,3889,6,7.67,0.00,0,0
2026-10-09 00:07:21,3zsr,offen,ELONMUSK,5QmEgE9rK3aB1SDi7mK7rXPt2QHe7FRT69zbb2X2iSip,4187.5,3.46093406895e-08,1.0091,0.201815,3775,5,12.21,0.00,0,0
2026-10-09 00:07:21,3zsr,offen,HIGCAT,52sQ5kFhaTD6NsfN4oKreHZAwxrxgUo129ZCG3EBsVhv,4187.2,3.38423009536e-08,0.9549,0.190975,3726,6,6.49,0.00,0,0
2026-10-09 00:07:21,3zsr,offen,GIA,4FuWREkDYG1chHxHfgmUv3AN1iLPUi42Er6UboWUJKwU,4186.9,3.34989642936e-08,0.9386,0.187715,3669,8,7.03,0.00,0,0
2026-10-09 00:07:21,3zsr,offen,Sworddog,2QLpYwa5tzMjGBZWCmu9WHEPTNPH65w7xeFHSU1Hpump,3614.6,3.7649469421e-08,0.9503,0.190065,3846,16,15.41,0.00,0,0
2026-10-09 00:07:21,3zsr,offen,TRUMP,AYLh1Bgthdgego4EBAJQZtzXiQ6b1EbrPWES5V1vjhzV,3499.3,3.18590460154e-08,0.5138,0.051384,665,82,17.07,0.00,0,0
2026-10-09 00:07:21,3zsr,offen,RUGRUN,2VFjLcouktUNWRsZVkdiJ57nmRZR8HTJjKzDkZ3mbN8f,3472.0,3.51552587903e-08,1.0263,0.205252,3866,5,6.69,0.00,0,0
2026-10-09 00:07:21,3zsr,offen,HOUS,4pZQCY4HLpeYyJJ48yu7Z49B4G1Z7B1ZH3YdvVfNqKGn,3471.8,3.75619883498e-08,0.9113,0.182262,3758,14,15.47,0.00,0,0
2026-10-09 00:07:21,3zsr,offen,OWL,vEtdEEWyX8SS5ZrRZjtT3WzV8bdLS13t5Uvg7YLpump,579.4,3.28391382527e-08,0.9742,0.194833,3519,16,9.17,0.00,0,0
2026-10-09 00:07:21,3zsr,offen,BCAT,6rtt3rgrgRYbgWDkMGLZmNjjMAkyTquqVZTkhYzn6xdB,553.9,3.34489195465e-08,0.9547,0.283673,3591,8,9.00,0.00,0,0
2026-10-09 00:07:21,3zsr,offen,PQCINU,26UJpU6dCjGJQjaUodSB8V7bzYjdTWZrDyN8jtXfL8Vf,545.3,3.15572876903e-08,0.9178,0.183561,3398,6,8.70,0.00,0,0
2026-10-09 00:07:21,3zsr,offen,PDOG,Dj9fsUKStiepdQdXzBLcHr59FnR58pAyc6XnXi4eZrCr,535.0,3.25660242031e-08,0.8684,0.173675,3519,5,8.35,0.00,0,0
2026-10-09 00:07:21,3zsr,offen,SKATE,Wwn74emwczd4bWNp4j1EnQCt299pedr1uEacqsgwerk,519.6,4.0464958084e-08,0.9523,0.190455,3949,48,14.87,0.00,0,0
2026-10-09 00:07:21,3zsr,offen,STREETCRAFT,5y4eGSBuc43Z3g9mDrPa8Z7w9VMdRYEWK3zfPRpRuhwi,517.9,2.55119535665e-08,0.8903,0.178055,423,109,9.76,0.00,0,0
2026-10-09 00:07:21,3zsr,offen,QCAT,5Q8D4128ZqRiXb8ivCKMVtWaLpC23cssosiTNQVeGgQM,513.1,3.72896104706e-08,0.7381,0.147625,3735,17,14.71,0.00,0,0
2026-10-09 00:07:21,3zsr,offen,trump,2zM3QpEjbE6RYf8ZeNzdaTTAZJJQzJxV6PWDPBKRNH2n,510.3,3.36809110985e-08,0.8092,0.161838,3586,8,9.81,0.00,0,0
2026-10-09 00:07:21,3zsr,offen,fallout,7gAJBUhr3RPxGRkQQhphUvi4668dBjwpuQ22TwqPnt2h,473.5,3.49957936436e-08,0.9564,0.191276,3628,7,12.37,0.00,0,0
2026-10-09 00:07:21,3zsr,offen,QEPE,BrMHuM7uRbmygmhJMPXQEJxUuJr3xJWqgFoFngvgZHdc,410.9,3.15412667819e-08,0.8935,0.178701,3447,7,7.24,0.00,0,0
2026-10-09 00:07:21,3zsr,offen,Quantum,81cKqDPK7xEGQWvfqBT3mJTvPL7dF5QFcjmWt4uxugEq,389.6,4.22619900438e-08,0.8855,0.177099,4053,32,16.70,0.00,0,0
2026-10-09 00:07:21,3zsr,offen,QUBIT,4Wsk4ezKTweuuMgetUBC3PzcoM9TzB8cky1c68vApR96,386.3,5.34983000911e-08,0.7192,0.143843,4430,24,25.52,0.00,0,0
2026-10-09 00:07:21,3zsr,offen,SKATE3,BZDShqTtTL5EAk38RYSrFUfYM1YBZT4zqRajQz1Wpump,349.9,8.19043359159e-08,1.1059,0.221175,5609,104,19.80,0.00,1,7
2026-10-09 00:07:21,3zsr,offen,Bunker,3WzaZwVmjr3JMWKknJtnEn3R4kaX9pVkwQJmC9fxpump,319.0,7.15658379452e-08,0.8749,0.174977,6234,1060,11.09,0.00,0,0
2026-10-09 00:07:21,3zsr,offen,KOTH,3RRGi7ZcodyqNRNDJEySgCuteuE9AV5MsYjXiZLQpCJH,300.7,6.32253747998e-08,0.9115,0.182290,1771,146,20.71,0.00,0,0
2026-10-09 00:07:21,3zsr,offen,Tiktok,kmNXT7yTqLbNKwYmCHf8A1gAhLB6XgTmiRDv9Udpump,249.6,3.19024983854e-08,0.7849,0.156973,631,63,21.33,0.00,0,0
2026-10-09 00:07:21,C7bF,offen,SPSI,ERvSTRZsoEdM79d9Ajb2KMSnM1uPgamW3BoNgj21teCa,1831.4,3.77786367906e-08,1.0142,0.202833,299,4,10.89,0.00,0,0
2026-10-09 00:07:21,C7bF,offen,KMS,D1sm1V3pHGTv32ugeXoer4a91xqfuh4jJBYQwePSKVez,515.0,3.55005303419e-07,0.1165,0.023304,8761,895,24.56,0.00,1,2
2026-10-09 00:07:21,C7bF,offen,MASSIMO,H6XiYttyMFsKXj6BJzYZMEjhUz6EwymaX4ug35G6pump,274.2,5.82927317709e-08,0.1642,0.032839,1572,144,19.10,0.00,0,1
2026-10-09 00:07:21,77n6,offen,DIP,7KWJEZ9gUA839LqaSj2wgEhsTLCxghfsqFdimrDC98WY,436.8,1.14440868153e-07,0.5004,0.300263,3114,216,23.46,0.00,3,2
2026-10-09 00:07:21,G7b2,offen,SXSI,DQysBW79uHzZAWd2ahVQrf89CuSFqVzuNA3ijHbjVJfG,5641.4,1.78967211096e-06,0.7150,1.143939,24539,1162,28.76,0.00,1,3
2026-10-09 00:07:21,G7b2,offen,SI,DEW9dSN6QpWyNthphCpMmAbZP1Q4cEKR9xQXAri98WDP,5602.2,0.000250600532677,1.1316,3.912337,1790354,55216,16.95,0.00,22,111
2026-10-09 00:07:21,499R,offen,bracat,FZ9BqVmfANPMMD6DogBmkn9uXBPqivNhr1Gu1awGgprS,5.6,8.29184080378e-07,0.9452,0.378098,16781,562,21.91,0.00,17,30
2026-10-09 00:07:21,7Cn1,offen,si.gov,7CTRbkV1tVuq1f59pRxT1Pb2W5AHG4gM9FMH4rGzKiXv,4822.7,3.30357950567e-06,1.2114,0.923657,35408,2199,13.68,0.00,3,13
2026-10-09 00:07:21,7Cn1,offen,CRAWL,BXoHJddsWJLHtAopeiSbKUSELsu8hSFMs8baGMDkpump,1570.4,4.11775642669e-05,1.3170,0.592668,459629,9844,15.77,0.00,6,41
2026-10-09 00:07:21,Croco-AC7K,offen,CLAUDIA,2j5SaS7xy776qCBpyPQbZjyQSAtKiFgrwjfErthnW2ZM,1146.0,3.78501885374e-06,0.7432,0.297281,50431,2499,19.70,0.00,5,16
2026-10-09 00:07:21,HoneyBadger-6kfX,offen,phubber,CBcjQNdtgb4SHwKDqKFxD3yPSk7pEMpKHQiMmZrgpump,2987.0,3.53725882535e-06,0.8981,1.796188,43084,2859,21.02,0.00,2,5
2026-10-09 00:07:21,HoneyBadger-6kfX,offen,pup,7HE2WmPoYE7uaA7DKh25N5cUwEcUoiyjwZU9ZeaQpump,2433.3,7.64252354739e-08,0.7463,0.298515,2427,317,24.29,0.00,0,0
2026-10-09 00:07:21,8K7Z,offen,RARI,EFn88CiiFHhihqdr1Y11XBDxbbYarBf1ij92DsrigYwR,2644.7,1.16671964407e-05,0.8812,0.909948,140002,3468,21.13,0.00,10,16
2026-10-09 00:07:21,FKJE,offen,HOOKED,C1mBfBoDkwWfd6uTFZp62ARHLjeVp3bDpCDMfMZtPngE,3408.8,8.66204286022e-05,1.4905,0.456615,1053641,12561,19.30,0.00,17,63
2026-10-09 00:07:21,FKJE,offen,Cartridge,ArenDYANqFNkp8ZqAXt69vT5Dz7WD4zDfSpVw6oPpump,1356.4,1.38863325756e-06,1.3865,0.554590,22674,862,24.43,0.85,1,2
2026-10-09 00:07:21,FKJE,offen,BORDR,6Mix12LiHrQFojaQEnfPUC65Qkwd6X4Y5Qg93oFbordr,595.9,1.14422952428e-05,1.4428,0.577130,120822,3233,14.46,0.00,13,59
2026-10-09 00:07:21,2z7o,offen,WII,Betne2zJWDB3wZufUXhWdaBWFqiMZYiZ6fSxeTwzpump,35.8,1.62044729498e-07,1.1548,0.230966,7881,99,20.33,0.00,2,1
2026-10-09 00:07:21,2z7o,offen,TAVE,7yKXbKZFXRj8imN2jdt4PXrncZkdbPaT7kYLEMMypump,29.3,8.28742779335e-08,1.4411,0.288212,5645,49,26.20,0.12,26,7
2026-10-09 00:07:21,2z7o,offen,Garlic,GK8nbwNuowbZX5d5NRhJ2rRpvazvLZ78GuCXoYUHpump,17.4,6.18647275357e-08,1.0079,0.201585,4874,35,25.59,0.00,0,0
2026-10-09 00:07:21,2z7o,offen,WIB,DoeNS1wjYMLrDvXnD7Je3JvvHrzCVRu8o9USh2zDpump,0.4,1.98327012939e-07,0.9907,0.198148,8743,88,26.90,0.56,35,62
2026-10-09 00:07:21,54QZ,offen,GOBLIN,E2itWssNNRVYSTd7U6Q7y5XVRVJM4eAxG7TGSv5epump,2010.4,3.00118538834e-07,0.7706,0.711715,9261,551,23.45,0.00,0,1
2026-10-09 00:07:21,54QZ,offen,GODS,8nV3xKVvhX7KVnoxVN93ahcvFSecrWovturHggMHruQn,704.7,4.88909407238e-07,1.0342,0.317041,9540,541,24.82,0.00,2,1
2026-10-09 00:07:21,54QZ,offen,MARVIN,7HjUj6sghEh964xp1cxf7uUovSsSsuQVdt9jheH3ruqb,421.9,8.49317296975e-08,0.9774,0.195486,4342,52,28.22,0.00,0,0
2026-10-09 00:07:21,DWRA,offen,ZCASH,5n7LRhpGcZQ4Xas2WoxwEiES315cV27bEaZubELrKZ49,109.9,4.61942430347e-08,0.0865,0.034616,3096,26,33.26,0.00,0,0
2026-10-09 00:07:21,CCBV,offen,ZCASH,5n7LRhpGcZQ4Xas2WoxwEiES315cV27bEaZubELrKZ49,110.1,4.61942430347e-08,0.0878,0.035131,3096,26,33.26,0.00,0,0
2026-10-09 00:07:21,Loopierr,schatten,CatCollector,5AgD5tmarU5kgbqHqCgDEMcAHAQAm8muV67xkKs9urps,9478.3,3.51988241803e-08,0.1046,0.020917,129,32,2.94,0.00,0,0
2026-10-09 00:07:21,Loopierr,schatten,SGI,36yTNhb9rfogt4mWxFiTnBeeT9bNXrVdKymAJ3jbvTzM,9327.4,3.19454328001e-08,0.2001,0.040024,3679,6,0.36,0.00,0,0
2026-10-09 00:07:21,6ANG,schatten,ANTHROPIG,25DeVAVF86uAd2wcFewp7F1s6gjZei88Mj4xBzg3AP94,10039.5,1.30310397852e-07,0.5314,0.106282,5356,67,31.18,0.00,0,0
2026-10-09 00:07:21,HEBO,schatten,SI,4qCW74oX82oTeypDzFYYYZ6eJ6yPQVFeX196YpHszJFY,6160.6,2.30962769119e-08,0.4581,0.091627,2303,53,10.81,0.00,0,0
2026-10-09 00:07:21,HEBO,schatten,INCOME,E7mRvAbgZdA6dF7cgXZevkbjd9Yfy5q11XEFnWZfpump,5889.3,5.528811776e-08,0.8830,0.176594,2010,1258,13.27,0.00,0,0
2026-10-09 00:07:21,HEBO,schatten,GPH,BtmRMRazMTY2KqpbZkdFGrGJSm8rwLG744DV8Webpump,4850.9,3.47074822133e-08,0.4919,0.098372,916,56,21.37,0.00,0,0
2026-10-09 00:07:21,HEBO,schatten,pup,7HE2WmPoYE7uaA7DKh25N5cUwEcUoiyjwZU9ZeaQpump,4850.4,7.64252354739e-08,0.7003,0.140060,2427,317,24.29,0.00,0,0
2026-10-09 00:07:21,HEBO,schatten,ACTII,41QF43mQKs1Qm51xK7uQWjxRA9oZ6S5mBVYveR4wLfzx,1977.8,3.44987977104e-08,0.5776,0.115525,791,52,20.38,0.00,0,0
2026-10-09 00:07:21,HEBO,schatten,TITS,DPVNMLe7zXsrg8Y9rMyPmxBG31qqo3v9FyWChbKQpump,1975.7,6.78659250311e-08,1.4333,0.229325,1928,34,27.67,0.00,0,0
2026-10-09 00:07:21,HEBO,schatten,TITS,C21p56TNF1Ec8BmyMkmLnwX56G3TzgYvzqMMVUPL7Fcm,1972.9,2.67429504846e-08,0.6828,0.136556,486,109,13.79,0.00,0,0
2026-10-09 00:07:21,HEBO,schatten,DICK,CN2hyxJgVbcnTC7jDhXuoJhZYA8aZ82LYwjM6MbU1Sen,731.5,2.575555997e-08,0.1653,0.033067,415,55,7.59,0.00,0,0
2026-10-09 00:07:21,HEBO,schatten,b,GQhGVgVSEreBxFi6p68M5sEKn2KirzZMDfoj6BpbVnoY,726.3,7.46993264034e-08,0.1453,0.029057,2103,72,19.55,0.00,0,0
2026-10-09 00:07:21,Troupe,schatten,CLAUSE,EWKyN7QHfJo41ikKqpo8R5gwEvryytKo9Vf7NF39U1GC,4536.1,1.95636190667e-08,0.0566,0.011317,2085,24,2.31,0.00,0,0
2026-10-09 00:07:21,4DOV,schatten,TRADE,Euz6EjyubNjJmCkahGEfCXmnCwNVLunxc1LZWsmV3wKf,3048.2,2.99967903243e-08,0.0223,0.004470,706,184,16.73,0.00,0,0
2026-10-09 00:07:21,4DOV,schatten,pear,6UCR8nmHZGauct3tKfismdYuLFemB6iMtuKEGycq7wCX,338.7,1.01915182002e-07,0.0293,0.002925,5197,1022,24.11,0.00,0,0
2026-10-09 00:07:21,Cooker,schatten,X7,CdhZy8wrRxNxoV8HtoByXKN7mvS46avtuZ1b39tKfx7,10141.3,2.54203198343e-06,0.2511,0.050227,47853,1743,21.04,0.00,5,9
2026-10-09 00:07:21,Cooker,schatten,9e9,HZ4qZQJ7yf6WR1D24GLRLJ3cKUfgtJEF3B7SdLMLvCPZ,8871.9,3.28443641266e-08,0.0382,0.015268,918,251,12.98,0.00,0,0
2026-10-09 00:07:21,Gake,schatten,MINEPAD,2EUKLvNQ63YCmjSDyJ14Tzj7ASeHGXgseYWrKAa2mine,11020.9,6.79443745296e-07,0.4006,0.068102,15033,681,21.77,0.00,0,0
2026-10-09 00:07:21,Gake,schatten,TERRA,JD3d8mxEJ91LHZSuwVLquFAKdo5PbEeLCUevjjDsPdRe,9738.4,8.67225103736e-08,0.0638,0.012752,2502,112,29.80,0.00,1,0
2026-10-09 00:07:21,Gake,schatten,SHITCOIN,4BxBot4K36N3ZZkpB9sqEocy5iBi8cUttK6s8YbHH9Jo,8230.6,5.98154612266e-08,0.0636,0.012716,1735,105,37.14,0.00,0,0
2026-10-09 00:07:21,Gake,schatten,FROGE,6R1F4sNySF4NKGdhW3UhESWuYYRu4Cehk5rn3mGP375R,8219.8,4.91441489432e-08,0.0463,0.009260,1584,333,24.02,0.00,0,0
2026-10-09 00:07:21,Gake,schatten,GENESIS,CSEd3Pi5WZL7w5vmwNjDVXv8poAqSv2Dn1as1erUpump,5573.8,6.59783674296e-08,0.0136,0.002729,2369,766,17.87,0.10,0,0
2026-10-09 00:07:21,Gake,schatten,OATH,2RSsw9tntE1RmoiPnNFiu93EzQu2eLnCAzvZiqMSoatH,5557.7,1.07436674061e-06,0.9641,0.192816,15058,378,26.08,0.00,1,2
2026-10-09 00:07:21,Gake,schatten,IMAGINE,EpFTb2XcGiMyGLykZ9VYmyPWz2AHEwAggqSbwJpypump,5185.6,2.55484347027e-06,0.9560,0.191194,26915,785,37.75,9.37,0,0
2026-10-09 00:07:21,Dior,schatten,CAESAR,8cp1WhUDxTbfX8nDe1kAB1ogPUyQvUSKgzFz365LbQyZ,3990.1,2.34683094164e-07,0.1016,0.020325,7711,1385,21.31,0.00,0,3
2026-10-09 00:07:21,Dior,schatten,ClapCat,5BjfgmtfqvNpAWx1CnZynoWLWNMnrwHLhTFzQ81vkEc8,2161.2,1.89063270071e-06,0.5389,0.107780,25941,842,26.36,0.00,2,8
2026-10-09 00:07:21,Dior,schatten,Gunner,7thxAzq4B9KwPe4NqMNAntF2Njgqb9FTKQb4z6fYpump,863.8,5.79024080393e-07,0.6050,0.120994,10170,1014,19.84,0.00,9,6
2026-10-09 00:07:21,Dior,schatten,vamp,H72pex1VtfY2M7v2Tfk9D9PgvCocRuFN3owCveERSa4s,106.2,3.96598484471e-06,6.3507,0.952314,45415,1261,20.29,0.00,217,563
2026-10-09 00:07:21,C7bF,schatten,Pao,3K2vx7ww6dNcHViJStztSJvTQZWaMkYrYnTop5178iR2,357.4,5.87083394422e-08,0.9527,0.190537,1617,93,31.05,2.56,0,0
2026-10-09 00:07:21,koko,schatten,MAJOR,7AUzu756Pp3Cg3NByuKfcRSAFFt31kjC6U6R1npkiA1Q,7390.4,1.63893674841e-07,3.5879,0.717580,4171,159,30.33,0.00,0,0
2026-10-09 00:07:21,77n6,schatten,DIP,7KWJEZ9gUA839LqaSj2wgEhsTLCxghfsqFdimrDC98WY,442.9,1.14440868153e-07,0.2519,0.050373,3114,216,23.46,0.00,3,2
2026-10-09 00:07:21,499R,schatten,COIN,J7bhFegCHZAeRzdYDwmbSp1CJ1bDJkutSg26B4SXpump,16.7,3.67815650799e-06,0.9925,0.396980,60764,2843,20.66,0.00,272,867
2026-10-09 00:07:21,DWRA,schatten,ZCASH,5n7LRhpGcZQ4Xas2WoxwEiES315cV27bEaZubELrKZ49,110.2,4.61942430347e-08,0.0952,0.019048,3096,26,33.26,0.00,0,0
2026-10-09 00:07:21,CCBV,schatten,ZCASH,5n7LRhpGcZQ4Xas2WoxwEiES315cV27bEaZubELrKZ49,110.2,4.61942430347e-08,0.0952,0.019043,3096,26,33.26,0.00,0,0
